OrderID,OrderDate,CustomerID,ProductID,EmployeeID,Quantity,Discount,PaymentMethod,OrderStatus
O000540,2024-01-01,C0214,P0036,E039,1,0.0,UPI,Delivered
O002362,2024-01-01,C0242,P0162,E017,1,0.05,Debit Card,Delivered
O006993,2024-01-01,C0586,P0137,E034,1,0.0,Credit Card,Delivered
O007363,2024-01-01,C0985,P0170,E033,2,0.1,Credit Card,Delivered
O008034,2024-01-01,C0233,P0070,E015,2,0.0,Cash on Delivery,Delivered
O008351,2024-01-01,C0664,P0172,E037,5,0.0,Cash on Delivery,Delivered
O008531,2024-01-01,C0222,P0127,E001,2,0.0,UPI,Delivered
O008629,2024-01-01,C0634,P0087,E035,2,0.05,Net Banking,Delivered
O008690,2024-01-01,C0285,P0029,E035,4,0.05,UPI,Delivered
O008736,2024-01-01,C0361,P0168,E025,3,0.0,Credit Card,Delivered
O009655,2024-01-01,C0664,P0200,E038,3,0.1,UPI,Delivered
O002318,2024-01-02,C0309,P0161,E048,6,0.0,Credit Card,Delivered
O003775,2024-01-02,C0490,P0069,E009,1,0.02,Credit Card,Delivered
O004370,2024-01-02,C0013,P0155,E043,8,0.05,Net Banking,Delivered
O005468,2024-01-02,C0558,P0082,E017,3,0.2,UPI,Delivered
O006977,2024-01-02,C0606,P0094,E004,6,0.05,Credit Card,Shipped
O007730,2024-01-02,C0328,P0037,E009,8,0.0,Credit Card,Delivered
O008402,2024-01-02,C0064,P0117,E035,1,0.2,Credit Card,Cancelled
O000515,2024-01-03,C0168,P0167,E029,3,0.05,UPI,Delivered
O001106,2024-01-03,C0110,P0014,E010,3,0.1,Credit Card,Delivered
O001546,2024-01-03,C0754,P0052,E034,5,0.0,Credit Card,Delivered
O002259,2024-01-03,C0165,P0036,E037,10,0.0,Cash on Delivery,Delivered
O002309,2024-01-03,C0428,P0105,E016,2,0.02,UPI,Delivered
O003572,2024-01-03,C0540,P0050,E023,3,0.0,Net Banking,Delivered
O003991,2024-01-03,C0419,P0145,E013,2,0.1,Credit Card,Delivered
O004330,2024-01-03,C0873,P0035,E020,1,0.2,Debit Card,Delivered
O004898,2024-01-03,C0285,P0007,E016,2,0.05,Debit Card,Shipped
O006218,2024-01-03,C0285,P0183,E045,1,0.2,UPI,Delivered
O008623,2024-01-03,C0907,P0144,E014,1,0.0,Credit Card,Delivered
O008726,2024-01-03,C0174,P0051,E046,1,0.0,Debit Card,Delivered
O008952,2024-01-03,C0997,P0114,E041,1,0.02,Net Banking,Delivered
O009185,2024-01-03,C0250,P0122,E003,4,0.0,Net Banking,Cancelled
O009737,2024-01-03,C0267,P0053,E020,5,0.0,UPI,Delivered
O000618,2024-01-04,C0895,P0076,E031,5,0.02,UPI,Shipped
O001474,2024-01-04,C0246,P0171,E036,2,0.1,UPI,Delivered
O003232,2024-01-04,C0190,P0081,E038,2,0.05,UPI,Delivered
O003793,2024-01-04,C0344,P0085,E046,3,0.05,Debit Card,Delivered
O003832,2024-01-04,C0768,P0115,E045,4,0.05,Credit Card,Cancelled
O005091,2024-01-04,C0570,P0164,E018,2,0.1,UPI,Delivered
O005287,2024-01-04,C0119,P0111,E006,1,0.05,Debit Card,Delivered
O005730,2024-01-04,C0044,P0088,E046,2,0.0,Cash on Delivery,Delivered
O005797,2024-01-04,C0261,P0150,E019,2,0.0,Debit Card,Delivered
O006391,2024-01-04,C0064,P0090,E041,3,0.02,Credit Card,Delivered
O006984,2024-01-04,C0914,P0009,E042,2,0.0,Cash on Delivery,Delivered
O008111,2024-01-04,C0552,P0073,E044,4,0.0,Net Banking,Delivered
O008784,2024-01-04,C0312,P0020,E010,3,0.02,Debit Card,Delivered
O009162,2024-01-04,C0694,P0135,E032,4,0.2,Net Banking,Delivered
O009695,2024-01-04,C0153,P0065,E012,1,0.0,Net Banking,Delivered
O009741,2024-01-04,C0683,P0048,E047,2,0.0,Net Banking,Delivered
O001269,2024-01-05,C0479,P0171,E022,8,0.1,Credit Card,Delivered
O002278,2024-01-05,C0261,P0181,E042,10,0.1,Debit Card,Delivered
O003797,2024-01-05,C0214,P0116,E024,5,0.0,Net Banking,Shipped
O004158,2024-01-05,C0869,P0150,E016,1,0.0,Cash on Delivery,Delivered
O005566,2024-01-05,C0837,P0183,E005,4,0.05,Cash on Delivery,Delivered
O007769,2024-01-05,C0626,P0171,E040,10,0.05,Net Banking,Delivered
O008202,2024-01-05,C0262,P0189,E021,5,0.0,Net Banking,Delivered
O000384,2024-01-06,C0856,P0055,E009,1,0.02,Credit Card,Delivered
O000556,2024-01-06,C0108,P0174,E047,3,0.05,Cash on Delivery,Delivered
O000623,2024-01-06,C0486,P0033,E019,1,0.05,Credit Card,Delivered
O002326,2024-01-06,C0912,P0023,E049,4,0.1,Credit Card,Delivered
O002652,2024-01-06,C0315,P0193,E022,10,0.0,Credit Card,Shipped
O002706,2024-01-06,C0873,P0121,E022,4,0.05,Credit Card,Delivered
O005300,2024-01-06,C0380,P0106,E035,4,0.05,Debit Card,Delivered
O005927,2024-01-06,C0048,P0195,E040,1,0.05,Debit Card,Delivered
O006203,2024-01-06,C0997,P0069,E048,1,0.2,UPI,Delivered
O006730,2024-01-06,C0329,P0133,E037,3,0.05,Cash on Delivery,Delivered
O006747,2024-01-06,C0945,P0080,E025,6,0.0,Cash on Delivery,Returned
O007672,2024-01-06,C0801,P0177,E027,1,0.05,Debit Card,Delivered
O007707,2024-01-06,C0494,P0013,E008,2,0.15,Credit Card,Delivered
O007936,2024-01-06,C0486,P0032,E023,2,0.05,Credit Card,Delivered
O008085,2024-01-06,C0255,P0002,E035,6,0.05,Credit Card,Delivered
O009881,2024-01-06,C0801,P0068,E038,1,0.0,UPI,Delivered
O001251,2024-01-07,C0170,P0065,E040,1,0.0,Debit Card,Delivered
O002544,2024-01-07,C0131,P0151,E027,2,0.05,UPI,Delivered
O003400,2024-01-07,C0740,P0183,E020,1,0.0,UPI,Cancelled
O006146,2024-01-07,C0873,P0111,E027,4,0.05,Credit Card,Cancelled
O006781,2024-01-07,C0689,P0015,E019,2,0.15,Credit Card,Delivered
O009701,2024-01-07,C0547,P0096,E015,2,0.05,Debit Card,Delivered
O001788,2024-01-08,C0291,P0143,E002,2,0.02,Net Banking,Delivered
O002795,2024-01-08,C0753,P0059,E025,3,0.0,Debit Card,Delivered
O003721,2024-01-08,C0282,P0077,E015,2,0.05,Credit Card,Delivered
O004771,2024-01-08,C0773,P0140,E006,2,0.1,UPI,Delivered
O005162,2024-01-08,C0517,P0033,E044,6,0.05,UPI,Shipped
O005384,2024-01-08,C0911,P0118,E013,3,0.05,UPI,Delivered
O006625,2024-01-08,C0719,P0169,E038,1,0.0,Net Banking,Delivered
O007679,2024-01-08,C0501,P0046,E038,1,0.15,UPI,Cancelled
O007740,2024-01-08,C0866,P0004,E045,2,0.0,Net Banking,Delivered
O008582,2024-01-08,C0977,P0035,E019,3,0.05,Credit Card,Cancelled
O008594,2024-01-08,C0170,P0125,E001,4,0.05,UPI,Delivered
O008968,2024-01-08,C0411,P0049,E003,1,0.02,Debit Card,Delivered
O009539,2024-01-08,C0052,P0022,E025,2,0.05,Debit Card,Delivered
O000144,2024-01-09,C0609,P0050,E042,8,0.0,Debit Card,Cancelled
O000639,2024-01-09,C0610,P0086,E002,4,0.0,Credit Card,Delivered
O001197,2024-01-09,C0540,P0011,E038,1,0.0,Credit Card,Cancelled
O003450,2024-01-09,C0914,P0180,E008,1,0.05,Net Banking,Delivered
O004454,2024-01-09,C0997,P0056,E044,4,0.0,Net Banking,Shipped
O004888,2024-01-09,C0594,P0096,E016,3,0.05,UPI,Delivered
O005185,2024-01-09,C0984,P0196,E010,2,0.1,Net Banking,Delivered
O005459,2024-01-09,C0567,P0040,E001,2,0.02,Cash on Delivery,Cancelled
O005782,2024-01-09,C0693,P0055,E034,1,0.1,Credit Card,Cancelled
O006310,2024-01-09,C0883,P0104,E030,3,0.15,UPI,Delivered
O007972,2024-01-09,C0474,P0106,E047,1,0.05,Credit Card,Delivered
O008457,2024-01-09,C0684,P0173,E018,3,0.0,Net Banking,Delivered
O008722,2024-01-09,C0082,P0117,E012,1,0.02,Debit Card,Delivered
O009599,2024-01-09,C0551,P0194,E038,2,0.0,Net Banking,Delivered
O000326,2024-01-10,C0075,P0192,E048,5,0.0,UPI,Delivered
O000931,2024-01-10,C0533,P0112,E046,4,0.0,Credit Card,Delivered
O001323,2024-01-10,C0169,P0158,E010,2,0.05,Debit Card,Delivered
O001520,2024-01-10,C0473,P0131,E040,3,0.05,Cash on Delivery,Delivered
O002500,2024-01-10,C0283,P0087,E026,8,0.05,Debit Card,Delivered
O003170,2024-01-10,C0019,P0019,E045,1,0.05,UPI,Delivered
O003235,2024-01-10,C0552,P0106,E033,3,0.0,UPI,Delivered
O003933,2024-01-10,C0931,P0098,E043,8,0.02,UPI,Returned
O004819,2024-01-10,C0405,P0033,E046,2,0.05,Cash on Delivery,Delivered
O005331,2024-01-10,C0999,P0057,E040,2,0.2,Net Banking,Cancelled
O006721,2024-01-10,C0913,P0176,E033,8,0.02,Net Banking,Shipped
O007439,2024-01-10,C0583,P0106,E006,8,0.2,Net Banking,Delivered
O007534,2024-01-10,C0997,P0096,E012,5,0.02,Credit Card,Delivered
O008086,2024-01-10,C0800,P0127,E011,3,0.05,Cash on Delivery,Delivered
O008232,2024-01-10,C0468,P0056,E028,3,0.1,UPI,Delivered
O008530,2024-01-10,C0296,P0039,E001,2,0.0,UPI,Delivered
O001641,2024-01-11,C0308,P0100,E034,1,0.05,Debit Card,Delivered
O004411,2024-01-11,C0679,P0023,E049,3,0.1,Credit Card,Delivered
O005577,2024-01-11,C0268,P0157,E006,1,0.1,UPI,Delivered
O005686,2024-01-11,C0952,P0062,E005,3,0.15,UPI,Delivered
O006803,2024-01-11,C0232,P0186,E048,2,0.0,UPI,Delivered
O007097,2024-01-11,C0816,P0147,E048,5,0.05,Credit Card,Delivered
O008175,2024-01-11,C0315,P0151,E031,2,0.1,UPI,Delivered
O008554,2024-01-11,C0583,P0144,E037,1,0.15,UPI,Delivered
O009711,2024-01-11,C0112,P0092,E027,6,0.2,Cash on Delivery,Delivered
O009989,2024-01-11,C0202,P0186,E041,1,0.02,Net Banking,Delivered
O001292,2024-01-12,C0953,P0088,E012,1,0.0,Debit Card,Delivered
O001550,2024-01-12,C0404,P0191,E046,8,0.02,UPI,Delivered
O002424,2024-01-12,C0134,P0189,E039,3,0.05,Cash on Delivery,Delivered
O004195,2024-01-12,C0899,P0077,E027,2,0.05,Debit Card,Delivered
O004491,2024-01-12,C0378,P0017,E025,4,0.0,UPI,Delivered
O004955,2024-01-12,C0108,P0175,E005,2,0.15,UPI,Delivered
O004999,2024-01-12,C0907,P0121,E034,1,0.0,Net Banking,Delivered
O005293,2024-01-12,C0329,P0116,E034,3,0.0,UPI,Delivered
O006015,2024-01-12,C0884,P0015,E045,3,0.0,Net Banking,Delivered
O006523,2024-01-12,C0606,P0148,E041,1,0.0,Net Banking,Delivered
O008264,2024-01-12,C0640,P0077,E016,1,0.02,Debit Card,Delivered
O009245,2024-01-12,C0077,P0196,E012,2,0.0,Net Banking,Delivered
O000259,2024-01-13,C0015,P0004,E032,1,0.1,Credit Card,Delivered
O000446,2024-01-13,C0372,P0178,E050,3,0.1,Net Banking,Delivered
O001331,2024-01-13,C0786,P0155,E030,1,0.0,UPI,Delivered
O001357,2024-01-13,C0548,P0191,E022,4,0.15,UPI,Delivered
O003112,2024-01-13,C0636,P0192,E030,5,0.05,UPI,Delivered
O003449,2024-01-13,C0484,P0003,E008,1,0.0,UPI,Delivered
O005599,2024-01-13,C0848,P0088,E043,5,0.0,UPI,Shipped
O006471,2024-01-13,C0471,P0040,E030,2,0.0,Debit Card,Delivered
O006910,2024-01-13,C0621,P0096,E033,1,0.0,Net Banking,Delivered
O007080,2024-01-13,C0557,P0106,E001,6,0.05,Credit Card,Delivered
O007473,2024-01-13,C0926,P0152,E041,2,0.0,UPI,Shipped
O007999,2024-01-13,C0337,P0176,E006,6,0.0,Cash on Delivery,Returned
O000222,2024-01-14,C0329,P0021,E026,2,0.05,Credit Card,Delivered
O001275,2024-01-14,C0408,P0154,E033,1,0.02,Credit Card,Shipped
O001459,2024-01-14,C0864,P0150,E014,1,0.0,Credit Card,Delivered
O001547,2024-01-14,C0958,P0034,E019,2,0.0,Cash on Delivery,Delivered
O001774,2024-01-14,C0654,P0116,E026,2,0.0,Net Banking,Delivered
O002096,2024-01-14,C0028,P0092,E034,2,0.1,Credit Card,Delivered
O003084,2024-01-14,C0589,P0035,E032,2,0.1,Credit Card,Delivered
O004248,2024-01-14,C0201,P0127,E043,1,0.0,UPI,Shipped
O005580,2024-01-14,C0025,P0159,E043,8,0.1,UPI,Shipped
O005823,2024-01-14,C0474,P0040,E013,3,0.05,Debit Card,Delivered
O006755,2024-01-14,C0181,P0037,E037,2,0.15,Credit Card,Delivered
O007555,2024-01-14,C0501,P0039,E017,5,0.05,Debit Card,Delivered
O008414,2024-01-14,C0084,P0102,E042,8,0.1,Net Banking,Delivered
O001593,2024-01-15,C0333,P0151,E020,4,0.0,Cash on Delivery,Delivered
O001954,2024-01-15,C0491,P0024,E022,2,0.05,Net Banking,Delivered
O002439,2024-01-15,C0540,P0100,E047,1,0.15,Debit Card,Delivered
O005143,2024-01-15,C0992,P0042,E047,2,0.05,Cash on Delivery,Delivered
O005859,2024-01-15,C0459,P0029,E017,1,0.15,UPI,Returned
O006165,2024-01-15,C0206,P0004,E027,1,0.2,Credit Card,Delivered
O006389,2024-01-15,C0159,P0022,E005,2,0.0,Net Banking,Delivered
O006737,2024-01-15,C0402,P0059,E042,4,0.02,Debit Card,Delivered
O006991,2024-01-15,C0101,P0114,E050,5,0.1,Credit Card,Delivered
O008230,2024-01-15,C0596,P0017,E034,4,0.0,Net Banking,Delivered
O008382,2024-01-15,C0913,P0037,E038,1,0.0,UPI,Delivered
O008601,2024-01-15,C0424,P0165,E018,3,0.05,UPI,Delivered
O009060,2024-01-15,C0014,P0165,E044,3,0.1,Net Banking,Delivered
O009935,2024-01-15,C0383,P0073,E008,1,0.0,Credit Card,Delivered
O001539,2024-01-16,C0519,P0038,E012,1,0.02,Net Banking,Delivered
O001802,2024-01-16,C0971,P0157,E024,3,0.0,Credit Card,Delivered
O003289,2024-01-16,C0350,P0005,E050,3,0.05,Credit Card,Delivered
O003511,2024-01-16,C0533,P0042,E028,4,0.15,UPI,Delivered
O004361,2024-01-16,C0953,P0036,E014,3,0.0,Net Banking,Delivered
O004565,2024-01-16,C0622,P0184,E009,5,0.05,Net Banking,Delivered
O005961,2024-01-16,C0066,P0089,E018,1,0.05,UPI,Delivered
O006046,2024-01-16,C0749,P0194,E012,1,0.0,Debit Card,Delivered
O009109,2024-01-16,C0336,P0155,E009,2,0.0,UPI,Delivered
O009226,2024-01-16,C0133,P0033,E004,6,0.0,Credit Card,Delivered
O001122,2024-01-17,C0853,P0060,E047,2,0.05,UPI,Delivered
O001502,2024-01-17,C0384,P0003,E005,1,0.05,Cash on Delivery,Delivered
O002993,2024-01-17,C0733,P0147,E050,3,0.2,UPI,Delivered
O003017,2024-01-17,C0960,P0189,E015,2,0.0,Credit Card,Delivered
O004034,2024-01-17,C0764,P0007,E024,2,0.0,Net Banking,Delivered
O006176,2024-01-17,C0288,P0046,E010,1,0.05,Credit Card,Delivered
O007327,2024-01-17,C0680,P0081,E040,4,0.0,Cash on Delivery,Delivered
O007894,2024-01-17,C0591,P0167,E020,3,0.05,Credit Card,Delivered
O008727,2024-01-17,C0311,P0176,E003,5,0.15,Debit Card,Delivered
O009138,2024-01-17,C0489,P0119,E015,1,0.0,Net Banking,Delivered
O009318,2024-01-17,C0062,P0092,E006,3,0.05,Credit Card,Delivered
O009738,2024-01-17,C0339,P0127,E031,1,0.0,Debit Card,Cancelled
O001191,2024-01-18,C0679,P0018,E043,1,0.1,Credit Card,Delivered
O003458,2024-01-18,C0078,P0007,E037,2,0.0,Cash on Delivery,Delivered
O004117,2024-01-18,C0200,P0019,E017,4,0.0,UPI,Delivered
O005302,2024-01-18,C0504,P0161,E017,2,0.2,Debit Card,Delivered
O005369,2024-01-18,C0446,P0093,E019,6,0.2,Cash on Delivery,Shipped
O005981,2024-01-18,C0753,P0049,E021,1,0.0,UPI,Delivered
O005991,2024-01-18,C0462,P0196,E015,1,0.1,Cash on Delivery,Delivered
O006851,2024-01-18,C0503,P0130,E024,1,0.0,Debit Card,Delivered
O008197,2024-01-18,C0023,P0092,E031,1,0.05,Cash on Delivery,Delivered
O008541,2024-01-18,C0044,P0014,E037,4,0.1,Cash on Delivery,Delivered
O008986,2024-01-18,C0470,P0180,E047,1,0.0,UPI,Delivered
O002173,2024-01-19,C0664,P0021,E049,1,0.05,Credit Card,Delivered
O002383,2024-01-19,C0360,P0090,E029,3,0.0,UPI,Delivered
O003276,2024-01-19,C0648,P0114,E025,5,0.02,UPI,Delivered
O003340,2024-01-19,C0061,P0173,E042,2,0.0,Net Banking,Delivered
O005262,2024-01-19,C0764,P0128,E049,5,0.1,Cash on Delivery,Delivered
O007246,2024-01-19,C0941,P0160,E028,8,0.05,Credit Card,Delivered
O009044,2024-01-19,C0020,P0035,E015,1,0.05,Cash on Delivery,Delivered
O009346,2024-01-19,C0998,P0183,E022,1,0.02,UPI,Delivered
O009753,2024-01-19,C0931,P0009,E014,6,0.05,UPI,Delivered
O000057,2024-01-20,C0809,P0023,E017,4,0.05,Credit Card,Delivered
O000173,2024-01-20,C0088,P0105,E013,2,0.05,Debit Card,Delivered
O000368,2024-01-20,C0527,P0007,E015,2,0.05,UPI,Delivered
O001278,2024-01-20,C0156,P0133,E026,1,0.0,Credit Card,Delivered
O001909,2024-01-20,C0967,P0006,E015,2,0.0,Net Banking,Delivered
O002629,2024-01-20,C0557,P0160,E044,5,0.05,Debit Card,Delivered
O002846,2024-01-20,C0761,P0137,E016,3,0.0,Debit Card,Delivered
O003113,2024-01-20,C0856,P0113,E002,2,0.02,Credit Card,Delivered
O003883,2024-01-20,C0846,P0106,E027,1,0.05,Debit Card,Delivered
O004311,2024-01-20,C0853,P0170,E016,3,0.2,UPI,Delivered
O005763,2024-01-20,C0856,P0167,E003,5,0.0,Credit Card,Delivered
O006405,2024-01-20,C0278,P0148,E025,3,0.02,UPI,Delivered
O007412,2024-01-20,C0399,P0120,E047,5,0.02,UPI,Delivered
O007609,2024-01-20,C0368,P0072,E043,5,0.0,Debit Card,Delivered
O007808,2024-01-20,C0960,P0150,E002,1,0.05,UPI,Delivered
O007825,2024-01-20,C0090,P0078,E010,4,0.15,Net Banking,Cancelled
O000673,2024-01-21,C0609,P0052,E044,8,0.0,Credit Card,Delivered
O001097,2024-01-21,C0421,P0083,E017,5,0.0,UPI,Delivered
O001743,2024-01-21,C0508,P0051,E023,2,0.05,UPI,Delivered
O002640,2024-01-21,C0325,P0076,E037,4,0.0,Cash on Delivery,Delivered
O003280,2024-01-21,C0201,P0022,E012,4,0.2,Debit Card,Delivered
O003487,2024-01-21,C0369,P0022,E008,3,0.05,Net Banking,Delivered
O004702,2024-01-21,C0790,P0133,E050,2,0.0,Debit Card,Delivered
O004757,2024-01-21,C0838,P0005,E046,1,0.0,Cash on Delivery,Delivered
O005192,2024-01-21,C0884,P0121,E020,4,0.0,Credit Card,Delivered
O005233,2024-01-21,C0318,P0108,E030,1,0.1,UPI,Delivered
O007055,2024-01-21,C0214,P0075,E049,8,0.0,Debit Card,Delivered
O008079,2024-01-21,C0268,P0043,E005,1,0.02,Net Banking,Delivered
O008293,2024-01-21,C0405,P0109,E047,5,0.02,Credit Card,Delivered
O008325,2024-01-21,C0446,P0196,E016,1,0.05,UPI,Shipped
O008827,2024-01-21,C0956,P0033,E002,3,0.05,Debit Card,Delivered
O009066,2024-01-21,C0384,P0027,E035,6,0.15,UPI,Delivered
O000497,2024-01-22,C0606,P0049,E021,1,0.1,UPI,Delivered
O000661,2024-01-22,C0626,P0182,E049,1,0.0,Net Banking,Returned
O000783,2024-01-22,C0596,P0008,E010,3,0.05,Debit Card,Delivered
O001152,2024-01-22,C0759,P0142,E034,6,0.02,Credit Card,Delivered
O002828,2024-01-22,C0278,P0042,E011,1,0.0,UPI,Delivered
O003265,2024-01-22,C0957,P0085,E007,1,0.1,UPI,Delivered
O004998,2024-01-22,C0339,P0059,E045,5,0.05,Credit Card,Shipped
O005454,2024-01-22,C0738,P0032,E018,2,0.0,Credit Card,Delivered
O005481,2024-01-22,C0591,P0014,E003,2,0.05,Credit Card,Delivered
O006050,2024-01-22,C0968,P0168,E022,2,0.05,Credit Card,Delivered
O006358,2024-01-22,C0334,P0173,E032,4,0.0,Credit Card,Delivered
O007000,2024-01-22,C0527,P0120,E024,1,0.0,UPI,Delivered
O007443,2024-01-22,C0016,P0189,E041,5,0.0,Credit Card,Delivered
O008113,2024-01-22,C0285,P0140,E016,8,0.1,Debit Card,Delivered
O008404,2024-01-22,C0189,P0081,E041,3,0.05,UPI,Delivered
O009124,2024-01-22,C0426,P0155,E026,2,0.15,Net Banking,Cancelled
O000006,2024-01-23,C0745,P0068,E015,2,0.0,Debit Card,Cancelled
O000437,2024-01-23,C0957,P0063,E026,2,0.0,UPI,Delivered
O001582,2024-01-23,C0737,P0193,E048,3,0.0,Credit Card,Delivered
O001833,2024-01-23,C0327,P0041,E020,3,0.05,Debit Card,Delivered
O002937,2024-01-23,C0068,P0094,E030,4,0.1,Cash on Delivery,Delivered
O003300,2024-01-23,C0870,P0083,E041,2,0.1,Debit Card,Delivered
O003413,2024-01-23,C0665,P0113,E011,6,0.05,Cash on Delivery,Delivered
O003670,2024-01-23,C0342,P0043,E028,1,0.0,UPI,Delivered
O004383,2024-01-23,C0931,P0189,E008,2,0.1,Debit Card,Delivered
O005019,2024-01-23,C0285,P0013,E045,10,0.0,Credit Card,Delivered
O005914,2024-01-23,C0890,P0123,E043,4,0.15,UPI,Delivered
O006029,2024-01-23,C0838,P0044,E010,5,0.0,Cash on Delivery,Delivered
O006967,2024-01-23,C0921,P0100,E024,1,0.02,Debit Card,Delivered
O007572,2024-01-23,C0825,P0070,E049,4,0.1,Cash on Delivery,Delivered
O007774,2024-01-23,C0542,P0190,E003,2,0.15,Debit Card,Delivered
O009913,2024-01-23,C0542,P0040,E039,3,0.15,UPI,Delivered
O001691,2024-01-24,C0885,P0195,E046,1,0.02,UPI,Shipped
O001939,2024-01-24,C0639,P0159,E043,5,0.02,Cash on Delivery,Cancelled
O002011,2024-01-24,C0314,P0185,E018,1,0.02,UPI,Delivered
O002935,2024-01-24,C0976,P0126,E020,3,0.0,Debit Card,Cancelled
O005164,2024-01-24,C0001,P0084,E015,2,0.02,Debit Card,Delivered
O005915,2024-01-24,C0611,P0028,E045,2,0.05,Debit Card,Delivered
O006068,2024-01-24,C0051,P0011,E009,3,0.0,Cash on Delivery,Delivered
O006470,2024-01-24,C0840,P0026,E050,1,0.2,Net Banking,Delivered
O006646,2024-01-24,C0920,P0046,E048,2,0.02,Credit Card,Delivered
O007224,2024-01-24,C0394,P0079,E050,5,0.05,Net Banking,Delivered
O007969,2024-01-24,C0192,P0096,E025,2,0.05,Net Banking,Delivered
O000848,2024-01-25,C0262,P0116,E010,2,0.05,Credit Card,Delivered
O001356,2024-01-25,C0737,P0051,E030,8,0.15,Debit Card,Delivered
O001596,2024-01-25,C0901,P0128,E008,8,0.05,Credit Card,Delivered
O002054,2024-01-25,C0726,P0076,E015,1,0.0,Cash on Delivery,Cancelled
O002569,2024-01-25,C0012,P0108,E048,3,0.0,UPI,Delivered
O003473,2024-01-25,C0200,P0128,E038,1,0.1,Credit Card,Returned
O003733,2024-01-25,C0594,P0014,E039,5,0.0,Cash on Delivery,Delivered
O004308,2024-01-25,C0317,P0119,E013,6,0.0,Credit Card,Delivered
O004512,2024-01-25,C0908,P0173,E027,2,0.05,Debit Card,Delivered
O005248,2024-01-25,C0960,P0012,E041,2,0.1,Debit Card,Delivered
O006570,2024-01-25,C0210,P0119,E038,2,0.1,UPI,Delivered
O009037,2024-01-25,C0969,P0060,E047,8,0.2,Net Banking,Delivered
O000090,2024-01-26,C0180,P0031,E018,3,0.1,Net Banking,Delivered
O000104,2024-01-26,C0758,P0200,E050,1,0.02,Credit Card,Delivered
O001673,2024-01-26,C0028,P0042,E044,3,0.0,UPI,Delivered
O002252,2024-01-26,C0900,P0075,E027,1,0.1,Debit Card,Delivered
O002336,2024-01-26,C0442,P0034,E002,3,0.2,UPI,Delivered
O002338,2024-01-26,C0856,P0014,E022,8,0.0,UPI,Delivered
O002754,2024-01-26,C0578,P0165,E004,2,0.15,Credit Card,Cancelled
O005339,2024-01-26,C0659,P0057,E036,10,0.0,UPI,Delivered
O005732,2024-01-26,C0869,P0135,E043,5,0.0,Cash on Delivery,Delivered
O006477,2024-01-26,C0951,P0130,E034,3,0.0,Net Banking,Delivered
O006709,2024-01-26,C0248,P0143,E047,2,0.2,Cash on Delivery,Delivered
O007025,2024-01-26,C0461,P0048,E030,4,0.0,UPI,Delivered
O007389,2024-01-26,C0222,P0109,E048,3,0.1,Debit Card,Delivered
O007934,2024-01-26,C0001,P0061,E002,10,0.15,Credit Card,Delivered
O008922,2024-01-26,C0852,P0194,E029,8,0.0,UPI,Cancelled
O000410,2024-01-27,C0006,P0058,E009,2,0.02,Net Banking,Shipped
O000447,2024-01-27,C0020,P0169,E017,1,0.15,Net Banking,Delivered
O000840,2024-01-27,C0016,P0001,E050,6,0.05,Cash on Delivery,Delivered
O001805,2024-01-27,C0934,P0065,E014,1,0.15,UPI,Delivered
O003456,2024-01-27,C0676,P0033,E040,2,0.02,Cash on Delivery,Shipped
O003816,2024-01-27,C0135,P0008,E030,1,0.02,UPI,Delivered
O004441,2024-01-27,C0716,P0191,E047,3,0.05,Credit Card,Delivered
O004789,2024-01-27,C0954,P0055,E046,8,0.0,Net Banking,Delivered
O007664,2024-01-27,C0557,P0026,E005,6,0.02,UPI,Delivered
O009786,2024-01-27,C0727,P0099,E026,4,0.0,Debit Card,Delivered
O001751,2024-01-28,C0934,P0108,E006,4,0.0,Cash on Delivery,Delivered
O002605,2024-01-28,C0342,P0110,E008,2,0.05,Credit Card,Delivered
O004064,2024-01-28,C0915,P0102,E045,3,0.1,Credit Card,Delivered
O006565,2024-01-28,C0361,P0191,E030,2,0.0,UPI,Delivered
O006710,2024-01-28,C0036,P0132,E041,3,0.05,Credit Card,Delivered
O006786,2024-01-28,C0846,P0054,E016,5,0.0,Cash on Delivery,Delivered
O007407,2024-01-28,C0754,P0147,E029,2,0.2,UPI,Delivered
O007595,2024-01-28,C0620,P0158,E020,1,0.02,UPI,Delivered
O007745,2024-01-28,C0283,P0011,E037,3,0.1,UPI,Delivered
O008995,2024-01-28,C0372,P0083,E026,2,0.05,UPI,Delivered
O009777,2024-01-28,C0787,P0142,E015,1,0.05,UPI,Delivered
O000024,2024-01-29,C0335,P0186,E043,2,0.05,Credit Card,Delivered
O002789,2024-01-29,C0522,P0169,E050,1,0.0,Debit Card,Cancelled
O002913,2024-01-29,C0880,P0152,E047,2,0.05,Cash on Delivery,Cancelled
O002977,2024-01-29,C0538,P0055,E032,1,0.0,Debit Card,Delivered
O003920,2024-01-29,C0960,P0074,E025,1,0.0,Cash on Delivery,Delivered
O004943,2024-01-29,C0113,P0120,E050,2,0.1,Cash on Delivery,Delivered
O006308,2024-01-29,C0548,P0016,E027,3,0.0,Credit Card,Delivered
O006355,2024-01-29,C0290,P0062,E017,3,0.02,Credit Card,Delivered
O006458,2024-01-29,C0247,P0158,E033,2,0.05,Cash on Delivery,Delivered
O007029,2024-01-29,C0224,P0169,E014,5,0.1,Debit Card,Shipped
O009636,2024-01-29,C0345,P0189,E049,1,0.0,Credit Card,Delivered
O009878,2024-01-29,C0576,P0057,E025,2,0.0,UPI,Cancelled
O000718,2024-01-30,C0761,P0167,E035,2,0.0,Cash on Delivery,Cancelled
O001443,2024-01-30,C0497,P0199,E026,4,0.0,Credit Card,Delivered
O001475,2024-01-30,C0671,P0043,E002,1,0.1,Credit Card,Delivered
O003319,2024-01-30,C0935,P0015,E012,3,0.15,UPI,Cancelled
O003582,2024-01-30,C0054,P0098,E045,1,0.15,Debit Card,Delivered
O003682,2024-01-30,C0223,P0088,E019,2,0.0,Credit Card,Delivered
O003709,2024-01-30,C0038,P0161,E044,1,0.0,Credit Card,Delivered
O004926,2024-01-30,C0637,P0143,E015,2,0.05,UPI,Delivered
O006254,2024-01-30,C0466,P0190,E020,1,0.0,Debit Card,Delivered
O006583,2024-01-30,C0189,P0185,E017,3,0.0,UPI,Delivered
O007346,2024-01-30,C0850,P0033,E015,3,0.2,Net Banking,Delivered
O009408,2024-01-30,C0765,P0075,E006,1,0.0,Cash on Delivery,Delivered
O000722,2024-01-31,C0523,P0196,E046,1,0.0,UPI,Cancelled
O002211,2024-01-31,C0371,P0065,E024,5,0.15,Cash on Delivery,Returned
O002895,2024-01-31,C0067,P0087,E011,3,0.05,UPI,Delivered
O004783,2024-01-31,C0939,P0066,E036,4,0.0,Credit Card,Delivered
O005678,2024-01-31,C0200,P0021,E022,5,0.0,Cash on Delivery,Delivered
O006278,2024-01-31,C0523,P0177,E023,3,0.02,Net Banking,Delivered
O006320,2024-01-31,C0281,P0151,E027,3,0.1,UPI,Delivered
O007541,2024-01-31,C0335,P0199,E041,8,0.15,Debit Card,Delivered
O000464,2024-02-01,C0129,P0041,E028,1,0.1,Net Banking,Delivered
O001948,2024-02-01,C0366,P0021,E019,1,0.1,Debit Card,Delivered
O004042,2024-02-01,C0648,P0200,E033,3,0.1,Credit Card,Delivered
O006418,2024-02-01,C0372,P0081,E032,2,0.02,Credit Card,Delivered
O008156,2024-02-01,C0791,P0070,E003,1,0.1,Credit Card,Delivered
O009842,2024-02-01,C0249,P0056,E022,3,0.0,UPI,Delivered
O000479,2024-02-02,C0773,P0053,E044,1,0.1,Credit Card,Delivered
O001377,2024-02-02,C0657,P0022,E041,1,0.0,Cash on Delivery,Delivered
O001754,2024-02-02,C0160,P0088,E022,3,0.0,Cash on Delivery,Returned
O002339,2024-02-02,C0509,P0049,E039,3,0.05,UPI,Delivered
O003078,2024-02-02,C0603,P0020,E012,3,0.1,UPI,Delivered
O004207,2024-02-02,C0722,P0082,E049,3,0.0,Credit Card,Delivered
O004413,2024-02-02,C0779,P0144,E046,1,0.0,Cash on Delivery,Shipped
O004668,2024-02-02,C0841,P0139,E029,3,0.05,Credit Card,Delivered
O005221,2024-02-02,C0978,P0118,E039,5,0.15,Credit Card,Delivered
O005515,2024-02-02,C0976,P0160,E004,1,0.0,Credit Card,Delivered
O006483,2024-02-02,C0196,P0110,E024,1,0.0,Credit Card,Delivered
O006569,2024-02-02,C0946,P0039,E037,3,0.02,Cash on Delivery,Delivered
O007144,2024-02-02,C0403,P0120,E042,6,0.05,Cash on Delivery,Delivered
O008301,2024-02-02,C0232,P0028,E011,2,0.1,Credit Card,Shipped
O009685,2024-02-02,C0273,P0062,E019,3,0.1,UPI,Returned
O009746,2024-02-02,C0366,P0181,E041,1,0.1,UPI,Returned
O000850,2024-02-03,C0956,P0187,E002,2,0.05,Credit Card,Delivered
O000919,2024-02-03,C0533,P0152,E031,4,0.15,Debit Card,Delivered
O001394,2024-02-03,C0230,P0102,E016,1,0.15,Credit Card,Delivered
O002491,2024-02-03,C0114,P0059,E029,8,0.05,Debit Card,Delivered
O003345,2024-02-03,C0745,P0142,E031,5,0.0,Credit Card,Delivered
O003501,2024-02-03,C0300,P0081,E035,6,0.0,Credit Card,Delivered
O003505,2024-02-03,C0626,P0137,E032,2,0.0,UPI,Delivered
O003779,2024-02-03,C0451,P0138,E013,1,0.0,Credit Card,Delivered
O005653,2024-02-03,C0108,P0174,E027,10,0.15,UPI,Delivered
O005688,2024-02-03,C0964,P0164,E018,1,0.05,Credit Card,Cancelled
O005718,2024-02-03,C0689,P0200,E019,4,0.05,Debit Card,Delivered
O006561,2024-02-03,C0042,P0118,E009,1,0.1,Net Banking,Delivered
O007031,2024-02-03,C0899,P0132,E005,2,0.05,Net Banking,Delivered
O007886,2024-02-03,C0686,P0197,E023,10,0.02,Net Banking,Delivered
O008192,2024-02-03,C0853,P0164,E006,1,0.05,UPI,Delivered
O008399,2024-02-03,C0953,P0013,E020,3,0.0,Debit Card,Delivered
O009192,2024-02-03,C0177,P0122,E037,3,0.15,Debit Card,Delivered
O009764,2024-02-03,C0325,P0075,E025,2,0.15,Net Banking,Delivered
O000662,2024-02-04,C0063,P0199,E005,2,0.05,Cash on Delivery,Cancelled
O001658,2024-02-04,C0171,P0190,E042,2,0.1,UPI,Delivered
O002944,2024-02-04,C0372,P0199,E009,3,0.0,Cash on Delivery,Delivered
O003002,2024-02-04,C0849,P0042,E010,4,0.0,Credit Card,Delivered
O003434,2024-02-04,C0280,P0189,E039,10,0.05,UPI,Delivered
O004053,2024-02-04,C0750,P0197,E020,3,0.0,Debit Card,Delivered
O004433,2024-02-04,C0603,P0013,E028,2,0.0,Credit Card,Delivered
O004507,2024-02-04,C0873,P0051,E018,6,0.0,Cash on Delivery,Returned
O004942,2024-02-04,C0967,P0053,E010,1,0.15,UPI,Delivered
O006080,2024-02-04,C0095,P0120,E043,1,0.05,Debit Card,Delivered
O006660,2024-02-04,C0731,P0084,E031,5,0.1,Credit Card,Delivered
O007215,2024-02-04,C0458,P0176,E037,4,0.02,Net Banking,Returned
O008000,2024-02-04,C0591,P0084,E032,4,0.0,Net Banking,Delivered
O008308,2024-02-04,C0050,P0116,E040,10,0.0,Cash on Delivery,Shipped
O008494,2024-02-04,C0583,P0165,E044,5,0.05,UPI,Shipped
O000190,2024-02-05,C0147,P0156,E027,2,0.0,Net Banking,Cancelled
O000786,2024-02-05,C0869,P0195,E041,1,0.05,Credit Card,Delivered
O000838,2024-02-05,C0113,P0184,E024,2,0.05,Credit Card,Cancelled
O002671,2024-02-05,C0543,P0191,E042,2,0.05,UPI,Delivered
O004799,2024-02-05,C0994,P0125,E028,1,0.05,Cash on Delivery,Cancelled
O005353,2024-02-05,C0827,P0041,E029,1,0.1,Credit Card,Delivered
O005364,2024-02-05,C0954,P0055,E038,1,0.0,Credit Card,Delivered
O005617,2024-02-05,C0746,P0094,E018,2,0.0,Credit Card,Delivered
O005643,2024-02-05,C0600,P0105,E042,2,0.1,Credit Card,Delivered
O005777,2024-02-05,C0724,P0062,E036,3,0.05,UPI,Delivered
O006305,2024-02-05,C0625,P0113,E050,3,0.0,UPI,Delivered
O007069,2024-02-05,C0378,P0145,E044,2,0.0,Credit Card,Delivered
O007355,2024-02-05,C0214,P0039,E006,3,0.0,UPI,Delivered
O007824,2024-02-05,C0559,P0114,E012,3,0.0,Credit Card,Delivered
O008733,2024-02-05,C0303,P0147,E020,5,0.0,Debit Card,Delivered
O008798,2024-02-05,C0647,P0066,E040,1,0.1,Debit Card,Delivered
O000412,2024-02-06,C0434,P0032,E015,1,0.15,Cash on Delivery,Delivered
O000559,2024-02-06,C0099,P0102,E036,2,0.0,Cash on Delivery,Delivered
O001729,2024-02-06,C0480,P0180,E012,5,0.05,Debit Card,Cancelled
O001841,2024-02-06,C0716,P0036,E024,1,0.05,Debit Card,Delivered
O003226,2024-02-06,C0726,P0087,E006,2,0.1,Net Banking,Delivered
O003481,2024-02-06,C0216,P0121,E026,3,0.0,Net Banking,Delivered
O004024,2024-02-06,C0637,P0019,E034,2,0.15,Cash on Delivery,Delivered
O004057,2024-02-06,C0468,P0192,E005,3,0.02,UPI,Delivered
O004303,2024-02-06,C0900,P0092,E025,2,0.0,UPI,Delivered
O005716,2024-02-06,C0994,P0048,E042,3,0.1,UPI,Shipped
O006047,2024-02-06,C0322,P0043,E045,1,0.05,Cash on Delivery,Returned
O007039,2024-02-06,C0429,P0041,E044,8,0.1,Credit Card,Delivered
O007391,2024-02-06,C0999,P0043,E020,1,0.0,UPI,Returned
O007791,2024-02-06,C0690,P0072,E034,1,0.05,Debit Card,Delivered
O007917,2024-02-06,C0764,P0171,E035,2,0.0,Credit Card,Cancelled
O008078,2024-02-06,C0285,P0157,E050,2,0.0,Credit Card,Delivered
O008713,2024-02-06,C0589,P0078,E007,2,0.0,UPI,Delivered
O008801,2024-02-06,C0648,P0108,E031,2,0.15,Debit Card,Delivered
O008977,2024-02-06,C0358,P0065,E005,6,0.0,Credit Card,Returned
O009321,2024-02-06,C0665,P0169,E016,5,0.0,Debit Card,Delivered
O009927,2024-02-06,C0103,P0168,E004,1,0.2,Net Banking,Delivered
O001667,2024-02-07,C0538,P0148,E039,6,0.05,Credit Card,Delivered
O002409,2024-02-07,C0602,P0163,E050,1,0.0,UPI,Delivered
O003253,2024-02-07,C0637,P0061,E020,8,0.15,Debit Card,Delivered
O005740,2024-02-07,C0248,P0104,E014,3,0.02,UPI,Delivered
O006289,2024-02-07,C0637,P0180,E038,3,0.05,UPI,Delivered
O001312,2024-02-08,C0551,P0100,E032,4,0.02,Net Banking,Delivered
O002716,2024-02-08,C0634,P0050,E026,4,0.1,Debit Card,Delivered
O003608,2024-02-08,C0340,P0190,E026,6,0.2,Credit Card,Delivered
O004009,2024-02-08,C0883,P0173,E035,2,0.1,Credit Card,Delivered
O004551,2024-02-08,C0283,P0081,E032,2,0.0,UPI,Shipped
O008148,2024-02-08,C0620,P0177,E028,3,0.1,Net Banking,Delivered
O000072,2024-02-09,C0569,P0025,E018,10,0.0,Credit Card,Delivered
O000925,2024-02-09,C0110,P0106,E025,1,0.0,Net Banking,Delivered
O001229,2024-02-09,C0551,P0121,E033,5,0.05,Net Banking,Delivered
O009569,2024-02-09,C0880,P0052,E035,5,0.0,Credit Card,Delivered
O009964,2024-02-09,C0268,P0024,E013,3,0.05,Debit Card,Delivered
O000010,2024-02-10,C0092,P0080,E027,5,0.05,Credit Card,Delivered
O000274,2024-02-10,C0869,P0088,E003,8,0.15,Debit Card,Delivered
O000517,2024-02-10,C0463,P0059,E037,1,0.0,UPI,Delivered
O000616,2024-02-10,C0664,P0052,E008,2,0.15,UPI,Delivered
O001397,2024-02-10,C0672,P0158,E040,1,0.0,Net Banking,Delivered
O001651,2024-02-10,C0555,P0039,E026,2,0.02,Cash on Delivery,Delivered
O002036,2024-02-10,C0738,P0152,E043,5,0.0,UPI,Cancelled
O002263,2024-02-10,C0019,P0192,E001,5,0.1,UPI,Delivered
O003703,2024-02-10,C0374,P0028,E036,1,0.0,Net Banking,Delivered
O004044,2024-02-10,C0802,P0062,E015,4,0.05,UPI,Delivered
O004240,2024-02-10,C0418,P0152,E024,2,0.0,Debit Card,Delivered
O006563,2024-02-10,C0258,P0017,E019,1,0.0,Credit Card,Delivered
O008989,2024-02-10,C0158,P0038,E028,2,0.02,Net Banking,Delivered
O009801,2024-02-10,C0386,P0049,E027,3,0.0,Credit Card,Delivered
O000690,2024-02-11,C0725,P0071,E036,3,0.1,Debit Card,Delivered
O001346,2024-02-11,C0384,P0148,E024,2,0.0,Credit Card,Delivered
O001822,2024-02-11,C0125,P0182,E018,2,0.1,Credit Card,Shipped
O003043,2024-02-11,C0936,P0098,E042,3,0.02,UPI,Returned
O003999,2024-02-11,C0665,P0162,E019,6,0.1,Net Banking,Delivered
O004177,2024-02-11,C0322,P0024,E013,2,0.0,UPI,Delivered
O004576,2024-02-11,C0567,P0023,E042,4,0.0,UPI,Returned
O004823,2024-02-11,C0106,P0065,E025,1,0.02,Cash on Delivery,Delivered
O005484,2024-02-11,C0905,P0031,E045,1,0.0,UPI,Delivered
O006380,2024-02-11,C0325,P0004,E048,2,0.02,Credit Card,Delivered
O008042,2024-02-11,C0566,P0083,E035,3,0.05,Credit Card,Delivered
O008326,2024-02-11,C0493,P0052,E043,2,0.1,Debit Card,Delivered
O008606,2024-02-11,C0679,P0105,E039,2,0.0,UPI,Delivered
O009829,2024-02-11,C0724,P0039,E032,3,0.05,Credit Card,Delivered
O000208,2024-02-12,C0365,P0024,E041,3,0.1,Cash on Delivery,Returned
O001252,2024-02-12,C0462,P0005,E038,1,0.2,UPI,Delivered
O002512,2024-02-12,C0079,P0199,E049,1,0.02,UPI,Delivered
O003368,2024-02-12,C0748,P0079,E039,1,0.1,Cash on Delivery,Delivered
O003681,2024-02-12,C0752,P0066,E020,1,0.02,Credit Card,Delivered
O003732,2024-02-12,C0634,P0082,E029,6,0.1,Debit Card,Delivered
O004375,2024-02-12,C0527,P0165,E039,2,0.0,Debit Card,Delivered
O004490,2024-02-12,C0936,P0068,E025,3,0.0,UPI,Delivered
O004895,2024-02-12,C0239,P0048,E034,8,0.15,UPI,Delivered
O006655,2024-02-12,C0835,P0026,E025,8,0.05,Debit Card,Delivered
O006852,2024-02-12,C0513,P0055,E009,5,0.1,Cash on Delivery,Delivered
O007888,2024-02-12,C0873,P0177,E037,2,0.15,Cash on Delivery,Cancelled
O008670,2024-02-12,C0311,P0035,E003,1,0.05,Debit Card,Delivered
O008739,2024-02-12,C0748,P0084,E005,2,0.0,Credit Card,Delivered
O009531,2024-02-12,C0142,P0092,E048,4,0.0,Net Banking,Delivered
O009961,2024-02-12,C0611,P0005,E027,8,0.15,UPI,Delivered
O000160,2024-02-13,C0135,P0015,E050,1,0.0,Credit Card,Delivered
O001316,2024-02-13,C0902,P0141,E034,1,0.15,Credit Card,Cancelled
O002135,2024-02-13,C0610,P0091,E013,2,0.0,Debit Card,Delivered
O002171,2024-02-13,C0576,P0039,E034,6,0.0,Net Banking,Delivered
O003811,2024-02-13,C0243,P0112,E015,1,0.1,Net Banking,Returned
O003897,2024-02-13,C0019,P0170,E015,3,0.02,Credit Card,Delivered
O004019,2024-02-13,C0058,P0026,E035,1,0.0,Credit Card,Delivered
O004685,2024-02-13,C0851,P0029,E021,3,0.1,UPI,Delivered
O006621,2024-02-13,C0606,P0024,E045,1,0.0,Cash on Delivery,Returned
O006856,2024-02-13,C0007,P0195,E019,2,0.05,Debit Card,Delivered
O007952,2024-02-13,C0984,P0176,E016,4,0.0,Net Banking,Delivered
O008580,2024-02-13,C0784,P0064,E022,3,0.1,Cash on Delivery,Delivered
O008858,2024-02-13,C0214,P0149,E004,2,0.0,Net Banking,Delivered
O000244,2024-02-14,C0571,P0036,E039,2,0.1,Credit Card,Delivered
O000747,2024-02-14,C0499,P0045,E026,1,0.05,Debit Card,Delivered
O002715,2024-02-14,C0664,P0155,E019,4,0.2,Net Banking,Delivered
O002942,2024-02-14,C0001,P0135,E047,2,0.1,Debit Card,Delivered
O003333,2024-02-14,C0716,P0115,E036,1,0.0,Credit Card,Delivered
O005235,2024-02-14,C0737,P0133,E023,2,0.05,Debit Card,Delivered
O006961,2024-02-14,C0766,P0178,E031,5,0.05,Net Banking,Delivered
O006964,2024-02-14,C0069,P0017,E024,2,0.0,Debit Card,Delivered
O008794,2024-02-14,C0551,P0152,E009,6,0.05,Credit Card,Delivered
O009198,2024-02-14,C0557,P0024,E007,5,0.1,Net Banking,Cancelled
O000363,2024-02-15,C0832,P0026,E011,2,0.02,UPI,Delivered
O000681,2024-02-15,C0867,P0035,E048,3,0.0,UPI,Delivered
O003190,2024-02-15,C0013,P0146,E007,1,0.1,UPI,Delivered
O005953,2024-02-15,C0199,P0082,E022,6,0.0,UPI,Delivered
O006055,2024-02-15,C0081,P0138,E002,3,0.1,Debit Card,Delivered
O006074,2024-02-15,C0989,P0045,E008,4,0.0,UPI,Delivered
O007601,2024-02-15,C0673,P0038,E013,1,0.02,Credit Card,Cancelled
O007616,2024-02-15,C0514,P0072,E011,2,0.0,Credit Card,Delivered
O007747,2024-02-15,C0190,P0119,E028,6,0.15,Debit Card,Delivered
O007902,2024-02-15,C0405,P0019,E005,1,0.0,Net Banking,Returned
O002159,2024-02-16,C0556,P0123,E044,10,0.0,Net Banking,Delivered
O002812,2024-02-16,C0847,P0049,E025,2,0.15,UPI,Delivered
O003558,2024-02-16,C0551,P0128,E008,1,0.1,Net Banking,Delivered
O004055,2024-02-16,C0438,P0170,E033,1,0.0,Net Banking,Delivered
O005297,2024-02-16,C0444,P0148,E042,1,0.0,UPI,Delivered
O005552,2024-02-16,C0243,P0043,E047,2,0.1,UPI,Delivered
O006611,2024-02-16,C0365,P0195,E013,1,0.05,Debit Card,Delivered
O006750,2024-02-16,C0765,P0060,E014,4,0.0,Credit Card,Delivered
O008547,2024-02-16,C0464,P0138,E004,8,0.0,Credit Card,Delivered
O008668,2024-02-16,C0915,P0071,E024,2,0.05,Credit Card,Delivered
O000444,2024-02-17,C0180,P0157,E040,2,0.0,UPI,Delivered
O001368,2024-02-17,C0002,P0084,E034,4,0.1,Net Banking,Delivered
O002863,2024-02-17,C0879,P0180,E046,3,0.0,Credit Card,Delivered
O005000,2024-02-17,C0775,P0189,E033,3,0.0,Debit Card,Delivered
O005504,2024-02-17,C0969,P0014,E027,3,0.05,Debit Card,Returned
O006590,2024-02-17,C0877,P0150,E017,4,0.0,Net Banking,Cancelled
O006867,2024-02-17,C0516,P0055,E040,8,0.05,UPI,Delivered
O007683,2024-02-17,C0899,P0036,E037,2,0.0,Net Banking,Delivered
O008699,2024-02-17,C0281,P0079,E009,8,0.0,UPI,Delivered
O009145,2024-02-17,C0549,P0137,E012,1,0.0,Debit Card,Delivered
O000483,2024-02-18,C0069,P0176,E021,2,0.0,UPI,Cancelled
O000485,2024-02-18,C0111,P0095,E014,1,0.1,Debit Card,Delivered
O000701,2024-02-18,C0869,P0012,E022,6,0.02,UPI,Delivered
O001044,2024-02-18,C0403,P0028,E015,1,0.1,UPI,Cancelled
O001395,2024-02-18,C0490,P0105,E021,1,0.15,Credit Card,Delivered
O002820,2024-02-18,C0914,P0082,E005,2,0.2,Cash on Delivery,Shipped
O004136,2024-02-18,C0473,P0157,E036,4,0.0,Net Banking,Delivered
O004171,2024-02-18,C0195,P0105,E045,3,0.0,Credit Card,Delivered
O006958,2024-02-18,C0434,P0001,E043,10,0.0,Credit Card,Delivered
O007530,2024-02-18,C0345,P0010,E020,4,0.0,UPI,Delivered
O007871,2024-02-18,C0931,P0200,E033,1,0.1,UPI,Delivered
O009264,2024-02-18,C0393,P0064,E021,3,0.0,UPI,Delivered
O003651,2024-02-19,C0970,P0068,E023,10,0.02,Credit Card,Returned
O003842,2024-02-19,C0369,P0059,E006,3,0.1,Credit Card,Delivered
O004800,2024-02-19,C0951,P0192,E006,6,0.0,Credit Card,Delivered
O005351,2024-02-19,C0901,P0192,E006,2,0.05,UPI,Returned
O006587,2024-02-19,C0201,P0184,E020,5,0.05,Net Banking,Shipped
O007125,2024-02-19,C0388,P0152,E012,3,0.0,Net Banking,Delivered
O007450,2024-02-19,C0577,P0057,E048,5,0.0,Credit Card,Delivered
O009304,2024-02-19,C0064,P0112,E003,1,0.0,Credit Card,Returned
O001849,2024-02-20,C0797,P0040,E034,4,0.05,Net Banking,Delivered
O002316,2024-02-20,C0248,P0045,E006,2,0.0,Cash on Delivery,Delivered
O003427,2024-02-20,C0459,P0164,E045,4,0.0,Debit Card,Cancelled
O003585,2024-02-20,C0174,P0176,E041,1,0.05,Debit Card,Delivered
O006194,2024-02-20,C0664,P0123,E037,2,0.0,Debit Card,Delivered
O006982,2024-02-20,C0972,P0167,E010,4,0.0,Net Banking,Delivered
O007815,2024-02-20,C0783,P0033,E019,2,0.02,Cash on Delivery,Delivered
O000405,2024-02-21,C0756,P0102,E007,4,0.15,Credit Card,Delivered
O000495,2024-02-21,C0372,P0081,E046,1,0.0,UPI,Delivered
O000826,2024-02-21,C0384,P0026,E045,1,0.0,Credit Card,Delivered
O001203,2024-02-21,C0764,P0159,E018,1,0.15,Net Banking,Delivered
O001579,2024-02-21,C0285,P0118,E018,4,0.05,UPI,Delivered
O002276,2024-02-21,C0606,P0033,E049,1,0.0,Net Banking,Delivered
O002832,2024-02-21,C0201,P0019,E005,3,0.0,UPI,Delivered
O002988,2024-02-21,C0314,P0075,E030,1,0.02,UPI,Delivered
O003396,2024-02-21,C0346,P0157,E029,3,0.1,UPI,Shipped
O007142,2024-02-21,C0107,P0096,E002,1,0.0,Debit Card,Delivered
O009047,2024-02-21,C0856,P0031,E007,4,0.02,Debit Card,Delivered
O009094,2024-02-21,C0829,P0163,E049,2,0.1,UPI,Delivered
O009181,2024-02-21,C0122,P0107,E050,2,0.02,UPI,Delivered
O009996,2024-02-21,C0780,P0166,E010,1,0.02,Credit Card,Delivered
O000542,2024-02-22,C0243,P0190,E046,1,0.0,Debit Card,Delivered
O001855,2024-02-22,C0162,P0034,E042,1,0.05,Credit Card,Delivered
O001974,2024-02-22,C0121,P0150,E003,3,0.05,UPI,Delivered
O003552,2024-02-22,C0876,P0059,E004,8,0.1,Cash on Delivery,Delivered
O003893,2024-02-22,C0657,P0079,E032,3,0.05,Credit Card,Delivered
O004290,2024-02-22,C0591,P0174,E025,1,0.0,UPI,Delivered
O005736,2024-02-22,C0583,P0134,E040,1,0.0,Debit Card,Delivered
O007599,2024-02-22,C0153,P0185,E002,1,0.0,Net Banking,Delivered
O007928,2024-02-22,C0873,P0156,E001,2,0.0,Credit Card,Cancelled
O008596,2024-02-22,C0676,P0090,E034,10,0.05,Credit Card,Delivered
O009457,2024-02-22,C0173,P0055,E041,1,0.1,UPI,Delivered
O009901,2024-02-22,C0984,P0039,E040,1,0.0,Credit Card,Delivered
O000194,2024-02-23,C0655,P0157,E011,2,0.1,Net Banking,Delivered
O003746,2024-02-23,C0657,P0022,E019,2,0.0,Credit Card,Delivered
O006248,2024-02-23,C0410,P0080,E010,3,0.05,Credit Card,Delivered
O006597,2024-02-23,C0528,P0179,E015,3,0.15,UPI,Returned
O007907,2024-02-23,C0435,P0167,E050,2,0.0,Credit Card,Delivered
O007916,2024-02-23,C0969,P0159,E014,3,0.2,Debit Card,Delivered
O008719,2024-02-23,C0783,P0153,E036,3,0.1,Debit Card,Delivered
O002280,2024-02-24,C0527,P0197,E041,5,0.0,Net Banking,Cancelled
O003271,2024-02-24,C0596,P0105,E015,2,0.1,Debit Card,Delivered
O005139,2024-02-24,C0954,P0120,E044,5,0.0,Credit Card,Delivered
O005586,2024-02-24,C0412,P0137,E009,1,0.02,Debit Card,Cancelled
O005941,2024-02-24,C0425,P0053,E016,3,0.0,Debit Card,Delivered
O007426,2024-02-24,C0245,P0198,E017,1,0.1,Debit Card,Delivered
O007681,2024-02-24,C0902,P0009,E044,2,0.02,Cash on Delivery,Delivered
O007688,2024-02-24,C0695,P0016,E012,3,0.15,Debit Card,Delivered
O007898,2024-02-24,C0219,P0198,E021,1,0.15,Cash on Delivery,Delivered
O008030,2024-02-24,C0383,P0177,E049,1,0.0,Credit Card,Delivered
O008921,2024-02-24,C0907,P0081,E035,5,0.0,Credit Card,Delivered
O008963,2024-02-24,C0372,P0049,E050,5,0.0,Debit Card,Delivered
O009039,2024-02-24,C0418,P0053,E039,1,0.1,Net Banking,Delivered
O000332,2024-02-25,C0200,P0092,E032,6,0.0,Credit Card,Delivered
O000860,2024-02-25,C0620,P0133,E047,2,0.0,Credit Card,Delivered
O001684,2024-02-25,C0869,P0163,E018,1,0.1,Net Banking,Delivered
O003326,2024-02-25,C0444,P0047,E024,2,0.0,UPI,Delivered
O003342,2024-02-25,C0432,P0065,E010,1,0.05,Credit Card,Shipped
O004208,2024-02-25,C0196,P0010,E040,2,0.1,Debit Card,Delivered
O004782,2024-02-25,C0346,P0191,E006,2,0.1,Net Banking,Delivered
O007831,2024-02-25,C0348,P0144,E020,1,0.1,Debit Card,Delivered
O001707,2024-02-26,C0240,P0151,E003,3,0.15,Debit Card,Delivered
O003523,2024-02-26,C0248,P0177,E034,1,0.15,UPI,Shipped
O004070,2024-02-26,C0427,P0175,E029,1,0.02,Net Banking,Delivered
O005257,2024-02-26,C0535,P0033,E003,5,0.0,Cash on Delivery,Delivered
O006956,2024-02-26,C0765,P0148,E042,3,0.0,Net Banking,Delivered
O008026,2024-02-26,C0003,P0133,E019,2,0.02,Net Banking,Delivered
O008738,2024-02-26,C0910,P0008,E029,2,0.0,Net Banking,Delivered
O008883,2024-02-26,C0099,P0149,E024,1,0.05,Net Banking,Delivered
O000100,2024-02-27,C0695,P0178,E037,2,0.0,Net Banking,Delivered
O000310,2024-02-27,C0112,P0085,E048,1,0.05,Cash on Delivery,Shipped
O001564,2024-02-27,C0708,P0008,E003,1,0.0,Cash on Delivery,Delivered
O001786,2024-02-27,C0135,P0127,E025,6,0.05,Debit Card,Delivered
O001868,2024-02-27,C0852,P0100,E050,1,0.0,Net Banking,Delivered
O002631,2024-02-27,C0188,P0138,E023,5,0.0,UPI,Delivered
O005090,2024-02-27,C0952,P0062,E006,1,0.0,Debit Card,Cancelled
O005499,2024-02-27,C0223,P0032,E023,4,0.0,Cash on Delivery,Cancelled
O007741,2024-02-27,C0501,P0018,E022,3,0.0,UPI,Delivered
O008890,2024-02-27,C0398,P0047,E045,1,0.0,Credit Card,Delivered
O009395,2024-02-27,C0210,P0168,E015,5,0.0,Net Banking,Delivered
O009908,2024-02-27,C0459,P0136,E041,4,0.1,Debit Card,Delivered
O001243,2024-02-28,C0224,P0072,E030,2,0.1,Debit Card,Delivered
O002428,2024-02-28,C0656,P0092,E044,1,0.0,Debit Card,Shipped
O002508,2024-02-28,C0995,P0066,E009,4,0.1,Cash on Delivery,Delivered
O009334,2024-02-28,C0861,P0056,E035,6,0.1,Net Banking,Delivered
O000297,2024-02-29,C0744,P0162,E014,3,0.02,Cash on Delivery,Returned
O002062,2024-02-29,C0104,P0008,E012,5,0.0,Credit Card,Delivered
O002527,2024-02-29,C0421,P0129,E043,1,0.02,Net Banking,Delivered
O003053,2024-02-29,C0911,P0125,E041,6,0.05,Credit Card,Delivered
O003068,2024-02-29,C0026,P0137,E002,1,0.0,UPI,Delivered
O004732,2024-02-29,C0603,P0033,E022,3,0.1,Net Banking,Delivered
O004946,2024-02-29,C0595,P0109,E023,2,0.0,Credit Card,Delivered
O005276,2024-02-29,C0510,P0013,E003,1,0.0,Net Banking,Cancelled
O006327,2024-02-29,C0928,P0058,E016,2,0.1,Cash on Delivery,Delivered
O007464,2024-02-29,C0233,P0181,E017,1,0.1,UPI,Cancelled
O007753,2024-02-29,C0162,P0152,E029,4,0.05,UPI,Delivered
O008347,2024-02-29,C0429,P0061,E048,3,0.05,Credit Card,Cancelled
O008758,2024-02-29,C0682,P0047,E040,4,0.1,UPI,Delivered
O009482,2024-02-29,C0303,P0169,E034,1,0.1,Credit Card,Delivered
O002086,2024-03-01,C0932,P0143,E027,1,0.1,Cash on Delivery,Delivered
O003594,2024-03-01,C0732,P0169,E047,4,0.02,UPI,Returned
O004863,2024-03-01,C0273,P0020,E016,2,0.05,Debit Card,Returned
O005962,2024-03-01,C0177,P0001,E008,1,0.0,Credit Card,Delivered
O006529,2024-03-01,C0629,P0105,E012,3,0.0,UPI,Delivered
O006842,2024-03-01,C0412,P0038,E010,2,0.02,Credit Card,Delivered
O007001,2024-03-01,C0931,P0182,E026,3,0.0,UPI,Cancelled
O007015,2024-03-01,C0741,P0025,E044,3,0.05,Credit Card,Delivered
O009556,2024-03-01,C0620,P0053,E031,2,0.0,Credit Card,Delivered
O000494,2024-03-02,C0856,P0059,E005,8,0.1,Cash on Delivery,Delivered
O001341,2024-03-02,C0367,P0102,E041,2,0.02,Credit Card,Delivered
O003516,2024-03-02,C0548,P0054,E032,4,0.2,Cash on Delivery,Delivered
O004484,2024-03-02,C0953,P0089,E009,2,0.0,Debit Card,Delivered
O006392,2024-03-02,C0246,P0044,E045,2,0.0,UPI,Delivered
O007141,2024-03-02,C0934,P0074,E013,1,0.0,Debit Card,Delivered
O007702,2024-03-02,C0856,P0103,E034,5,0.0,Credit Card,Returned
O008257,2024-03-02,C0214,P0005,E025,1,0.0,Debit Card,Delivered
O008467,2024-03-02,C0009,P0042,E044,1,0.02,Cash on Delivery,Delivered
O009364,2024-03-02,C0949,P0012,E012,5,0.0,UPI,Delivered
O000482,2024-03-03,C0059,P0094,E035,1,0.05,Credit Card,Cancelled
O000550,2024-03-03,C0098,P0013,E010,8,0.0,Credit Card,Delivered
O000933,2024-03-03,C0459,P0108,E009,2,0.05,Cash on Delivery,Delivered
O001091,2024-03-03,C0397,P0096,E024,2,0.05,UPI,Delivered
O002687,2024-03-03,C0527,P0111,E003,2,0.0,Credit Card,Delivered
O004571,2024-03-03,C0898,P0056,E038,2,0.05,Credit Card,Delivered
O005851,2024-03-03,C0142,P0171,E014,3,0.05,UPI,Delivered
O006762,2024-03-03,C0881,P0127,E028,3,0.0,Net Banking,Delivered
O007211,2024-03-03,C0696,P0171,E047,2,0.0,UPI,Delivered
O008826,2024-03-03,C0741,P0090,E036,3,0.0,UPI,Shipped
O009071,2024-03-03,C0865,P0110,E050,2,0.1,Net Banking,Delivered
O009252,2024-03-03,C0714,P0112,E021,4,0.02,UPI,Shipped
O009491,2024-03-03,C0064,P0182,E014,2,0.1,Credit Card,Delivered
O001303,2024-03-04,C0469,P0033,E004,6,0.0,Net Banking,Delivered
O002178,2024-03-04,C0565,P0005,E025,5,0.0,UPI,Delivered
O002670,2024-03-04,C0097,P0107,E034,2,0.1,Credit Card,Delivered
O004877,2024-03-04,C0837,P0147,E038,1,0.0,UPI,Delivered
O005642,2024-03-04,C0803,P0104,E037,8,0.1,Net Banking,Delivered
O006030,2024-03-04,C0219,P0085,E020,1,0.1,Debit Card,Delivered
O008217,2024-03-04,C0956,P0013,E004,2,0.0,UPI,Delivered
O000458,2024-03-05,C0003,P0062,E028,3,0.0,Credit Card,Delivered
O000461,2024-03-05,C0278,P0166,E006,1,0.05,UPI,Returned
O000843,2024-03-05,C0611,P0077,E006,2,0.02,UPI,Delivered
O000917,2024-03-05,C0730,P0127,E021,4,0.15,Debit Card,Delivered
O000959,2024-03-05,C0766,P0153,E035,1,0.0,Cash on Delivery,Cancelled
O001863,2024-03-05,C0293,P0097,E002,5,0.0,Net Banking,Delivered
O002732,2024-03-05,C0987,P0151,E048,2,0.0,Debit Card,Delivered
O007411,2024-03-05,C0278,P0018,E016,2,0.05,Credit Card,Delivered
O007697,2024-03-05,C0421,P0188,E039,2,0.0,Net Banking,Delivered
O009875,2024-03-05,C0643,P0101,E026,3,0.05,Debit Card,Delivered
O000849,2024-03-06,C0395,P0048,E019,4,0.0,Cash on Delivery,Delivered
O002425,2024-03-06,C0456,P0195,E017,1,0.05,UPI,Delivered
O003986,2024-03-06,C0011,P0143,E045,1,0.0,Credit Card,Cancelled
O004809,2024-03-06,C0707,P0159,E012,1,0.02,UPI,Delivered
O005528,2024-03-06,C0094,P0068,E026,1,0.0,Net Banking,Delivered
O006186,2024-03-06,C0079,P0138,E050,1,0.0,Credit Card,Delivered
O006443,2024-03-06,C0782,P0194,E043,2,0.02,Credit Card,Cancelled
O006875,2024-03-06,C0961,P0169,E024,1,0.0,UPI,Delivered
O007020,2024-03-06,C0268,P0183,E022,6,0.0,Credit Card,Delivered
O009276,2024-03-06,C0831,P0128,E012,1,0.05,UPI,Delivered
O009686,2024-03-06,C0664,P0032,E012,5,0.1,Credit Card,Delivered
O009877,2024-03-06,C0451,P0182,E032,1,0.0,UPI,Delivered
O001391,2024-03-07,C0854,P0097,E033,6,0.02,UPI,Delivered
O001747,2024-03-07,C0879,P0163,E016,4,0.0,Cash on Delivery,Delivered
O003047,2024-03-07,C0801,P0028,E016,1,0.05,Net Banking,Delivered
O003769,2024-03-07,C0537,P0106,E009,1,0.1,Credit Card,Cancelled
O004166,2024-03-07,C0459,P0134,E027,1,0.0,Debit Card,Delivered
O005381,2024-03-07,C0761,P0022,E007,2,0.0,UPI,Delivered
O006277,2024-03-07,C0855,P0131,E001,1,0.02,UPI,Delivered
O007536,2024-03-07,C0304,P0093,E039,2,0.0,Net Banking,Cancelled
O007725,2024-03-07,C0609,P0074,E029,1,0.0,Debit Card,Cancelled
O008428,2024-03-07,C0514,P0025,E041,10,0.1,Credit Card,Delivered
O009377,2024-03-07,C0808,P0097,E034,10,0.0,Debit Card,Cancelled
O009498,2024-03-07,C0490,P0058,E047,1,0.0,Credit Card,Delivered
O001594,2024-03-08,C0285,P0152,E043,1,0.0,Credit Card,Delivered
O002109,2024-03-08,C0892,P0125,E043,1,0.0,Credit Card,Delivered
O002129,2024-03-08,C0241,P0064,E036,1,0.15,Net Banking,Delivered
O002283,2024-03-08,C0464,P0136,E010,2,0.15,Net Banking,Delivered
O004185,2024-03-08,C0045,P0119,E016,1,0.15,Credit Card,Delivered
O005087,2024-03-08,C0877,P0007,E034,2,0.0,UPI,Delivered
O005571,2024-03-08,C0701,P0110,E045,10,0.05,UPI,Delivered
O008775,2024-03-08,C0291,P0024,E049,6,0.0,UPI,Delivered
O009932,2024-03-08,C0750,P0130,E034,2,0.0,Cash on Delivery,Cancelled
O000303,2024-03-09,C0047,P0023,E043,2,0.15,Cash on Delivery,Delivered
O001759,2024-03-09,C0954,P0103,E048,1,0.05,UPI,Shipped
O002914,2024-03-09,C0492,P0061,E032,4,0.02,Cash on Delivery,Delivered
O004796,2024-03-09,C0338,P0179,E040,5,0.05,Cash on Delivery,Delivered
O009416,2024-03-09,C0712,P0127,E013,3,0.02,Credit Card,Delivered
O009572,2024-03-09,C0622,P0144,E002,3,0.05,Credit Card,Delivered
O000531,2024-03-10,C0507,P0170,E024,1,0.1,UPI,Delivered
O002322,2024-03-10,C0528,P0177,E004,2,0.05,Debit Card,Delivered
O003423,2024-03-10,C0152,P0150,E006,1,0.05,UPI,Delivered
O004096,2024-03-10,C0111,P0133,E041,4,0.02,Net Banking,Delivered
O004163,2024-03-10,C0634,P0161,E029,2,0.0,Debit Card,Delivered
O006147,2024-03-10,C0589,P0046,E045,1,0.0,Cash on Delivery,Delivered
O007320,2024-03-10,C0359,P0045,E035,2,0.15,Credit Card,Delivered
O007460,2024-03-10,C0960,P0032,E027,10,0.05,UPI,Delivered
O007649,2024-03-10,C0378,P0092,E012,1,0.0,Credit Card,Delivered
O007977,2024-03-10,C0101,P0173,E025,2,0.05,Credit Card,Returned
O008542,2024-03-10,C0999,P0163,E001,1,0.0,Net Banking,Returned
O008756,2024-03-10,C0709,P0162,E010,2,0.1,Net Banking,Delivered
O000216,2024-03-11,C0147,P0089,E014,4,0.05,UPI,Delivered
O000233,2024-03-11,C0515,P0085,E047,3,0.0,Net Banking,Delivered
O000443,2024-03-11,C0031,P0067,E027,8,0.15,Credit Card,Delivered
O000772,2024-03-11,C0334,P0055,E022,1,0.0,UPI,Delivered
O000834,2024-03-11,C0954,P0174,E009,1,0.1,Credit Card,Delivered
O001885,2024-03-11,C0994,P0024,E022,4,0.0,Credit Card,Delivered
O002411,2024-03-11,C0064,P0132,E013,5,0.1,Credit Card,Delivered
O003301,2024-03-11,C0007,P0183,E042,3,0.0,Net Banking,Delivered
O006325,2024-03-11,C0431,P0176,E037,8,0.0,Credit Card,Cancelled
O006745,2024-03-11,C0689,P0190,E020,3,0.02,UPI,Delivered
O008162,2024-03-11,C0248,P0173,E016,2,0.0,UPI,Delivered
O008167,2024-03-11,C0921,P0062,E015,5,0.05,Credit Card,Shipped
O009497,2024-03-11,C0617,P0197,E048,3,0.15,Cash on Delivery,Delivered
O009647,2024-03-11,C0405,P0053,E028,2,0.1,Credit Card,Delivered
O001637,2024-03-12,C0751,P0151,E030,1,0.2,Debit Card,Delivered
O003446,2024-03-12,C0652,P0194,E032,3,0.0,UPI,Cancelled
O004650,2024-03-12,C0124,P0012,E041,2,0.0,Credit Card,Delivered
O005630,2024-03-12,C0387,P0128,E033,2,0.0,Cash on Delivery,Returned
O005771,2024-03-12,C0312,P0080,E046,2,0.0,Credit Card,Cancelled
O007438,2024-03-12,C0223,P0017,E032,1,0.0,Debit Card,Delivered
O007630,2024-03-12,C0651,P0107,E018,3,0.1,UPI,Delivered
O009755,2024-03-12,C0206,P0133,E041,3,0.0,Debit Card,Delivered
O009851,2024-03-12,C0552,P0022,E015,5,0.02,Credit Card,Delivered
O000049,2024-03-13,C0171,P0164,E029,2,0.0,Net Banking,Shipped
O000913,2024-03-13,C0760,P0021,E045,2,0.05,UPI,Delivered
O001995,2024-03-13,C0960,P0067,E022,1,0.05,UPI,Delivered
O003861,2024-03-13,C0265,P0005,E047,1,0.0,Credit Card,Cancelled
O004466,2024-03-13,C0274,P0107,E016,2,0.05,Net Banking,Delivered
O005490,2024-03-13,C0114,P0041,E023,2,0.0,UPI,Delivered
O007294,2024-03-13,C0612,P0178,E018,2,0.05,UPI,Delivered
O007770,2024-03-13,C0809,P0123,E013,2,0.1,Debit Card,Delivered
O007818,2024-03-13,C0689,P0185,E031,1,0.0,Debit Card,Delivered
O008233,2024-03-13,C0759,P0094,E016,1,0.0,UPI,Delivered
O009030,2024-03-13,C0077,P0011,E043,1,0.0,Net Banking,Delivered
O002497,2024-03-14,C0984,P0176,E004,2,0.0,Debit Card,Cancelled
O004149,2024-03-14,C0163,P0146,E031,10,0.05,Debit Card,Delivered
O004494,2024-03-14,C0560,P0056,E046,2,0.1,UPI,Delivered
O006252,2024-03-14,C0405,P0080,E005,3,0.1,Credit Card,Delivered
O007613,2024-03-14,C0558,P0167,E041,1,0.0,Cash on Delivery,Delivered
O008323,2024-03-14,C0761,P0025,E029,1,0.05,Credit Card,Delivered
O000715,2024-03-15,C0939,P0103,E024,6,0.15,Cash on Delivery,Delivered
O001408,2024-03-15,C0412,P0110,E016,4,0.0,UPI,Delivered
O001511,2024-03-15,C0275,P0044,E016,1,0.1,Credit Card,Shipped
O001925,2024-03-15,C0040,P0096,E006,1,0.05,UPI,Delivered
O002277,2024-03-15,C0913,P0091,E029,1,0.15,Cash on Delivery,Delivered
O002896,2024-03-15,C0799,P0164,E021,8,0.05,Debit Card,Delivered
O003054,2024-03-15,C0993,P0069,E021,1,0.05,Debit Card,Delivered
O004081,2024-03-15,C0790,P0047,E013,2,0.05,Debit Card,Delivered
O004151,2024-03-15,C0104,P0143,E004,2,0.05,UPI,Delivered
O004731,2024-03-15,C0022,P0156,E029,5,0.1,Debit Card,Returned
O005212,2024-03-15,C0894,P0077,E034,1,0.0,Debit Card,Delivered
O005840,2024-03-15,C0791,P0084,E008,3,0.05,UPI,Returned
O006360,2024-03-15,C0738,P0195,E027,5,0.05,Credit Card,Delivered
O006880,2024-03-15,C0765,P0112,E031,8,0.0,Debit Card,Shipped
O008615,2024-03-15,C0214,P0064,E014,2,0.02,Net Banking,Delivered
O009972,2024-03-15,C1000,P0036,E038,3,0.1,Credit Card,Delivered
O000223,2024-03-16,C0958,P0043,E020,8,0.0,Credit Card,Delivered
O000963,2024-03-16,C0899,P0200,E040,1,0.05,Credit Card,Delivered
O001150,2024-03-16,C0763,P0110,E004,2,0.1,Credit Card,Delivered
O001727,2024-03-16,C0339,P0092,E045,4,0.0,Net Banking,Delivered
O001992,2024-03-16,C0480,P0087,E038,3,0.0,Credit Card,Delivered
O002355,2024-03-16,C0088,P0036,E010,1,0.1,UPI,Shipped
O004966,2024-03-16,C0214,P0125,E050,2,0.1,Debit Card,Shipped
O005081,2024-03-16,C0029,P0081,E044,1,0.1,Net Banking,Shipped
O006115,2024-03-16,C0726,P0043,E007,1,0.1,Credit Card,Delivered
O008931,2024-03-16,C0189,P0039,E031,3,0.1,UPI,Delivered
O001499,2024-03-17,C0092,P0030,E007,2,0.05,Credit Card,Delivered
O001812,2024-03-17,C0883,P0169,E009,2,0.0,Credit Card,Delivered
O002603,2024-03-17,C0180,P0031,E032,1,0.2,Cash on Delivery,Delivered
O002853,2024-03-17,C0656,P0100,E037,3,0.15,UPI,Delivered
O003001,2024-03-17,C0312,P0118,E031,6,0.0,Debit Card,Delivered
O005849,2024-03-17,C0938,P0113,E009,5,0.15,Credit Card,Cancelled
O005972,2024-03-17,C0042,P0081,E045,1,0.05,Credit Card,Delivered
O006083,2024-03-17,C0952,P0047,E047,1,0.15,Debit Card,Cancelled
O007369,2024-03-17,C0801,P0114,E046,3,0.05,UPI,Delivered
O001107,2024-03-18,C0855,P0174,E050,1,0.0,Net Banking,Delivered
O002963,2024-03-18,C0792,P0154,E035,2,0.0,Debit Card,Shipped
O004575,2024-03-18,C0044,P0166,E020,1,0.0,Debit Card,Delivered
O005875,2024-03-18,C0733,P0163,E035,2,0.05,Cash on Delivery,Delivered
O006888,2024-03-18,C0656,P0163,E050,1,0.15,Credit Card,Delivered
O007248,2024-03-18,C0350,P0145,E049,5,0.05,Credit Card,Shipped
O007275,2024-03-18,C0366,P0155,E008,2,0.02,Net Banking,Delivered
O007290,2024-03-18,C0497,P0090,E048,2,0.05,Net Banking,Delivered
O009689,2024-03-18,C0777,P0161,E001,3,0.15,Cash on Delivery,Delivered
O009905,2024-03-18,C0275,P0196,E034,3,0.0,Credit Card,Cancelled
O000468,2024-03-19,C0440,P0159,E022,2,0.02,UPI,Returned
O001360,2024-03-19,C0608,P0197,E026,2,0.0,Credit Card,Delivered
O003683,2024-03-19,C0147,P0116,E023,2,0.2,Debit Card,Delivered
O004048,2024-03-19,C0620,P0170,E017,4,0.0,Net Banking,Delivered
O004378,2024-03-19,C0732,P0161,E040,2,0.0,UPI,Delivered
O004824,2024-03-19,C0671,P0149,E034,1,0.05,Net Banking,Cancelled
O006253,2024-03-19,C0536,P0030,E014,5,0.05,UPI,Shipped
O006489,2024-03-19,C0556,P0062,E005,1,0.1,Debit Card,Delivered
O007356,2024-03-19,C0733,P0123,E048,5,0.0,Credit Card,Delivered
O007845,2024-03-19,C0907,P0062,E029,2,0.0,Debit Card,Delivered
O009136,2024-03-19,C0845,P0074,E004,1,0.0,Cash on Delivery,Delivered
O009575,2024-03-19,C0554,P0105,E028,2,0.1,Debit Card,Delivered
O001405,2024-03-20,C0548,P0100,E041,4,0.0,Credit Card,Delivered
O003591,2024-03-20,C0653,P0135,E020,2,0.15,Debit Card,Delivered
O005641,2024-03-20,C0173,P0117,E003,1,0.02,Credit Card,Delivered
O006887,2024-03-20,C0121,P0092,E033,3,0.0,Credit Card,Delivered
O007044,2024-03-20,C0409,P0027,E028,1,0.05,Net Banking,Delivered
O009196,2024-03-20,C0061,P0189,E035,4,0.1,Debit Card,Delivered
O009316,2024-03-20,C0840,P0055,E034,1,0.05,UPI,Delivered
O009971,2024-03-20,C0674,P0075,E036,1,0.05,Cash on Delivery,Delivered
O000080,2024-03-21,C0797,P0186,E029,3,0.1,UPI,Delivered
O000215,2024-03-21,C0073,P0053,E028,2,0.15,Debit Card,Delivered
O000522,2024-03-21,C0996,P0164,E047,1,0.02,Credit Card,Delivered
O000777,2024-03-21,C0480,P0028,E031,1,0.05,UPI,Delivered
O001871,2024-03-21,C0578,P0016,E045,3,0.02,UPI,Delivered
O002026,2024-03-21,C0873,P0126,E048,4,0.15,UPI,Delivered
O002386,2024-03-21,C0513,P0130,E007,3,0.0,Debit Card,Delivered
O002864,2024-03-21,C0108,P0093,E006,5,0.0,Cash on Delivery,Cancelled
O005541,2024-03-21,C0888,P0159,E050,4,0.0,Credit Card,Delivered
O006101,2024-03-21,C0879,P0183,E016,8,0.0,Debit Card,Delivered
O007350,2024-03-21,C0451,P0083,E018,1,0.15,Credit Card,Delivered
O007840,2024-03-21,C0787,P0110,E010,4,0.02,Cash on Delivery,Delivered
O000868,2024-03-22,C0673,P0160,E031,8,0.05,Net Banking,Delivered
O004069,2024-03-22,C0452,P0017,E028,4,0.15,Net Banking,Delivered
O004179,2024-03-22,C0139,P0029,E020,6,0.0,UPI,Returned
O004325,2024-03-22,C0745,P0123,E003,1,0.05,Net Banking,Delivered
O007736,2024-03-22,C0171,P0157,E021,1,0.05,Debit Card,Delivered
O007739,2024-03-22,C0982,P0071,E028,10,0.1,Debit Card,Delivered
O008595,2024-03-22,C0043,P0033,E040,1,0.0,Net Banking,Delivered
O009460,2024-03-22,C0338,P0164,E032,4,0.1,Net Banking,Delivered
O001795,2024-03-23,C0189,P0197,E021,1,0.05,Credit Card,Delivered
O001915,2024-03-23,C0498,P0134,E014,1,0.15,UPI,Delivered
O002027,2024-03-23,C0502,P0077,E020,5,0.0,UPI,Delivered
O003364,2024-03-23,C0773,P0076,E043,5,0.0,UPI,Delivered
O003429,2024-03-23,C0056,P0099,E041,5,0.05,UPI,Delivered
O004238,2024-03-23,C0171,P0142,E022,8,0.0,Credit Card,Delivered
O007319,2024-03-23,C0040,P0105,E021,1,0.0,Credit Card,Delivered
O000671,2024-03-24,C0101,P0075,E032,1,0.05,Net Banking,Delivered
O000912,2024-03-24,C0189,P0022,E010,3,0.05,UPI,Delivered
O001843,2024-03-24,C0283,P0086,E042,1,0.0,Credit Card,Delivered
O003581,2024-03-24,C0217,P0107,E007,4,0.15,UPI,Delivered
O003846,2024-03-24,C0879,P0168,E046,4,0.15,Net Banking,Delivered
O004963,2024-03-24,C0727,P0138,E044,2,0.05,UPI,Delivered
O005130,2024-03-24,C0936,P0093,E048,1,0.05,Debit Card,Delivered
O005943,2024-03-24,C0671,P0189,E034,2,0.02,Net Banking,Delivered
O007380,2024-03-24,C0527,P0149,E009,2,0.0,Credit Card,Delivered
O008654,2024-03-24,C0073,P0075,E001,4,0.1,Cash on Delivery,Delivered
O008672,2024-03-24,C0812,P0114,E012,4,0.1,Debit Card,Delivered
O001291,2024-03-25,C0457,P0098,E036,2,0.0,Debit Card,Delivered
O002303,2024-03-25,C0741,P0163,E032,1,0.2,UPI,Delivered
O003174,2024-03-25,C0957,P0128,E026,1,0.05,Credit Card,Delivered
O003287,2024-03-25,C0438,P0133,E008,6,0.0,UPI,Cancelled
O003966,2024-03-25,C0899,P0140,E027,3,0.1,UPI,Delivered
O005679,2024-03-25,C0881,P0143,E032,1,0.02,Debit Card,Delivered
O006395,2024-03-25,C0811,P0107,E040,3,0.15,UPI,Delivered
O006402,2024-03-25,C0021,P0116,E006,5,0.1,UPI,Shipped
O007451,2024-03-25,C0372,P0166,E013,1,0.02,Net Banking,Delivered
O000792,2024-03-26,C0867,P0035,E019,1,0.05,Credit Card,Delivered
O001959,2024-03-26,C0763,P0158,E027,1,0.02,UPI,Delivered
O002137,2024-03-26,C0195,P0187,E042,1,0.0,Debit Card,Delivered
O002701,2024-03-26,C0634,P0055,E050,3,0.02,Cash on Delivery,Delivered
O004029,2024-03-26,C0637,P0155,E012,1,0.1,UPI,Delivered
O005204,2024-03-26,C0081,P0141,E047,1,0.02,Cash on Delivery,Delivered
O005727,2024-03-26,C0679,P0149,E015,10,0.15,UPI,Returned
O005737,2024-03-26,C0352,P0088,E018,5,0.0,Debit Card,Shipped
O005966,2024-03-26,C0023,P0133,E015,8,0.0,UPI,Delivered
O006034,2024-03-26,C0941,P0009,E018,3,0.0,Net Banking,Delivered
O006335,2024-03-26,C0163,P0076,E044,2,0.0,Net Banking,Delivered
O008039,2024-03-26,C0304,P0190,E008,2,0.15,UPI,Delivered
O008546,2024-03-26,C0863,P0156,E042,1,0.05,Credit Card,Delivered
O008611,2024-03-26,C0451,P0092,E025,10,0.05,UPI,Delivered
O000291,2024-03-27,C0624,P0046,E038,3,0.0,UPI,Delivered
O001219,2024-03-27,C0054,P0126,E049,1,0.1,Credit Card,Delivered
O003032,2024-03-27,C0113,P0169,E035,5,0.0,Debit Card,Returned
O003778,2024-03-27,C0104,P0181,E021,3,0.05,Debit Card,Delivered
O000985,2024-03-28,C0327,P0063,E044,3,0.02,Credit Card,Delivered
O002441,2024-03-28,C0198,P0081,E004,1,0.05,UPI,Delivered
O003844,2024-03-28,C0856,P0061,E029,2,0.0,Cash on Delivery,Delivered
O004600,2024-03-28,C0180,P0154,E038,4,0.02,Credit Card,Delivered
O004935,2024-03-28,C0268,P0072,E049,6,0.05,UPI,Delivered
O006367,2024-03-28,C0121,P0102,E035,2,0.02,Credit Card,Returned
O006371,2024-03-28,C0583,P0069,E006,2,0.05,UPI,Cancelled
O006472,2024-03-28,C0514,P0087,E016,4,0.05,UPI,Delivered
O008327,2024-03-28,C0400,P0080,E031,1,0.05,UPI,Delivered
O008433,2024-03-28,C0997,P0156,E006,4,0.15,Debit Card,Returned
O009407,2024-03-28,C0914,P0124,E025,2,0.0,UPI,Delivered
O001498,2024-03-29,C0206,P0033,E021,10,0.15,UPI,Delivered
O001591,2024-03-29,C0589,P0148,E022,1,0.1,UPI,Delivered
O002067,2024-03-29,C0561,P0167,E018,1,0.0,Credit Card,Delivered
O003899,2024-03-29,C0820,P0090,E013,1,0.02,Debit Card,Delivered
O004286,2024-03-29,C0020,P0025,E019,10,0.0,Credit Card,Delivered
O005140,2024-03-29,C0185,P0008,E002,3,0.0,Credit Card,Delivered
O006562,2024-03-29,C0555,P0135,E011,1,0.15,Net Banking,Delivered
O008101,2024-03-29,C0372,P0166,E035,3,0.05,Cash on Delivery,Delivered
O008244,2024-03-29,C0054,P0104,E001,1,0.05,UPI,Delivered
O008423,2024-03-29,C0445,P0011,E024,5,0.05,Credit Card,Delivered
O000169,2024-03-30,C0541,P0122,E037,6,0.0,Net Banking,Shipped
O001790,2024-03-30,C0998,P0194,E028,4,0.02,Cash on Delivery,Returned
O001873,2024-03-30,C0189,P0032,E010,3,0.2,Debit Card,Delivered
O001985,2024-03-30,C0005,P0065,E016,1,0.2,Credit Card,Delivered
O002588,2024-03-30,C0267,P0181,E028,2,0.0,Credit Card,Delivered
O003126,2024-03-30,C0499,P0155,E002,2,0.1,Net Banking,Delivered
O006900,2024-03-30,C0884,P0142,E003,6,0.0,Credit Card,Delivered
O007209,2024-03-30,C0317,P0094,E012,2,0.05,Net Banking,Returned
O007678,2024-03-30,C0228,P0136,E041,1,0.2,Cash on Delivery,Delivered
O007939,2024-03-30,C0523,P0042,E027,2,0.0,Debit Card,Delivered
O008012,2024-03-30,C0820,P0162,E030,2,0.1,Debit Card,Cancelled
O008511,2024-03-30,C0065,P0028,E019,2,0.0,Credit Card,Delivered
O009327,2024-03-30,C0888,P0080,E034,4,0.05,Debit Card,Delivered
O000319,2024-03-31,C0645,P0141,E024,2,0.15,UPI,Returned
O000396,2024-03-31,C0028,P0169,E037,2,0.05,UPI,Delivered
O000470,2024-03-31,C0589,P0106,E045,3,0.0,Debit Card,Delivered
O000586,2024-03-31,C0527,P0192,E004,3,0.05,UPI,Delivered
O000771,2024-03-31,C0792,P0079,E050,2,0.0,Credit Card,Delivered
O000821,2024-03-31,C0044,P0019,E039,2,0.02,Debit Card,Delivered
O001133,2024-03-31,C0931,P0057,E006,3,0.02,UPI,Delivered
O002230,2024-03-31,C0585,P0020,E037,2,0.1,Net Banking,Delivered
O002763,2024-03-31,C0696,P0084,E021,8,0.02,Net Banking,Delivered
O004977,2024-03-31,C0812,P0001,E050,2,0.0,Credit Card,Delivered
O006940,2024-03-31,C0871,P0085,E046,5,0.0,Cash on Delivery,Delivered
O008150,2024-03-31,C0383,P0114,E002,2,0.0,Net Banking,Delivered
O009113,2024-03-31,C0425,P0082,E032,2,0.02,UPI,Delivered
O009233,2024-03-31,C0696,P0096,E037,1,0.02,UPI,Returned
O000612,2024-04-01,C0426,P0133,E003,5,0.0,UPI,Delivered
O003140,2024-04-01,C0849,P0002,E031,3,0.02,UPI,Delivered
O004451,2024-04-01,C0609,P0105,E035,4,0.05,Debit Card,Delivered
O007244,2024-04-01,C0349,P0073,E035,4,0.0,Net Banking,Delivered
O007484,2024-04-01,C0874,P0178,E021,1,0.1,Debit Card,Delivered
O009658,2024-04-01,C0121,P0131,E007,3,0.15,UPI,Delivered
O001263,2024-04-02,C0198,P0056,E048,1,0.05,UPI,Delivered
O001770,2024-04-02,C0551,P0022,E024,1,0.05,Credit Card,Delivered
O001792,2024-04-02,C0422,P0146,E037,4,0.1,Net Banking,Delivered
O003177,2024-04-02,C0020,P0091,E006,4,0.05,UPI,Delivered
O004421,2024-04-02,C0225,P0074,E012,3,0.02,Cash on Delivery,Shipped
O001215,2024-04-03,C0732,P0025,E045,1,0.0,Cash on Delivery,Delivered
O002389,2024-04-03,C0334,P0045,E010,3,0.0,UPI,Returned
O003525,2024-04-03,C0494,P0135,E014,3,0.1,UPI,Delivered
O007045,2024-04-03,C0420,P0002,E025,10,0.1,UPI,Returned
O008149,2024-04-03,C0748,P0181,E042,10,0.1,Credit Card,Cancelled
O008694,2024-04-03,C0211,P0095,E031,2,0.0,UPI,Delivered
O008813,2024-04-03,C0879,P0136,E014,3,0.02,Debit Card,Delivered
O000005,2024-04-04,C0325,P0045,E023,3,0.0,Debit Card,Delivered
O001349,2024-04-04,C0101,P0193,E009,6,0.05,Credit Card,Delivered
O001592,2024-04-04,C0533,P0046,E035,5,0.0,Cash on Delivery,Delivered
O001659,2024-04-04,C0355,P0148,E018,6,0.1,Credit Card,Delivered
O002350,2024-04-04,C0217,P0032,E013,1,0.2,Debit Card,Shipped
O004919,2024-04-04,C0061,P0098,E050,2,0.0,Credit Card,Delivered
O005837,2024-04-04,C0691,P0114,E034,5,0.0,UPI,Delivered
O006664,2024-04-04,C0527,P0121,E038,3,0.0,UPI,Delivered
O004327,2024-04-05,C0956,P0106,E022,8,0.2,Debit Card,Delivered
O004347,2024-04-05,C0837,P0035,E034,5,0.05,UPI,Delivered
O005824,2024-04-05,C0960,P0049,E030,2,0.0,Debit Card,Delivered
O006894,2024-04-05,C0217,P0002,E026,1,0.1,Debit Card,Delivered
O007588,2024-04-05,C0818,P0105,E017,5,0.05,Net Banking,Delivered
O009855,2024-04-05,C0243,P0189,E011,6,0.0,Credit Card,Delivered
O009902,2024-04-05,C0918,P0043,E019,8,0.02,Credit Card,Delivered
O009930,2024-04-05,C0801,P0137,E013,10,0.05,UPI,Delivered
O000449,2024-04-06,C0552,P0064,E046,1,0.05,UPI,Delivered
O001005,2024-04-06,C0926,P0141,E032,1,0.05,UPI,Delivered
O001017,2024-04-06,C0180,P0026,E040,4,0.1,UPI,Delivered
O002091,2024-04-06,C0705,P0158,E025,3,0.1,Debit Card,Returned
O002374,2024-04-06,C0546,P0004,E033,8,0.0,Net Banking,Delivered
O003503,2024-04-06,C0434,P0046,E013,3,0.1,UPI,Delivered
O004480,2024-04-06,C0288,P0117,E002,3,0.1,Debit Card,Shipped
O006847,2024-04-06,C0954,P0096,E007,6,0.0,Debit Card,Delivered
O006872,2024-04-06,C0930,P0011,E039,3,0.05,UPI,Delivered
O009640,2024-04-06,C0535,P0114,E047,3,0.15,Debit Card,Delivered
O000561,2024-04-07,C0091,P0077,E024,3,0.02,Net Banking,Delivered
O002783,2024-04-07,C0438,P0009,E030,1,0.0,Credit Card,Delivered
O003207,2024-04-07,C0001,P0136,E034,1,0.1,Debit Card,Delivered
O004065,2024-04-07,C0040,P0075,E032,1,0.0,UPI,Delivered
O004086,2024-04-07,C0586,P0135,E016,2,0.0,Debit Card,Delivered
O005842,2024-04-07,C0339,P0096,E050,1,0.0,Cash on Delivery,Delivered
O007353,2024-04-07,C0108,P0048,E027,1,0.0,UPI,Delivered
O007408,2024-04-07,C0317,P0084,E038,3,0.02,Credit Card,Delivered
O008332,2024-04-07,C0860,P0027,E043,2,0.15,Net Banking,Delivered
O008484,2024-04-07,C0735,P0036,E006,8,0.0,Debit Card,Delivered
O008759,2024-04-07,C0130,P0007,E041,6,0.0,UPI,Delivered
O000124,2024-04-08,C0958,P0135,E017,1,0.0,UPI,Delivered
O001927,2024-04-08,C0675,P0127,E022,4,0.0,Credit Card,Delivered
O004218,2024-04-08,C0117,P0132,E012,3,0.0,Debit Card,Delivered
O005261,2024-04-08,C0711,P0042,E015,3,0.15,UPI,Delivered
O007485,2024-04-08,C0337,P0158,E013,5,0.0,UPI,Delivered
O008711,2024-04-08,C0773,P0123,E036,5,0.05,UPI,Shipped
O008833,2024-04-08,C0036,P0059,E031,3,0.0,Debit Card,Delivered
O009944,2024-04-08,C0819,P0049,E012,1,0.1,Net Banking,Delivered
O000351,2024-04-09,C0791,P0164,E035,5,0.05,Cash on Delivery,Shipped
O001512,2024-04-09,C0349,P0135,E001,1,0.0,UPI,Delivered
O001928,2024-04-09,C0514,P0105,E031,1,0.0,Debit Card,Delivered
O002752,2024-04-09,C0773,P0187,E037,1,0.0,Debit Card,Delivered
O003142,2024-04-09,C0800,P0084,E045,4,0.0,Debit Card,Delivered
O004485,2024-04-09,C0779,P0136,E001,2,0.05,Net Banking,Delivered
O004870,2024-04-09,C0905,P0159,E030,2,0.05,Credit Card,Delivered
O005340,2024-04-09,C0500,P0139,E048,1,0.0,Credit Card,Delivered
O005689,2024-04-09,C0856,P0087,E011,5,0.05,UPI,Cancelled
O006883,2024-04-09,C0094,P0123,E030,1,0.0,Debit Card,Delivered
O006925,2024-04-09,C0924,P0141,E025,2,0.0,Credit Card,Delivered
O008010,2024-04-09,C0326,P0041,E027,1,0.0,Credit Card,Cancelled
O008258,2024-04-09,C0178,P0153,E030,1,0.02,Net Banking,Cancelled
O008440,2024-04-09,C0911,P0119,E038,2,0.0,Credit Card,Delivered
O000691,2024-04-10,C0596,P0077,E038,1,0.05,Credit Card,Delivered
O001105,2024-04-10,C0713,P0080,E035,3,0.02,Cash on Delivery,Delivered
O003546,2024-04-10,C0664,P0027,E003,2,0.02,Net Banking,Delivered
O003990,2024-04-10,C0810,P0117,E009,2,0.0,Debit Card,Delivered
O006905,2024-04-10,C0992,P0104,E033,5,0.05,UPI,Delivered
O008021,2024-04-10,C0507,P0030,E016,1,0.0,Cash on Delivery,Delivered
O008389,2024-04-10,C0223,P0070,E040,1,0.0,Credit Card,Delivered
O008564,2024-04-10,C0346,P0095,E008,1,0.1,Credit Card,Delivered
O009209,2024-04-10,C0204,P0052,E016,4,0.1,Credit Card,Shipped
O000459,2024-04-11,C0869,P0107,E038,5,0.05,Credit Card,Delivered
O002157,2024-04-11,C0402,P0059,E010,2,0.05,Net Banking,Delivered
O003288,2024-04-11,C0844,P0089,E048,1,0.0,UPI,Delivered
O003377,2024-04-11,C0114,P0001,E022,1,0.0,Net Banking,Delivered
O003909,2024-04-11,C0881,P0024,E020,1,0.0,Cash on Delivery,Shipped
O004747,2024-04-11,C0054,P0136,E009,4,0.0,UPI,Delivered
O004899,2024-04-11,C0251,P0087,E004,1,0.02,Debit Card,Delivered
O005570,2024-04-11,C0782,P0143,E021,8,0.0,UPI,Delivered
O006616,2024-04-11,C0226,P0179,E037,1,0.0,Credit Card,Delivered
O007296,2024-04-11,C0275,P0014,E021,3,0.05,Credit Card,Delivered
O007852,2024-04-11,C0258,P0162,E047,2,0.0,UPI,Delivered
O008122,2024-04-11,C0731,P0176,E027,3,0.1,UPI,Delivered
O008138,2024-04-11,C0788,P0020,E012,2,0.05,Cash on Delivery,Delivered
O008630,2024-04-11,C0288,P0154,E023,5,0.0,Cash on Delivery,Delivered
O009073,2024-04-11,C0960,P0184,E009,4,0.0,Credit Card,Delivered
O009975,2024-04-11,C0547,P0065,E002,3,0.0,Cash on Delivery,Delivered
O000282,2024-04-12,C0958,P0104,E021,5,0.0,Credit Card,Delivered
O000419,2024-04-12,C0826,P0036,E050,4,0.0,Credit Card,Delivered
O000475,2024-04-12,C0904,P0147,E023,5,0.0,UPI,Cancelled
O001166,2024-04-12,C0080,P0096,E031,2,0.0,Credit Card,Delivered
O001518,2024-04-12,C0364,P0197,E036,3,0.05,Cash on Delivery,Returned
O002060,2024-04-12,C0135,P0138,E048,1,0.05,UPI,Delivered
O004885,2024-04-12,C0324,P0061,E018,4,0.02,UPI,Cancelled
O005066,2024-04-12,C0423,P0076,E010,5,0.1,Cash on Delivery,Delivered
O005463,2024-04-12,C0330,P0142,E022,2,0.0,Debit Card,Shipped
O005833,2024-04-12,C0629,P0139,E045,1,0.15,Cash on Delivery,Delivered
O006297,2024-04-12,C0664,P0175,E021,2,0.05,Cash on Delivery,Delivered
O006728,2024-04-12,C0308,P0103,E004,1,0.02,Debit Card,Delivered
O007359,2024-04-12,C0108,P0119,E033,5,0.1,Credit Card,Delivered
O000948,2024-04-13,C0417,P0163,E047,8,0.05,UPI,Delivered
O001425,2024-04-13,C0610,P0188,E047,4,0.1,Debit Card,Delivered
O001515,2024-04-13,C0363,P0024,E023,6,0.02,Credit Card,Delivered
O004772,2024-04-13,C0328,P0184,E047,5,0.15,Net Banking,Delivered
O004867,2024-04-13,C0826,P0195,E029,1,0.0,Credit Card,Delivered
O004976,2024-04-13,C0997,P0132,E020,1,0.1,Credit Card,Delivered
O005757,2024-04-13,C0637,P0181,E035,2,0.15,UPI,Delivered
O006573,2024-04-13,C0824,P0159,E041,3,0.05,UPI,Delivered
O006777,2024-04-13,C0238,P0018,E032,2,0.0,UPI,Delivered
O007225,2024-04-13,C0243,P0140,E028,8,0.0,Net Banking,Delivered
O007652,2024-04-13,C0700,P0147,E031,4,0.0,Net Banking,Delivered
O009358,2024-04-13,C0717,P0184,E033,5,0.05,Cash on Delivery,Delivered
O009793,2024-04-13,C0236,P0054,E002,1,0.05,Net Banking,Delivered
O000051,2024-04-14,C0868,P0016,E042,10,0.0,Credit Card,Delivered
O000816,2024-04-14,C0596,P0050,E034,1,0.0,Net Banking,Delivered
O003362,2024-04-14,C0001,P0181,E042,3,0.0,UPI,Delivered
O005198,2024-04-14,C0082,P0166,E002,1,0.1,Net Banking,Delivered
O005761,2024-04-14,C0931,P0090,E004,2,0.05,Credit Card,Delivered
O006382,2024-04-14,C0180,P0113,E043,1,0.0,Cash on Delivery,Delivered
O008252,2024-04-14,C0914,P0099,E004,5,0.0,Net Banking,Delivered
O008368,2024-04-14,C0306,P0174,E043,5,0.05,Net Banking,Delivered
O008823,2024-04-14,C0787,P0054,E038,3,0.2,UPI,Cancelled
O009357,2024-04-14,C0601,P0105,E021,2,0.05,Credit Card,Delivered
O009692,2024-04-14,C0992,P0092,E033,3,0.05,Credit Card,Cancelled
O001115,2024-04-15,C0080,P0119,E011,3,0.0,UPI,Delivered
O001528,2024-04-15,C0979,P0032,E003,1,0.05,Credit Card,Delivered
O002020,2024-04-15,C0637,P0125,E024,1,0.05,Net Banking,Delivered
O003398,2024-04-15,C0689,P0010,E020,2,0.0,Cash on Delivery,Delivered
O003698,2024-04-15,C0474,P0044,E019,2,0.0,Credit Card,Delivered
O005374,2024-04-15,C0490,P0160,E034,8,0.0,Credit Card,Delivered
O005378,2024-04-15,C0131,P0065,E038,1,0.0,Net Banking,Delivered
O006729,2024-04-15,C0078,P0127,E009,8,0.05,Cash on Delivery,Delivered
O009046,2024-04-15,C0060,P0038,E022,5,0.0,Debit Card,Delivered
O009154,2024-04-15,C0872,P0021,E047,2,0.0,Net Banking,Delivered
O000752,2024-04-16,C0421,P0147,E040,3,0.1,UPI,Delivered
O000891,2024-04-16,C0558,P0034,E048,2,0.2,UPI,Delivered
O001201,2024-04-16,C0095,P0175,E014,1,0.0,Net Banking,Delivered
O001799,2024-04-16,C0050,P0075,E015,1,0.05,Credit Card,Delivered
O002381,2024-04-16,C0960,P0024,E016,1,0.0,Net Banking,Delivered
O005013,2024-04-16,C0610,P0195,E016,10,0.15,UPI,Delivered
O005700,2024-04-16,C0578,P0098,E038,2,0.0,Credit Card,Returned
O006600,2024-04-16,C0807,P0173,E038,2,0.0,Net Banking,Delivered
O006653,2024-04-16,C0206,P0039,E016,1,0.05,Net Banking,Delivered
O006824,2024-04-16,C0617,P0041,E013,2,0.15,Credit Card,Delivered
O008171,2024-04-16,C0237,P0173,E027,6,0.2,Cash on Delivery,Delivered
O008227,2024-04-16,C0025,P0174,E001,2,0.0,UPI,Delivered
O008681,2024-04-16,C0629,P0173,E006,5,0.1,Net Banking,Delivered
O000161,2024-04-17,C0629,P0008,E022,8,0.0,Credit Card,Delivered
O001154,2024-04-17,C0913,P0143,E041,1,0.1,Debit Card,Delivered
O001504,2024-04-17,C0522,P0151,E028,1,0.05,Net Banking,Delivered
O002905,2024-04-17,C0973,P0041,E003,1,0.05,UPI,Shipped
O003218,2024-04-17,C0855,P0067,E026,3,0.05,UPI,Delivered
O003441,2024-04-17,C0770,P0134,E011,1,0.05,Cash on Delivery,Delivered
O004671,2024-04-17,C0869,P0189,E015,1,0.0,Net Banking,Delivered
O004686,2024-04-17,C0807,P0151,E049,4,0.05,Debit Card,Delivered
O005083,2024-04-17,C0346,P0125,E027,4,0.05,UPI,Delivered
O008803,2024-04-17,C0403,P0014,E012,2,0.05,Net Banking,Cancelled
O009527,2024-04-17,C0312,P0124,E032,2,0.0,Credit Card,Returned
O001250,2024-04-18,C0158,P0025,E004,1,0.05,Credit Card,Shipped
O001897,2024-04-18,C0273,P0095,E037,8,0.05,UPI,Delivered
O002458,2024-04-18,C0784,P0016,E049,2,0.2,Debit Card,Delivered
O002654,2024-04-18,C0538,P0037,E025,5,0.1,Debit Card,Shipped
O003135,2024-04-18,C0925,P0095,E037,2,0.0,UPI,Delivered
O005016,2024-04-18,C0954,P0127,E021,3,0.0,UPI,Delivered
O005530,2024-04-18,C0046,P0080,E021,1,0.0,Credit Card,Delivered
O006279,2024-04-18,C0069,P0186,E015,2,0.1,Debit Card,Delivered
O007404,2024-04-18,C0854,P0157,E049,8,0.05,Debit Card,Delivered
O007704,2024-04-18,C0024,P0062,E010,3,0.0,Credit Card,Delivered
O008489,2024-04-18,C0063,P0124,E022,1,0.05,Debit Card,Delivered
O009637,2024-04-18,C0960,P0178,E025,1,0.02,Credit Card,Delivered
O009831,2024-04-18,C0486,P0143,E041,4,0.02,UPI,Delivered
O000094,2024-04-19,C0028,P0023,E047,1,0.1,UPI,Delivered
O000484,2024-04-19,C0737,P0038,E003,4,0.05,Credit Card,Delivered
O000560,2024-04-19,C0003,P0018,E039,2,0.1,Credit Card,Cancelled
O002477,2024-04-19,C0744,P0010,E026,1,0.1,Cash on Delivery,Delivered
O003570,2024-04-19,C0156,P0100,E047,1,0.0,Credit Card,Delivered
O005279,2024-04-19,C0158,P0186,E002,3,0.05,Cash on Delivery,Delivered
O006770,2024-04-19,C0379,P0148,E002,2,0.02,Debit Card,Shipped
O008825,2024-04-19,C0108,P0147,E042,1,0.05,Cash on Delivery,Delivered
O009699,2024-04-19,C0698,P0020,E044,2,0.02,Debit Card,Delivered
O000081,2024-04-20,C0247,P0088,E027,1,0.02,Debit Card,Shipped
O000356,2024-04-20,C0426,P0056,E050,1,0.0,Credit Card,Delivered
O000465,2024-04-20,C0272,P0098,E002,2,0.02,Debit Card,Delivered
O002876,2024-04-20,C0529,P0159,E003,1,0.0,UPI,Delivered
O003009,2024-04-20,C0129,P0154,E035,3,0.05,Credit Card,Delivered
O005040,2024-04-20,C0293,P0097,E020,2,0.15,Debit Card,Delivered
O006184,2024-04-20,C0752,P0115,E039,4,0.05,UPI,Delivered
O006466,2024-04-20,C0273,P0100,E047,3,0.05,Net Banking,Delivered
O006495,2024-04-20,C0637,P0129,E037,2,0.0,Credit Card,Delivered
O006683,2024-04-20,C0781,P0057,E030,3,0.0,UPI,Returned
O007659,2024-04-20,C0897,P0182,E026,3,0.0,Net Banking,Shipped
O007869,2024-04-20,C0023,P0103,E033,2,0.1,UPI,Delivered
O008555,2024-04-20,C0079,P0056,E036,2,0.05,Cash on Delivery,Delivered
O009733,2024-04-20,C0994,P0018,E043,1,0.1,Net Banking,Delivered
O001111,2024-04-21,C0025,P0088,E002,6,0.0,Credit Card,Delivered
O001141,2024-04-21,C0663,P0068,E031,6,0.0,Net Banking,Delivered
O001426,2024-04-21,C0693,P0082,E030,5,0.0,UPI,Delivered
O003754,2024-04-21,C0079,P0101,E032,5,0.02,Credit Card,Delivered
O006314,2024-04-21,C0123,P0107,E009,1,0.05,Cash on Delivery,Delivered
O007854,2024-04-21,C0859,P0090,E004,3,0.0,UPI,Delivered
O009512,2024-04-21,C0844,P0042,E022,2,0.05,Net Banking,Delivered
O000046,2024-04-22,C0826,P0016,E027,4,0.02,Debit Card,Delivered
O000304,2024-04-22,C0160,P0033,E021,4,0.1,Credit Card,Shipped
O001137,2024-04-22,C0017,P0096,E050,3,0.0,Credit Card,Delivered
O002206,2024-04-22,C0020,P0074,E038,6,0.1,Credit Card,Delivered
O002315,2024-04-22,C0388,P0083,E008,2,0.05,Credit Card,Delivered
O003070,2024-04-22,C0279,P0155,E048,2,0.0,Debit Card,Returned
O003993,2024-04-22,C0107,P0182,E033,10,0.0,Credit Card,Delivered
O004291,2024-04-22,C0214,P0065,E044,4,0.1,Net Banking,Delivered
O004912,2024-04-22,C0588,P0049,E029,1,0.05,Credit Card,Delivered
O005034,2024-04-22,C0869,P0075,E045,3,0.0,Credit Card,Delivered
O005608,2024-04-22,C0213,P0079,E003,4,0.05,Debit Card,Delivered
O006067,2024-04-22,C0429,P0110,E002,3,0.0,Net Banking,Delivered
O006092,2024-04-22,C0059,P0193,E047,1,0.05,UPI,Delivered
O008684,2024-04-22,C0958,P0108,E002,10,0.1,Debit Card,Delivered
O009653,2024-04-22,C0564,P0055,E033,2,0.1,UPI,Delivered
O000330,2024-04-23,C0289,P0046,E008,3,0.0,Credit Card,Delivered
O001173,2024-04-23,C0719,P0033,E015,2,0.05,Debit Card,Delivered
O003426,2024-04-23,C0805,P0086,E016,2,0.15,UPI,Delivered
O003814,2024-04-23,C0166,P0163,E015,1,0.05,Credit Card,Delivered
O007442,2024-04-23,C0901,P0089,E009,4,0.05,Debit Card,Delivered
O007458,2024-04-23,C0325,P0068,E003,2,0.05,Debit Card,Delivered
O007884,2024-04-23,C0759,P0076,E009,1,0.0,Cash on Delivery,Delivered
O008219,2024-04-23,C0596,P0009,E027,2,0.05,Net Banking,Delivered
O009937,2024-04-23,C0756,P0071,E019,5,0.1,UPI,Delivered
O001965,2024-04-24,C0237,P0073,E025,1,0.02,Net Banking,Delivered
O006293,2024-04-24,C0232,P0135,E044,10,0.1,Cash on Delivery,Delivered
O006567,2024-04-24,C0921,P0182,E025,2,0.0,UPI,Delivered
O000451,2024-04-25,C0534,P0080,E042,2,0.02,Debit Card,Delivered
O001039,2024-04-25,C0084,P0130,E016,3,0.05,Debit Card,Cancelled
O001374,2024-04-25,C0015,P0158,E038,3,0.0,Credit Card,Delivered
O001574,2024-04-25,C0602,P0105,E020,1,0.05,Net Banking,Delivered
O001708,2024-04-25,C0306,P0007,E030,2,0.02,Credit Card,Delivered
O007267,2024-04-25,C0023,P0087,E025,1,0.1,Debit Card,Delivered
O008064,2024-04-25,C0496,P0166,E001,2,0.15,Debit Card,Delivered
O009978,2024-04-25,C0576,P0143,E049,2,0.1,Credit Card,Shipped
O001696,2024-04-26,C0091,P0114,E020,2,0.0,Debit Card,Delivered
O001937,2024-04-26,C0914,P0048,E040,6,0.05,Credit Card,Delivered
O001938,2024-04-26,C0040,P0176,E047,3,0.15,UPI,Delivered
O002092,2024-04-26,C0009,P0018,E002,4,0.1,Net Banking,Delivered
O002368,2024-04-26,C0408,P0023,E025,3,0.0,Credit Card,Delivered
O002925,2024-04-26,C0180,P0193,E033,6,0.05,Credit Card,Shipped
O003835,2024-04-26,C0784,P0102,E011,3,0.05,UPI,Delivered
O004052,2024-04-26,C0400,P0067,E008,1,0.05,Debit Card,Delivered
O004737,2024-04-26,C1000,P0109,E008,4,0.0,Debit Card,Delivered
O008558,2024-04-26,C0928,P0189,E049,8,0.0,Net Banking,Delivered
O008916,2024-04-26,C0656,P0017,E018,1,0.0,Credit Card,Delivered
O000037,2024-04-27,C0741,P0033,E041,2,0.0,UPI,Delivered
O000366,2024-04-27,C0756,P0161,E041,1,0.02,Net Banking,Delivered
O002047,2024-04-27,C0066,P0138,E036,2,0.0,Debit Card,Delivered
O002410,2024-04-27,C0490,P0152,E038,6,0.0,Debit Card,Delivered
O002619,2024-04-27,C0637,P0136,E011,3,0.0,Net Banking,Delivered
O003351,2024-04-27,C0133,P0192,E041,1,0.05,Credit Card,Delivered
O003425,2024-04-27,C0414,P0182,E017,1,0.0,UPI,Delivered
O006636,2024-04-27,C0458,P0187,E017,1,0.05,Net Banking,Delivered
O009759,2024-04-27,C0051,P0021,E024,4,0.0,Credit Card,Delivered
O001532,2024-04-28,C0189,P0119,E013,2,0.05,Debit Card,Delivered
O002431,2024-04-28,C0362,P0133,E032,2,0.1,UPI,Delivered
O004438,2024-04-28,C0620,P0181,E025,10,0.0,UPI,Delivered
O004470,2024-04-28,C0758,P0057,E041,1,0.0,Cash on Delivery,Delivered
O005758,2024-04-28,C0058,P0141,E033,2,0.02,Credit Card,Delivered
O006601,2024-04-28,C0062,P0067,E010,2,0.0,Debit Card,Delivered
O007087,2024-04-28,C0312,P0114,E036,5,0.2,Cash on Delivery,Delivered
O007785,2024-04-28,C0201,P0106,E011,6,0.0,UPI,Delivered
O008260,2024-04-28,C0685,P0077,E030,2,0.0,Debit Card,Delivered
O008880,2024-04-28,C0967,P0056,E022,4,0.0,Debit Card,Delivered
O009017,2024-04-28,C0490,P0142,E024,2,0.05,Net Banking,Delivered
O002918,2024-04-29,C0701,P0175,E049,2,0.0,Credit Card,Delivered
O003279,2024-04-29,C0964,P0032,E046,4,0.05,Net Banking,Delivered
O004061,2024-04-29,C0211,P0042,E049,3,0.15,Credit Card,Delivered
O004530,2024-04-29,C0469,P0012,E046,8,0.0,Debit Card,Delivered
O005063,2024-04-29,C0795,P0003,E046,2,0.02,Debit Card,Delivered
O006452,2024-04-29,C0962,P0102,E029,3,0.05,Net Banking,Delivered
O006941,2024-04-29,C0001,P0172,E048,6,0.05,Net Banking,Shipped
O007116,2024-04-29,C0020,P0185,E011,3,0.0,UPI,Delivered
O007712,2024-04-29,C0021,P0153,E045,1,0.1,Net Banking,Delivered
O008548,2024-04-29,C0255,P0067,E021,10,0.05,Credit Card,Delivered
O009985,2024-04-29,C0657,P0055,E040,2,0.1,Debit Card,Returned
O000038,2024-04-30,C0606,P0188,E040,3,0.15,UPI,Delivered
O002282,2024-04-30,C0459,P0077,E015,3,0.1,Credit Card,Delivered
O003145,2024-04-30,C0907,P0002,E028,1,0.1,UPI,Delivered
O004026,2024-04-30,C0637,P0086,E006,3,0.1,UPI,Returned
O004434,2024-04-30,C0133,P0086,E049,3,0.0,Credit Card,Delivered
O005193,2024-04-30,C0875,P0081,E015,1,0.05,UPI,Delivered
O005650,2024-04-30,C0940,P0122,E017,3,0.0,UPI,Delivered
O005672,2024-04-30,C0664,P0193,E023,8,0.0,UPI,Delivered
O005906,2024-04-30,C0153,P0182,E002,3,0.0,Debit Card,Delivered
O006671,2024-04-30,C0707,P0134,E021,1,0.0,UPI,Delivered
O006939,2024-04-30,C0690,P0155,E007,4,0.15,Credit Card,Shipped
O000349,2024-05-01,C0162,P0192,E010,4,0.0,UPI,Delivered
O000516,2024-05-01,C0443,P0036,E047,8,0.15,Net Banking,Returned
O001028,2024-05-01,C0992,P0153,E031,1,0.0,Net Banking,Delivered
O001076,2024-05-01,C0831,P0127,E046,8,0.05,Debit Card,Delivered
O001421,2024-05-01,C0741,P0163,E005,4,0.0,Debit Card,Delivered
O001748,2024-05-01,C0058,P0132,E035,2,0.0,Cash on Delivery,Delivered
O002981,2024-05-01,C0401,P0197,E004,2,0.0,Net Banking,Delivered
O003076,2024-05-01,C0947,P0197,E040,2,0.0,Debit Card,Delivered
O003378,2024-05-01,C0131,P0077,E048,3,0.0,Credit Card,Delivered
O005714,2024-05-01,C0044,P0152,E003,3,0.1,Cash on Delivery,Shipped
O008352,2024-05-01,C0931,P0050,E036,8,0.1,Credit Card,Delivered
O008855,2024-05-01,C0561,P0063,E019,1,0.0,Credit Card,Delivered
O009274,2024-05-01,C0456,P0062,E044,2,0.0,Credit Card,Delivered
O000675,2024-05-02,C0055,P0162,E037,2,0.0,Cash on Delivery,Delivered
O001119,2024-05-02,C0281,P0095,E026,3,0.02,UPI,Shipped
O001157,2024-05-02,C0422,P0171,E013,1,0.0,UPI,Returned
O002885,2024-05-02,C0765,P0001,E012,2,0.0,Debit Card,Delivered
O003000,2024-05-02,C0055,P0136,E005,1,0.1,Net Banking,Delivered
O003321,2024-05-02,C0650,P0054,E041,2,0.0,Credit Card,Delivered
O004803,2024-05-02,C0815,P0140,E019,6,0.0,UPI,Delivered
O005545,2024-05-02,C0528,P0092,E019,5,0.15,UPI,Delivered
O005581,2024-05-02,C0020,P0001,E038,8,0.15,Debit Card,Delivered
O005595,2024-05-02,C0651,P0057,E021,4,0.1,UPI,Delivered
O006249,2024-05-02,C0281,P0022,E006,5,0.2,Debit Card,Delivered
O006447,2024-05-02,C0926,P0030,E004,1,0.02,UPI,Delivered
O007059,2024-05-02,C0610,P0060,E001,3,0.0,UPI,Shipped
O008469,2024-05-02,C0978,P0016,E003,2,0.02,UPI,Delivered
O009111,2024-05-02,C0380,P0070,E047,6,0.0,Cash on Delivery,Delivered
O009126,2024-05-02,C0915,P0015,E039,2,0.02,Credit Card,Delivered
O009475,2024-05-02,C0489,P0181,E010,6,0.0,Net Banking,Delivered
O002566,2024-05-03,C0136,P0095,E016,4,0.0,Credit Card,Delivered
O002694,2024-05-03,C0724,P0120,E014,8,0.0,Net Banking,Delivered
O003443,2024-05-03,C0886,P0059,E026,3,0.0,Credit Card,Delivered
O005724,2024-05-03,C0156,P0061,E042,1,0.1,Credit Card,Delivered
O006897,2024-05-03,C0350,P0039,E018,1,0.0,Debit Card,Delivered
O008535,2024-05-03,C0303,P0030,E009,2,0.1,Cash on Delivery,Delivered
O000536,2024-05-04,C0971,P0176,E015,1,0.05,Credit Card,Cancelled
O000545,2024-05-04,C0426,P0086,E016,1,0.0,Debit Card,Delivered
O000890,2024-05-04,C0733,P0020,E019,5,0.0,Debit Card,Delivered
O002978,2024-05-04,C0739,P0096,E002,2,0.1,UPI,Delivered
O006486,2024-05-04,C0765,P0100,E034,6,0.05,Net Banking,Delivered
O008173,2024-05-04,C0357,P0105,E018,2,0.1,UPI,Delivered
O008466,2024-05-04,C0258,P0088,E012,3,0.0,Credit Card,Delivered
O008920,2024-05-04,C0224,P0086,E024,2,0.1,Credit Card,Delivered
O009622,2024-05-04,C0020,P0100,E008,3,0.0,UPI,Delivered
O000346,2024-05-05,C0683,P0092,E012,1,0.15,Credit Card,Delivered
O000487,2024-05-05,C0514,P0002,E007,6,0.0,UPI,Delivered
O001088,2024-05-05,C0758,P0122,E050,3,0.0,UPI,Delivered
O001613,2024-05-05,C0578,P0166,E013,6,0.05,Credit Card,Delivered
O002868,2024-05-05,C0583,P0047,E016,3,0.0,UPI,Returned
O003085,2024-05-05,C0733,P0100,E033,2,0.15,Debit Card,Delivered
O003437,2024-05-05,C0180,P0196,E030,2,0.0,UPI,Delivered
O003922,2024-05-05,C0722,P0141,E040,6,0.0,UPI,Delivered
O007277,2024-05-05,C0419,P0048,E043,3,0.2,Debit Card,Delivered
O007800,2024-05-05,C0107,P0150,E043,3,0.0,UPI,Delivered
O009273,2024-05-05,C0783,P0077,E013,4,0.1,Credit Card,Delivered
O009361,2024-05-05,C0020,P0170,E020,1,0.15,Debit Card,Delivered
O000120,2024-05-06,C0793,P0135,E003,2,0.0,Cash on Delivery,Delivered
O000414,2024-05-06,C0293,P0140,E025,1,0.1,Cash on Delivery,Delivered
O001783,2024-05-06,C0059,P0121,E008,2,0.15,Cash on Delivery,Delivered
O003168,2024-05-06,C0670,P0191,E038,1,0.15,UPI,Delivered
O005073,2024-05-06,C0032,P0114,E024,5,0.05,Credit Card,Cancelled
O005867,2024-05-06,C0273,P0093,E026,2,0.0,Debit Card,Delivered
O007325,2024-05-06,C0022,P0187,E049,1,0.15,Cash on Delivery,Delivered
O008216,2024-05-06,C0926,P0148,E013,4,0.2,UPI,Delivered
O008852,2024-05-06,C0405,P0122,E036,5,0.05,Debit Card,Delivered
O000263,2024-05-07,C0583,P0117,E026,2,0.05,UPI,Delivered
O002748,2024-05-07,C0402,P0012,E037,8,0.02,UPI,Returned
O004191,2024-05-07,C0617,P0166,E003,6,0.05,UPI,Delivered
O004294,2024-05-07,C0178,P0157,E018,5,0.1,UPI,Delivered
O005898,2024-05-07,C0393,P0101,E030,1,0.02,Net Banking,Delivered
O006006,2024-05-07,C0206,P0017,E037,1,0.1,Net Banking,Delivered
O006726,2024-05-07,C0276,P0191,E030,1,0.0,Credit Card,Delivered
O006946,2024-05-07,C0093,P0017,E025,3,0.0,Debit Card,Delivered
O008913,2024-05-07,C0973,P0023,E004,2,0.15,UPI,Delivered
O008935,2024-05-07,C0652,P0176,E040,3,0.0,Debit Card,Cancelled
O009615,2024-05-07,C0926,P0101,E027,6,0.2,Net Banking,Delivered
O000115,2024-05-08,C0842,P0194,E020,1,0.0,Net Banking,Delivered
O000440,2024-05-08,C0744,P0187,E012,8,0.1,UPI,Delivered
O000684,2024-05-08,C0125,P0154,E018,3,0.05,Debit Card,Delivered
O001023,2024-05-08,C0375,P0044,E049,10,0.15,Debit Card,Returned
O001082,2024-05-08,C0187,P0074,E047,2,0.15,Debit Card,Delivered
O001160,2024-05-08,C0162,P0104,E041,2,0.05,Debit Card,Delivered
O001626,2024-05-08,C0192,P0130,E018,2,0.02,Debit Card,Delivered
O002574,2024-05-08,C0994,P0075,E015,1,0.1,UPI,Delivered
O004723,2024-05-08,C0679,P0170,E036,1,0.0,UPI,Delivered
O005350,2024-05-08,C0588,P0135,E004,1,0.0,UPI,Delivered
O005662,2024-05-08,C0502,P0129,E032,1,0.02,Net Banking,Delivered
O005871,2024-05-08,C0177,P0157,E031,1,0.0,UPI,Delivered
O000235,2024-05-09,C0871,P0048,E048,6,0.15,Net Banking,Returned
O001063,2024-05-09,C0743,P0090,E046,1,0.05,Credit Card,Delivered
O001652,2024-05-09,C0728,P0086,E001,2,0.05,Net Banking,Delivered
O004752,2024-05-09,C0586,P0001,E042,2,0.1,UPI,Delivered
O005810,2024-05-09,C0825,P0153,E022,4,0.0,UPI,Delivered
O005984,2024-05-09,C0561,P0079,E038,2,0.0,Debit Card,Delivered
O006741,2024-05-09,C0879,P0162,E041,2,0.0,Net Banking,Delivered
O007212,2024-05-09,C0765,P0056,E003,2,0.05,Cash on Delivery,Delivered
O007340,2024-05-09,C0847,P0071,E035,2,0.02,UPI,Cancelled
O007480,2024-05-09,C0036,P0044,E045,1,0.02,Net Banking,Delivered
O008588,2024-05-09,C0872,P0155,E049,1,0.05,UPI,Delivered
O008621,2024-05-09,C0135,P0018,E041,2,0.2,Cash on Delivery,Delivered
O009225,2024-05-09,C0781,P0156,E013,1,0.05,Net Banking,Delivered
O009876,2024-05-09,C0912,P0122,E005,2,0.0,Debit Card,Delivered
O000106,2024-05-10,C0042,P0081,E037,1,0.0,Credit Card,Delivered
O000824,2024-05-10,C0003,P0102,E014,1,0.05,Cash on Delivery,Shipped
O001411,2024-05-10,C0816,P0132,E006,4,0.0,Credit Card,Delivered
O003548,2024-05-10,C0282,P0062,E001,1,0.0,Net Banking,Delivered
O004173,2024-05-10,C0684,P0071,E042,10,0.1,Debit Card,Delivered
O004597,2024-05-10,C0514,P0193,E017,2,0.05,UPI,Delivered
O004804,2024-05-10,C0434,P0012,E042,5,0.0,Credit Card,Delivered
O006182,2024-05-10,C0885,P0198,E033,2,0.0,UPI,Delivered
O007154,2024-05-10,C0108,P0113,E045,2,0.0,Credit Card,Delivered
O009478,2024-05-10,C0004,P0155,E013,3,0.02,UPI,Delivered
O009965,2024-05-10,C0888,P0059,E042,2,0.0,Net Banking,Delivered
O000145,2024-05-11,C0656,P0054,E018,2,0.05,UPI,Delivered
O000500,2024-05-11,C0661,P0073,E011,2,0.0,Cash on Delivery,Delivered
O000929,2024-05-11,C0257,P0053,E020,2,0.0,Credit Card,Returned
O002010,2024-05-11,C0571,P0176,E046,8,0.05,Cash on Delivery,Cancelled
O002651,2024-05-11,C0877,P0056,E050,4,0.0,UPI,Delivered
O003515,2024-05-11,C0738,P0187,E036,1,0.05,Net Banking,Delivered
O005711,2024-05-11,C0900,P0185,E034,2,0.1,Credit Card,Shipped
O006183,2024-05-11,C0855,P0151,E049,1,0.0,Net Banking,Delivered
O006384,2024-05-11,C0339,P0113,E022,1,0.2,Credit Card,Delivered
O008498,2024-05-11,C0530,P0041,E027,1,0.1,Credit Card,Delivered
O001773,2024-05-12,C0075,P0162,E035,2,0.0,Net Banking,Delivered
O001987,2024-05-12,C0933,P0060,E019,6,0.0,Debit Card,Delivered
O002217,2024-05-12,C0646,P0048,E009,1,0.15,Credit Card,Delivered
O002416,2024-05-12,C0088,P0086,E031,4,0.0,Credit Card,Delivered
O004124,2024-05-12,C0856,P0023,E010,5,0.0,UPI,Delivered
O004996,2024-05-12,C0646,P0142,E015,8,0.05,Credit Card,Returned
O005123,2024-05-12,C0419,P0186,E004,6,0.0,UPI,Delivered
O005474,2024-05-12,C0072,P0110,E027,2,0.05,UPI,Shipped
O007424,2024-05-12,C0527,P0169,E012,2,0.05,UPI,Delivered
O007533,2024-05-12,C0235,P0003,E042,1,0.02,UPI,Delivered
O007670,2024-05-12,C0173,P0058,E033,5,0.02,Credit Card,Delivered
O008288,2024-05-12,C0946,P0052,E019,4,0.0,Cash on Delivery,Delivered
O001663,2024-05-13,C0664,P0149,E006,1,0.02,Credit Card,Delivered
O002049,2024-05-13,C0784,P0148,E039,3,0.15,UPI,Delivered
O002957,2024-05-13,C0877,P0117,E044,1,0.0,UPI,Delivered
O003016,2024-05-13,C0611,P0099,E023,1,0.0,UPI,Delivered
O003461,2024-05-13,C0957,P0135,E043,8,0.0,Net Banking,Delivered
O004222,2024-05-13,C0758,P0106,E005,5,0.15,Net Banking,Shipped
O006166,2024-05-13,C0520,P0051,E008,3,0.05,Credit Card,Delivered
O006286,2024-05-13,C0844,P0103,E004,1,0.1,UPI,Returned
O006439,2024-05-13,C0583,P0087,E043,6,0.1,Cash on Delivery,Delivered
O006535,2024-05-13,C0180,P0160,E036,2,0.02,UPI,Shipped
O007537,2024-05-13,C0073,P0074,E026,2,0.0,Net Banking,Delivered
O009528,2024-05-13,C0687,P0063,E003,1,0.05,UPI,Delivered
O000095,2024-05-14,C0153,P0191,E043,2,0.0,Net Banking,Delivered
O000789,2024-05-14,C0647,P0157,E005,2,0.0,Credit Card,Delivered
O002611,2024-05-14,C0622,P0175,E037,5,0.0,Net Banking,Delivered
O002793,2024-05-14,C0730,P0045,E045,1,0.05,Credit Card,Returned
O003618,2024-05-14,C0840,P0038,E012,2,0.05,Cash on Delivery,Cancelled
O004231,2024-05-14,C0817,P0061,E029,2,0.0,Credit Card,Delivered
O008226,2024-05-14,C0011,P0063,E018,2,0.1,Debit Card,Delivered
O009473,2024-05-14,C0468,P0126,E047,3,0.0,Net Banking,Delivered
O009706,2024-05-14,C0331,P0125,E025,2,0.0,Credit Card,Delivered
O000311,2024-05-15,C0838,P0187,E041,1,0.1,Net Banking,Delivered
O001075,2024-05-15,C0999,P0098,E029,5,0.02,Credit Card,Delivered
O001351,2024-05-15,C0676,P0049,E019,2,0.0,Net Banking,Delivered
O001757,2024-05-15,C0931,P0045,E001,6,0.0,Debit Card,Delivered
O001889,2024-05-15,C0766,P0004,E042,3,0.0,Net Banking,Delivered
O002427,2024-05-15,C0462,P0152,E026,1,0.0,UPI,Shipped
O004365,2024-05-15,C0248,P0139,E049,1,0.2,Cash on Delivery,Shipped
O004481,2024-05-15,C0956,P0015,E049,8,0.0,Credit Card,Delivered
O005295,2024-05-15,C0634,P0114,E019,3,0.15,Debit Card,Delivered
O005379,2024-05-15,C0133,P0014,E043,5,0.05,Credit Card,Delivered
O006303,2024-05-15,C0553,P0184,E024,3,0.02,Credit Card,Delivered
O006549,2024-05-15,C0152,P0032,E013,2,0.15,Debit Card,Delivered
O006943,2024-05-15,C0678,P0025,E027,6,0.0,UPI,Delivered
O007047,2024-05-15,C0233,P0191,E009,2,0.05,Debit Card,Shipped
O007193,2024-05-15,C0480,P0191,E050,4,0.0,Net Banking,Delivered
O009078,2024-05-15,C0587,P0017,E013,5,0.1,Credit Card,Delivered
O009419,2024-05-15,C0957,P0009,E030,1,0.05,UPI,Shipped
O009608,2024-05-15,C0332,P0151,E050,8,0.0,Cash on Delivery,Delivered
O001416,2024-05-16,C0781,P0166,E016,2,0.15,Debit Card,Delivered
O002888,2024-05-16,C0335,P0105,E050,3,0.05,UPI,Delivered
O004873,2024-05-16,C0097,P0106,E017,3,0.02,Net Banking,Shipped
O007454,2024-05-16,C0125,P0073,E041,5,0.0,UPI,Delivered
O009889,2024-05-16,C0596,P0176,E018,8,0.05,Debit Card,Delivered
O000719,2024-05-17,C0016,P0082,E035,2,0.02,UPI,Delivered
O000748,2024-05-17,C0350,P0004,E043,1,0.0,Net Banking,Delivered
O003031,2024-05-17,C0514,P0124,E021,1,0.0,UPI,Returned
O003052,2024-05-17,C0248,P0044,E003,1,0.1,UPI,Delivered
O003474,2024-05-17,C0811,P0074,E036,5,0.1,Debit Card,Delivered
O003630,2024-05-17,C0648,P0132,E036,3,0.0,Cash on Delivery,Delivered
O005412,2024-05-17,C0901,P0197,E033,1,0.1,Net Banking,Delivered
O006061,2024-05-17,C0546,P0105,E040,8,0.02,Cash on Delivery,Delivered
O006069,2024-05-17,C0964,P0014,E045,1,0.1,Debit Card,Delivered
O006580,2024-05-17,C0799,P0187,E007,1,0.05,UPI,Shipped
O006692,2024-05-17,C0733,P0061,E032,1,0.0,Cash on Delivery,Delivered
O007057,2024-05-17,C0120,P0062,E049,1,0.0,Net Banking,Cancelled
O007410,2024-05-17,C0536,P0074,E033,1,0.02,Debit Card,Delivered
O007584,2024-05-17,C0039,P0139,E005,1,0.1,Cash on Delivery,Returned
O000710,2024-05-18,C0597,P0184,E013,5,0.02,UPI,Delivered
O002520,2024-05-18,C0877,P0053,E045,4,0.0,Debit Card,Delivered
O002869,2024-05-18,C0339,P0167,E007,4,0.05,UPI,Cancelled
O003956,2024-05-18,C0181,P0185,E033,5,0.02,Credit Card,Returned
O004263,2024-05-18,C0374,P0124,E034,1,0.0,Net Banking,Delivered
O005149,2024-05-18,C0195,P0103,E003,2,0.1,Credit Card,Delivered
O005986,2024-05-18,C0759,P0069,E033,1,0.05,Credit Card,Delivered
O006533,2024-05-18,C0416,P0185,E004,6,0.1,Cash on Delivery,Delivered
O008622,2024-05-18,C0322,P0051,E001,5,0.05,Net Banking,Delivered
O008640,2024-05-18,C0454,P0047,E045,4,0.1,Credit Card,Cancelled
O009890,2024-05-18,C0268,P0171,E047,3,0.02,Net Banking,Delivered
O009907,2024-05-18,C0099,P0023,E045,1,0.1,UPI,Delivered
O000186,2024-05-19,C0608,P0074,E015,2,0.05,UPI,Delivered
O001324,2024-05-19,C0017,P0181,E007,1,0.0,UPI,Delivered
O002593,2024-05-19,C0419,P0171,E041,4,0.0,Debit Card,Delivered
O004319,2024-05-19,C0305,P0190,E049,2,0.0,Cash on Delivery,Delivered
O004903,2024-05-19,C0589,P0074,E007,8,0.0,UPI,Delivered
O007400,2024-05-19,C0353,P0199,E029,5,0.02,Debit Card,Delivered
O007551,2024-05-19,C0926,P0186,E032,1,0.05,Credit Card,Delivered
O000696,2024-05-20,C0908,P0198,E017,5,0.05,Credit Card,Delivered
O001330,2024-05-20,C0261,P0178,E014,1,0.02,UPI,Delivered
O007291,2024-05-20,C0378,P0130,E002,2,0.1,Cash on Delivery,Delivered
O008639,2024-05-20,C0141,P0077,E045,3,0.0,Credit Card,Delivered
O000403,2024-05-21,C0378,P0045,E019,3,0.15,Net Banking,Delivered
O003765,2024-05-21,C0104,P0156,E009,4,0.0,Cash on Delivery,Shipped
O004088,2024-05-21,C0256,P0102,E024,1,0.0,UPI,Returned
O004244,2024-05-21,C0528,P0154,E014,2,0.0,Credit Card,Delivered
O004691,2024-05-21,C0576,P0055,E037,2,0.0,Debit Card,Delivered
O004761,2024-05-21,C0664,P0021,E011,1,0.02,Net Banking,Delivered
O005694,2024-05-21,C0625,P0029,E011,3,0.0,Credit Card,Delivered
O006004,2024-05-21,C0290,P0079,E012,5,0.02,Credit Card,Delivered
O008053,2024-05-21,C0634,P0122,E046,3,0.02,Credit Card,Delivered
O008486,2024-05-21,C0865,P0005,E045,2,0.02,Credit Card,Delivered
O009850,2024-05-21,C0020,P0152,E037,1,0.05,Debit Card,Delivered
O000978,2024-05-22,C0487,P0058,E006,2,0.0,Net Banking,Delivered
O005613,2024-05-22,C0249,P0081,E016,2,0.0,Credit Card,Delivered
O006830,2024-05-22,C0490,P0015,E026,1,0.05,UPI,Delivered
O007285,2024-05-22,C0266,P0048,E015,10,0.1,Credit Card,Delivered
O009397,2024-05-22,C0175,P0185,E046,6,0.05,UPI,Delivered
O000354,2024-05-23,C0181,P0081,E040,1,0.0,Debit Card,Delivered
O000621,2024-05-23,C0452,P0015,E042,4,0.05,UPI,Delivered
O000928,2024-05-23,C0480,P0141,E043,10,0.15,Cash on Delivery,Delivered
O001109,2024-05-23,C0126,P0072,E001,8,0.2,Credit Card,Delivered
O003760,2024-05-23,C0008,P0169,E017,1,0.02,UPI,Delivered
O004703,2024-05-23,C0511,P0070,E034,5,0.0,Credit Card,Delivered
O005827,2024-05-23,C0675,P0129,E034,2,0.0,Credit Card,Cancelled
O005855,2024-05-23,C0273,P0177,E044,1,0.0,UPI,Delivered
O006231,2024-05-23,C0065,P0120,E004,2,0.05,Credit Card,Delivered
O007531,2024-05-23,C0228,P0160,E008,8,0.05,Credit Card,Delivered
O007680,2024-05-23,C0670,P0156,E031,1,0.2,Cash on Delivery,Delivered
O001192,2024-05-24,C0225,P0106,E007,2,0.15,Credit Card,Shipped
O001721,2024-05-24,C0569,P0004,E042,2,0.0,Credit Card,Delivered
O002291,2024-05-24,C0123,P0001,E013,5,0.1,Cash on Delivery,Delivered
O002831,2024-05-24,C0698,P0029,E049,2,0.0,UPI,Delivered
O003141,2024-05-24,C0067,P0121,E023,2,0.2,Credit Card,Delivered
O003149,2024-05-24,C0941,P0003,E016,3,0.1,Credit Card,Delivered
O004123,2024-05-24,C0392,P0067,E010,6,0.02,Credit Card,Delivered
O005206,2024-05-24,C0151,P0132,E034,1,0.2,UPI,Delivered
O006072,2024-05-24,C0277,P0088,E046,3,0.0,Debit Card,Delivered
O006331,2024-05-24,C0907,P0111,E005,4,0.05,Net Banking,Delivered
O007698,2024-05-24,C0357,P0098,E033,1,0.02,UPI,Delivered
O008022,2024-05-24,C0951,P0130,E049,2,0.0,Credit Card,Delivered
O008607,2024-05-24,C0712,P0157,E033,4,0.05,UPI,Cancelled
O009104,2024-05-24,C0855,P0118,E043,3,0.05,Credit Card,Delivered
O000426,2024-05-25,C0028,P0086,E024,1,0.02,Credit Card,Delivered
O001722,2024-05-25,C0276,P0008,E041,1,0.0,UPI,Delivered
O002090,2024-05-25,C0839,P0200,E033,2,0.05,UPI,Shipped
O002393,2024-05-25,C0410,P0052,E035,3,0.0,Credit Card,Delivered
O003188,2024-05-25,C0603,P0155,E028,1,0.02,Debit Card,Cancelled
O004794,2024-05-25,C0094,P0092,E019,1,0.05,UPI,Delivered
O005249,2024-05-25,C0227,P0195,E043,1,0.0,Credit Card,Delivered
O005522,2024-05-25,C0732,P0011,E045,2,0.0,Credit Card,Delivered
O007023,2024-05-25,C0371,P0108,E021,2,0.0,Credit Card,Cancelled
O008151,2024-05-25,C0754,P0165,E047,1,0.0,Cash on Delivery,Delivered
O008853,2024-05-25,C0955,P0033,E030,2,0.0,UPI,Delivered
O000048,2024-05-26,C0677,P0077,E042,5,0.02,UPI,Delivered
O000224,2024-05-26,C0210,P0063,E014,2,0.1,Cash on Delivery,Delivered
O000732,2024-05-26,C0551,P0175,E042,4,0.0,Credit Card,Shipped
O000755,2024-05-26,C0679,P0018,E032,2,0.02,Debit Card,Delivered
O001096,2024-05-26,C0064,P0120,E017,1,0.1,Credit Card,Delivered
O001385,2024-05-26,C0725,P0144,E041,4,0.05,Debit Card,Returned
O006534,2024-05-26,C0345,P0147,E043,1,0.05,Net Banking,Delivered
O007515,2024-05-26,C0617,P0118,E011,1,0.05,Credit Card,Delivered
O008081,2024-05-26,C0421,P0054,E027,6,0.05,Credit Card,Delivered
O009839,2024-05-26,C0374,P0052,E020,8,0.1,Credit Card,Delivered
O000308,2024-05-27,C0926,P0193,E047,1,0.0,Credit Card,Delivered
O000334,2024-05-27,C0552,P0047,E024,3,0.1,UPI,Delivered
O000584,2024-05-27,C0152,P0109,E042,2,0.0,Net Banking,Delivered
O000835,2024-05-27,C0324,P0155,E038,8,0.0,Cash on Delivery,Delivered
O000922,2024-05-27,C0231,P0191,E040,4,0.15,Debit Card,Delivered
O002580,2024-05-27,C0465,P0152,E042,1,0.0,Debit Card,Delivered
O004423,2024-05-27,C0664,P0162,E010,1,0.15,Debit Card,Delivered
O004432,2024-05-27,C0220,P0170,E008,10,0.05,Credit Card,Delivered
O004755,2024-05-27,C0744,P0025,E031,1,0.05,UPI,Delivered
O005460,2024-05-27,C0122,P0054,E020,5,0.05,UPI,Delivered
O007245,2024-05-27,C0977,P0170,E033,1,0.2,UPI,Delivered
O001132,2024-05-28,C0818,P0009,E042,2,0.0,Debit Card,Delivered
O001720,2024-05-28,C0144,P0180,E036,1,0.1,Cash on Delivery,Delivered
O003004,2024-05-28,C0847,P0104,E032,6,0.0,Net Banking,Delivered
O003891,2024-05-28,C0586,P0159,E042,3,0.1,Debit Card,Cancelled
O004844,2024-05-28,C0688,P0131,E025,2,0.0,Debit Card,Delivered
O005864,2024-05-28,C0771,P0066,E036,2,0.0,Credit Card,Delivered
O006200,2024-05-28,C0822,P0045,E042,1,0.05,Cash on Delivery,Delivered
O007228,2024-05-28,C0727,P0128,E005,1,0.1,Net Banking,Delivered
O008312,2024-05-28,C0962,P0137,E014,1,0.05,Net Banking,Delivered
O009370,2024-05-28,C0933,P0080,E022,1,0.0,Credit Card,Delivered
O000076,2024-05-29,C0325,P0165,E019,2,0.0,Credit Card,Delivered
O000227,2024-05-29,C0144,P0090,E006,3,0.05,Cash on Delivery,Shipped
O001900,2024-05-29,C0855,P0097,E010,6,0.15,Credit Card,Delivered
O002517,2024-05-29,C0433,P0194,E001,1,0.05,Cash on Delivery,Cancelled
O002745,2024-05-29,C0255,P0085,E024,1,0.05,Credit Card,Delivered
O002866,2024-05-29,C0639,P0152,E042,3,0.1,Credit Card,Returned
O003961,2024-05-29,C0167,P0057,E044,1,0.1,Cash on Delivery,Delivered
O007455,2024-05-29,C0671,P0036,E042,1,0.02,Debit Card,Delivered
O007895,2024-05-29,C0402,P0080,E028,1,0.05,Credit Card,Delivered
O008008,2024-05-29,C0340,P0107,E034,1,0.05,Net Banking,Shipped
O001223,2024-05-30,C0283,P0093,E021,5,0.02,Net Banking,Delivered
O001410,2024-05-30,C0141,P0024,E044,2,0.05,Credit Card,Delivered
O001508,2024-05-30,C0310,P0077,E035,1,0.0,Debit Card,Delivered
O002861,2024-05-30,C0679,P0099,E018,1,0.05,Cash on Delivery,Delivered
O003702,2024-05-30,C0280,P0033,E041,5,0.1,Debit Card,Delivered
O004119,2024-05-30,C0114,P0017,E029,1,0.0,Net Banking,Delivered
O004639,2024-05-30,C0262,P0182,E030,1,0.02,Credit Card,Delivered
O005294,2024-05-30,C0012,P0116,E033,2,0.0,UPI,Shipped
O005817,2024-05-30,C0403,P0114,E025,1,0.02,Net Banking,Delivered
O006281,2024-05-30,C0384,P0027,E031,8,0.05,UPI,Delivered
O006890,2024-05-30,C0771,P0069,E016,2,0.02,Credit Card,Delivered
O007321,2024-05-30,C0675,P0018,E043,1,0.05,Debit Card,Delivered
O009800,2024-05-30,C0288,P0014,E005,4,0.0,Debit Card,Delivered
O000258,2024-05-31,C0879,P0112,E019,1,0.0,Net Banking,Shipped
O001102,2024-05-31,C0903,P0179,E026,3,0.0,Credit Card,Delivered
O001288,2024-05-31,C0531,P0053,E005,3,0.0,Credit Card,Delivered
O003127,2024-05-31,C0566,P0087,E007,2,0.02,Credit Card,Cancelled
O003278,2024-05-31,C0189,P0051,E045,1,0.2,Cash on Delivery,Delivered
O003466,2024-05-31,C0620,P0047,E028,1,0.0,Net Banking,Delivered
O004230,2024-05-31,C0975,P0043,E002,3,0.02,Net Banking,Delivered
O005020,2024-05-31,C0031,P0093,E023,2,0.05,Net Banking,Delivered
O005901,2024-05-31,C0879,P0089,E041,1,0.1,UPI,Delivered
O006648,2024-05-31,C0801,P0122,E030,8,0.15,Credit Card,Delivered
O007292,2024-05-31,C0751,P0175,E014,2,0.05,Net Banking,Delivered
O009386,2024-05-31,C0520,P0014,E023,10,0.1,Cash on Delivery,Delivered
O009409,2024-05-31,C0781,P0085,E024,5,0.1,UPI,Delivered
O009619,2024-05-31,C0324,P0057,E020,2,0.02,Cash on Delivery,Delivered
O000579,2024-06-01,C0330,P0165,E027,1,0.15,Credit Card,Delivered
O000908,2024-06-01,C0135,P0093,E024,2,0.0,Credit Card,Delivered
O003156,2024-06-01,C0121,P0033,E030,2,0.05,Net Banking,Delivered
O005306,2024-06-01,C0416,P0041,E033,2,0.0,UPI,Delivered
O006615,2024-06-01,C0218,P0190,E045,1,0.15,Net Banking,Delivered
O006740,2024-06-01,C0126,P0157,E047,1,0.0,Net Banking,Delivered
O007653,2024-06-01,C0952,P0179,E035,4,0.0,Cash on Delivery,Delivered
O008328,2024-06-01,C0953,P0171,E007,5,0.15,UPI,Delivered
O008356,2024-06-01,C0859,P0125,E021,1,0.05,Debit Card,Delivered
O001972,2024-06-02,C0454,P0167,E026,1,0.05,UPI,Delivered
O002678,2024-06-02,C0675,P0188,E013,2,0.1,UPI,Delivered
O004756,2024-06-02,C0816,P0050,E003,8,0.05,UPI,Delivered
O005336,2024-06-02,C0364,P0187,E032,3,0.0,Debit Card,Delivered
O005520,2024-06-02,C0063,P0160,E015,3,0.1,UPI,Delivered
O006638,2024-06-02,C0249,P0072,E034,3,0.0,Net Banking,Delivered
O006702,2024-06-02,C0350,P0148,E008,3,0.02,UPI,Delivered
O006971,2024-06-02,C0896,P0123,E046,1,0.05,UPI,Delivered
O007606,2024-06-02,C0622,P0186,E009,1,0.0,Net Banking,Delivered
O008297,2024-06-02,C0788,P0162,E040,3,0.1,UPI,Delivered
O008478,2024-06-02,C0716,P0008,E019,4,0.15,UPI,Delivered
O009125,2024-06-02,C0561,P0094,E038,2,0.0,Debit Card,Delivered
O009326,2024-06-02,C0299,P0182,E011,2,0.0,UPI,Delivered
O002645,2024-06-03,C0199,P0027,E003,1,0.2,Cash on Delivery,Shipped
O004581,2024-06-03,C0648,P0166,E027,6,0.02,Cash on Delivery,Delivered
O004735,2024-06-03,C0500,P0010,E035,6,0.05,Credit Card,Delivered
O004982,2024-06-03,C0847,P0085,E037,2,0.05,Debit Card,Delivered
O008550,2024-06-03,C0491,P0146,E001,2,0.0,UPI,Delivered
O002143,2024-06-04,C0194,P0116,E016,1,0.05,UPI,Delivered
O005698,2024-06-04,C0954,P0130,E034,1,0.0,UPI,Delivered
O007405,2024-06-04,C0911,P0016,E004,1,0.2,Credit Card,Delivered
O008296,2024-06-04,C0444,P0134,E006,1,0.1,Credit Card,Delivered
O009562,2024-06-04,C0879,P0006,E043,5,0.0,Net Banking,Shipped
O000050,2024-06-05,C0444,P0005,E009,3,0.05,Debit Card,Delivered
O001527,2024-06-05,C0433,P0156,E001,1,0.02,Credit Card,Delivered
O002370,2024-06-05,C0556,P0057,E042,2,0.02,Cash on Delivery,Shipped
O002620,2024-06-05,C0721,P0127,E009,3,0.1,UPI,Delivered
O004527,2024-06-05,C0992,P0042,E014,1,0.0,Credit Card,Delivered
O005816,2024-06-05,C0486,P0078,E019,3,0.15,Cash on Delivery,Delivered
O006043,2024-06-05,C0728,P0120,E047,2,0.0,Cash on Delivery,Cancelled
O007381,2024-06-05,C0647,P0059,E023,1,0.02,Net Banking,Delivered
O008038,2024-06-05,C0562,P0152,E007,4,0.05,Net Banking,Delivered
O008437,2024-06-05,C0686,P0142,E043,2,0.05,Credit Card,Delivered
O000787,2024-06-06,C0544,P0006,E041,2,0.05,Debit Card,Delivered
O000790,2024-06-06,C0020,P0145,E019,1,0.0,Net Banking,Delivered
O001714,2024-06-06,C0729,P0091,E037,1,0.05,UPI,Delivered
O002953,2024-06-06,C0682,P0121,E038,1,0.1,Credit Card,Delivered
O003348,2024-06-06,C0140,P0019,E019,1,0.0,Cash on Delivery,Delivered
O003623,2024-06-06,C0558,P0190,E038,2,0.05,UPI,Delivered
O005677,2024-06-06,C0916,P0072,E006,3,0.0,Credit Card,Delivered
O006232,2024-06-06,C0933,P0162,E023,8,0.0,Credit Card,Delivered
O008019,2024-06-06,C0894,P0009,E011,3,0.1,Credit Card,Delivered
O000193,2024-06-07,C0514,P0018,E021,1,0.02,Debit Card,Shipped
O001922,2024-06-07,C0405,P0107,E049,2,0.05,Credit Card,Delivered
O002473,2024-06-07,C0561,P0087,E027,1,0.0,Net Banking,Delivered
O003105,2024-06-07,C0416,P0126,E037,6,0.15,Net Banking,Delivered
O003553,2024-06-07,C0580,P0144,E004,1,0.05,Net Banking,Delivered
O004182,2024-06-07,C0888,P0092,E018,8,0.15,Net Banking,Cancelled
O004792,2024-06-07,C0616,P0155,E006,2,0.15,Debit Card,Delivered
O004872,2024-06-07,C0748,P0113,E008,1,0.1,Credit Card,Delivered
O007542,2024-06-07,C0320,P0023,E018,1,0.1,UPI,Delivered
O000152,2024-06-08,C0127,P0006,E024,1,0.0,Debit Card,Delivered
O000839,2024-06-08,C0803,P0174,E001,4,0.0,Debit Card,Delivered
O002152,2024-06-08,C0001,P0083,E009,2,0.0,UPI,Shipped
O003034,2024-06-08,C0384,P0046,E049,1,0.15,Net Banking,Delivered
O003267,2024-06-08,C0629,P0097,E042,10,0.2,Debit Card,Delivered
O005104,2024-06-08,C0496,P0061,E034,1,0.05,Net Banking,Delivered
O007011,2024-06-08,C0751,P0196,E043,5,0.1,Debit Card,Delivered
O008450,2024-06-08,C0883,P0188,E011,2,0.05,Debit Card,Delivered
O008479,2024-06-08,C0634,P0006,E011,2,0.05,Debit Card,Delivered
O009345,2024-06-08,C0951,P0166,E004,2,0.0,Debit Card,Shipped
O009373,2024-06-08,C0781,P0181,E031,2,0.1,Net Banking,Delivered
O009748,2024-06-08,C0174,P0180,E002,3,0.02,Credit Card,Returned
O000327,2024-06-09,C0904,P0051,E039,8,0.0,UPI,Delivered
O002422,2024-06-09,C0738,P0041,E036,3,0.0,Debit Card,Delivered
O002919,2024-06-09,C0231,P0148,E023,3,0.0,UPI,Delivered
O003617,2024-06-09,C0064,P0167,E021,1,0.1,Debit Card,Delivered
O004168,2024-06-09,C0776,P0082,E049,2,0.02,Debit Card,Returned
O004382,2024-06-09,C0670,P0040,E027,2,0.2,Credit Card,Delivered
O004927,2024-06-09,C0480,P0092,E026,6,0.0,UPI,Delivered
O005786,2024-06-09,C0495,P0156,E008,4,0.02,UPI,Cancelled
O006505,2024-06-09,C0120,P0016,E002,3,0.02,Debit Card,Delivered
O006799,2024-06-09,C0099,P0162,E027,5,0.0,Net Banking,Delivered
O007417,2024-06-09,C0273,P0041,E007,1,0.15,UPI,Cancelled
O007974,2024-06-09,C0530,P0178,E033,8,0.05,Debit Card,Delivered
O008342,2024-06-09,C0138,P0029,E024,1,0.2,UPI,Delivered
O008353,2024-06-09,C0771,P0197,E032,2,0.15,Credit Card,Delivered
O001372,2024-06-10,C0306,P0169,E012,2,0.1,UPI,Delivered
O006642,2024-06-10,C0022,P0004,E047,3,0.05,Debit Card,Delivered
O006930,2024-06-10,C0110,P0145,E037,1,0.02,Net Banking,Cancelled
O009142,2024-06-10,C0689,P0027,E036,3,0.0,UPI,Delivered
O009306,2024-06-10,C0099,P0102,E014,1,0.02,Credit Card,Delivered
O009332,2024-06-10,C0741,P0119,E009,3,0.0,Credit Card,Cancelled
O001599,2024-06-11,C0200,P0046,E016,2,0.05,Cash on Delivery,Delivered
O002932,2024-06-11,C0273,P0185,E005,2,0.05,Net Banking,Delivered
O003360,2024-06-11,C0701,P0018,E006,1,0.0,Net Banking,Delivered
O004969,2024-06-11,C0715,P0152,E038,2,0.2,Debit Card,Shipped
O005022,2024-06-11,C0438,P0193,E003,2,0.15,Net Banking,Delivered
O005070,2024-06-11,C0812,P0027,E018,6,0.1,Cash on Delivery,Delivered
O005180,2024-06-11,C0914,P0005,E015,1,0.15,Net Banking,Returned
O006058,2024-06-11,C0003,P0166,E014,1,0.0,UPI,Delivered
O006831,2024-06-11,C0444,P0019,E028,2,0.1,Credit Card,Delivered
O007060,2024-06-11,C0848,P0029,E042,2,0.1,Debit Card,Delivered
O008515,2024-06-11,C0112,P0157,E046,1,0.2,Net Banking,Delivered
O000360,2024-06-12,C0198,P0186,E001,1,0.1,Net Banking,Delivered
O000375,2024-06-12,C0088,P0075,E012,4,0.05,Debit Card,Delivered
O000463,2024-06-12,C0603,P0113,E043,3,0.1,Cash on Delivery,Cancelled
O001070,2024-06-12,C0351,P0052,E040,4,0.1,UPI,Delivered
O002236,2024-06-12,C0661,P0014,E018,2,0.05,UPI,Delivered
O002625,2024-06-12,C0569,P0176,E017,1,0.0,Credit Card,Delivered
O002718,2024-06-12,C0385,P0005,E022,3,0.0,Debit Card,Delivered
O003223,2024-06-12,C0884,P0143,E042,10,0.02,Credit Card,Delivered
O003644,2024-06-12,C0210,P0162,E028,1,0.02,UPI,Shipped
O004476,2024-06-12,C0678,P0011,E050,2,0.0,Credit Card,Shipped
O005427,2024-06-12,C0841,P0117,E037,4,0.1,Credit Card,Delivered
O007089,2024-06-12,C0490,P0181,E044,2,0.1,Cash on Delivery,Delivered
O008412,2024-06-12,C0825,P0015,E024,1,0.0,Net Banking,Delivered
O008485,2024-06-12,C0946,P0191,E026,5,0.0,Credit Card,Delivered
O009469,2024-06-12,C0964,P0200,E042,5,0.05,UPI,Delivered
O009551,2024-06-12,C0648,P0043,E005,4,0.1,Net Banking,Delivered
O009742,2024-06-12,C0587,P0021,E033,2,0.0,Net Banking,Delivered
O000801,2024-06-13,C0133,P0104,E044,1,0.0,Debit Card,Delivered
O005264,2024-06-13,C0964,P0112,E008,3,0.05,Credit Card,Shipped
O005978,2024-06-13,C0272,P0014,E002,5,0.02,Credit Card,Cancelled
O007056,2024-06-13,C0659,P0138,E006,5,0.02,Credit Card,Shipped
O007932,2024-06-13,C0596,P0012,E009,1,0.05,Net Banking,Cancelled
O008811,2024-06-13,C0064,P0002,E049,2,0.15,UPI,Delivered
O009216,2024-06-13,C0952,P0112,E023,1,0.15,UPI,Delivered
O009434,2024-06-13,C0386,P0166,E022,6,0.0,Cash on Delivery,Delivered
O002224,2024-06-14,C0224,P0067,E009,1,0.15,Net Banking,Delivered
O005161,2024-06-14,C0745,P0034,E032,1,0.05,Debit Card,Delivered
O005719,2024-06-14,C0435,P0076,E013,2,0.1,Credit Card,Delivered
O005885,2024-06-14,C0625,P0132,E015,8,0.0,Debit Card,Delivered
O005999,2024-06-14,C0398,P0064,E041,1,0.05,Debit Card,Delivered
O006100,2024-06-14,C0128,P0028,E023,3,0.05,Net Banking,Returned
O007330,2024-06-14,C0907,P0063,E020,2,0.05,Net Banking,Delivered
O008058,2024-06-14,C0551,P0071,E009,2,0.05,UPI,Delivered
O008456,2024-06-14,C0544,P0175,E034,2,0.02,Net Banking,Delivered
O009728,2024-06-14,C0783,P0198,E017,6,0.02,Net Banking,Delivered
O009880,2024-06-14,C0125,P0017,E035,5,0.05,Net Banking,Delivered
O000056,2024-06-15,C0181,P0101,E001,2,0.0,Credit Card,Delivered
O000489,2024-06-15,C0796,P0012,E013,1,0.2,UPI,Delivered
O000547,2024-06-15,C0391,P0130,E022,3,0.1,Credit Card,Delivered
O003886,2024-06-15,C0029,P0105,E048,4,0.0,Cash on Delivery,Delivered
O006105,2024-06-15,C0997,P0066,E008,3,0.0,Cash on Delivery,Cancelled
O006207,2024-06-15,C0505,P0194,E006,3,0.0,Credit Card,Cancelled
O007768,2024-06-15,C0104,P0134,E001,1,0.1,Debit Card,Delivered
O007905,2024-06-15,C0681,P0199,E022,2,0.0,UPI,Delivered
O008355,2024-06-15,C0562,P0072,E022,2,0.15,UPI,Delivered
O009945,2024-06-15,C0383,P0034,E034,1,0.05,UPI,Delivered
O000784,2024-06-16,C0451,P0019,E034,3,0.05,Credit Card,Shipped
O001468,2024-06-16,C0335,P0147,E045,8,0.0,Debit Card,Delivered
O002641,2024-06-16,C0004,P0178,E049,2,0.2,Debit Card,Delivered
O002871,2024-06-16,C0761,P0125,E015,1,0.05,Credit Card,Delivered
O003242,2024-06-16,C0425,P0080,E031,1,0.02,Net Banking,Delivered
O004785,2024-06-16,C0030,P0055,E022,6,0.0,Credit Card,Delivered
O005538,2024-06-16,C0999,P0189,E034,1,0.0,Credit Card,Delivered
O005902,2024-06-16,C0840,P0038,E028,6,0.02,Cash on Delivery,Delivered
O006868,2024-06-16,C0405,P0003,E046,1,0.1,UPI,Delivered
O007180,2024-06-16,C0727,P0096,E006,2,0.02,Net Banking,Delivered
O007181,2024-06-16,C0092,P0067,E013,1,0.05,Debit Card,Returned
O008776,2024-06-16,C0600,P0022,E022,2,0.1,Credit Card,Returned
O008939,2024-06-16,C0593,P0053,E012,1,0.0,Credit Card,Cancelled
O000249,2024-06-17,C0744,P0178,E039,1,0.1,Credit Card,Delivered
O004335,2024-06-17,C0111,P0061,E045,8,0.0,Debit Card,Delivered
O005958,2024-06-17,C0480,P0129,E021,2,0.05,Credit Card,Returned
O005982,2024-06-17,C0054,P0089,E011,10,0.0,UPI,Delivered
O006855,2024-06-17,C0775,P0113,E016,1,0.0,Debit Card,Delivered
O007183,2024-06-17,C0784,P0064,E016,4,0.1,Net Banking,Delivered
O007216,2024-06-17,C0726,P0092,E030,1,0.0,Net Banking,Delivered
O007899,2024-06-17,C0558,P0033,E049,3,0.05,Credit Card,Delivered
O009808,2024-06-17,C0206,P0131,E035,1,0.05,Credit Card,Delivered
O001326,2024-06-18,C0199,P0064,E027,1,0.05,UPI,Delivered
O002015,2024-06-18,C0363,P0191,E002,5,0.0,UPI,Delivered
O002373,2024-06-18,C0992,P0063,E037,2,0.0,Credit Card,Delivered
O003236,2024-06-18,C0171,P0043,E010,6,0.02,Credit Card,Delivered
O004504,2024-06-18,C0658,P0108,E008,1,0.05,Net Banking,Cancelled
O005137,2024-06-18,C0610,P0176,E003,6,0.0,Credit Card,Delivered
O005543,2024-06-18,C0297,P0119,E022,3,0.05,Debit Card,Delivered
O005852,2024-06-18,C0015,P0122,E006,1,0.0,Credit Card,Delivered
O008238,2024-06-18,C0487,P0183,E043,4,0.05,Debit Card,Delivered
O008687,2024-06-18,C0650,P0027,E007,5,0.05,Credit Card,Delivered
O008729,2024-06-18,C0104,P0153,E012,1,0.05,Debit Card,Delivered
O009261,2024-06-18,C0037,P0066,E024,1,0.2,Cash on Delivery,Delivered
O009638,2024-06-18,C0332,P0180,E032,1,0.02,UPI,Returned
O001535,2024-06-19,C0648,P0041,E020,1,0.02,UPI,Delivered
O002478,2024-06-19,C0111,P0034,E040,3,0.1,Debit Card,Shipped
O003714,2024-06-19,C0229,P0178,E005,2,0.0,Credit Card,Delivered
O005579,2024-06-19,C0119,P0120,E009,5,0.05,Net Banking,Delivered
O006284,2024-06-19,C0853,P0006,E030,1,0.15,Debit Card,Delivered
O006427,2024-06-19,C0749,P0129,E045,8,0.0,Net Banking,Delivered
O006981,2024-06-19,C0278,P0148,E016,10,0.0,UPI,Delivered
O007501,2024-06-19,C0679,P0018,E030,2,0.05,Credit Card,Delivered
O007776,2024-06-19,C0568,P0153,E047,1,0.15,Net Banking,Delivered
O007862,2024-06-19,C0353,P0054,E047,1,0.02,Credit Card,Delivered
O007949,2024-06-19,C0664,P0064,E049,2,0.0,Debit Card,Returned
O008318,2024-06-19,C0899,P0065,E035,1,0.02,Cash on Delivery,Delivered
O008919,2024-06-19,C0693,P0157,E037,8,0.0,Net Banking,Delivered
O009535,2024-06-19,C0701,P0082,E038,1,0.05,Net Banking,Delivered
O009710,2024-06-19,C0097,P0140,E049,2,0.05,Net Banking,Delivered
O001529,2024-06-20,C0283,P0130,E002,1,0.05,Credit Card,Delivered
O003537,2024-06-20,C0741,P0095,E001,3,0.2,Net Banking,Cancelled
O005648,2024-06-20,C0201,P0153,E005,2,0.1,UPI,Delivered
O007494,2024-06-20,C0560,P0071,E024,4,0.02,UPI,Delivered
O007583,2024-06-20,C0722,P0095,E005,2,0.1,UPI,Cancelled
O009301,2024-06-20,C0855,P0149,E026,4,0.05,Net Banking,Delivered
O000448,2024-06-21,C0990,P0070,E024,4,0.0,UPI,Delivered
O000578,2024-06-21,C0978,P0111,E037,2,0.1,Net Banking,Delivered
O004095,2024-06-21,C0372,P0169,E027,2,0.05,Debit Card,Cancelled
O005382,2024-06-21,C0232,P0190,E037,6,0.05,Net Banking,Delivered
O006879,2024-06-21,C0646,P0194,E022,1,0.1,Net Banking,Delivered
O007510,2024-06-21,C0761,P0035,E046,1,0.0,Cash on Delivery,Delivered
O009894,2024-06-21,C0773,P0024,E005,8,0.05,Debit Card,Delivered
O009946,2024-06-21,C0670,P0124,E045,5,0.15,Debit Card,Delivered
O000803,2024-06-22,C0378,P0027,E027,3,0.0,Credit Card,Delivered
O000952,2024-06-22,C0365,P0154,E018,2,0.02,Net Banking,Returned
O001297,2024-06-22,C0167,P0047,E028,1,0.02,Cash on Delivery,Delivered
O003030,2024-06-22,C0596,P0128,E048,3,0.0,Debit Card,Delivered
O004036,2024-06-22,C0843,P0018,E021,4,0.05,UPI,Delivered
O004647,2024-06-22,C0974,P0091,E021,1,0.0,UPI,Delivered
O006012,2024-06-22,C0153,P0054,E017,10,0.2,Credit Card,Delivered
O007763,2024-06-22,C0909,P0198,E029,1,0.0,UPI,Delivered
O008881,2024-06-22,C0997,P0113,E019,2,0.02,Cash on Delivery,Delivered
O000833,2024-06-23,C0609,P0040,E043,3,0.02,UPI,Delivered
O001383,2024-06-23,C0121,P0086,E025,3,0.15,Credit Card,Delivered
O004005,2024-06-23,C0867,P0198,E002,1,0.1,UPI,Delivered
O004154,2024-06-23,C0784,P0123,E021,4,0.0,Debit Card,Delivered
O004281,2024-06-23,C0854,P0193,E040,1,0.0,Debit Card,Delivered
O004425,2024-06-23,C0543,P0137,E049,2,0.02,Net Banking,Delivered
O007986,2024-06-23,C0662,P0069,E016,1,0.05,UPI,Delivered
O008872,2024-06-23,C0878,P0044,E038,8,0.0,Credit Card,Delivered
O009525,2024-06-23,C0369,P0010,E029,2,0.1,Cash on Delivery,Delivered
O009822,2024-06-23,C0216,P0106,E041,5,0.1,UPI,Delivered
O009845,2024-06-23,C0503,P0051,E034,2,0.15,Credit Card,Delivered
O000708,2024-06-24,C0357,P0039,E003,2,0.05,Credit Card,Delivered
O001801,2024-06-24,C0721,P0159,E024,2,0.05,Credit Card,Delivered
O003960,2024-06-24,C0452,P0071,E022,1,0.0,UPI,Shipped
O005179,2024-06-24,C0248,P0117,E007,2,0.05,Credit Card,Cancelled
O005523,2024-06-24,C0710,P0027,E009,4,0.05,UPI,Delivered
O007227,2024-06-24,C0332,P0097,E004,2,0.0,UPI,Delivered
O007316,2024-06-24,C0385,P0085,E039,3,0.0,UPI,Delivered
O007684,2024-06-24,C0926,P0001,E049,4,0.02,Net Banking,Delivered
O009167,2024-06-24,C0989,P0079,E029,10,0.1,Net Banking,Delivered
O002739,2024-06-25,C0162,P0008,E007,2,0.0,Credit Card,Delivered
O002880,2024-06-25,C0605,P0063,E022,1,0.1,Cash on Delivery,Delivered
O002881,2024-06-25,C0857,P0154,E047,4,0.05,UPI,Delivered
O003152,2024-06-25,C0917,P0179,E020,4,0.0,Debit Card,Shipped
O003281,2024-06-25,C0238,P0148,E024,6,0.0,Net Banking,Cancelled
O004112,2024-06-25,C0256,P0114,E048,5,0.05,Credit Card,Delivered
O004997,2024-06-25,C0474,P0137,E028,2,0.0,Credit Card,Delivered
O005614,2024-06-25,C0527,P0145,E009,5,0.0,Credit Card,Delivered
O005661,2024-06-25,C0176,P0199,E033,1,0.15,Cash on Delivery,Delivered
O007101,2024-06-25,C0727,P0081,E035,2,0.0,UPI,Delivered
O007851,2024-06-25,C0710,P0080,E005,3,0.2,Debit Card,Delivered
O001071,2024-06-26,C0402,P0018,E010,1,0.02,UPI,Delivered
O002647,2024-06-26,C0173,P0095,E029,1,0.05,Net Banking,Delivered
O003306,2024-06-26,C0779,P0046,E022,2,0.0,Credit Card,Delivered
O006102,2024-06-26,C0092,P0099,E024,2,0.15,Credit Card,Delivered
O006791,2024-06-26,C0087,P0144,E009,4,0.0,Credit Card,Delivered
O008850,2024-06-26,C0294,P0037,E020,3,0.2,UPI,Delivered
O008959,2024-06-26,C0793,P0044,E043,3,0.1,Debit Card,Delivered
O008970,2024-06-26,C0623,P0031,E027,2,0.0,Debit Card,Delivered
O009144,2024-06-26,C0600,P0081,E040,3,0.15,Credit Card,Delivered
O009483,2024-06-26,C0400,P0170,E049,5,0.02,UPI,Delivered
O009651,2024-06-26,C0931,P0085,E036,2,0.1,Debit Card,Delivered
O000582,2024-06-27,C0529,P0194,E026,1,0.0,Cash on Delivery,Delivered
O001353,2024-06-27,C0657,P0003,E018,8,0.0,Debit Card,Delivered
O002307,2024-06-27,C0218,P0032,E016,10,0.0,UPI,Delivered
O003350,2024-06-27,C0725,P0186,E048,3,0.0,Credit Card,Returned
O004567,2024-06-27,C0957,P0135,E048,4,0.2,Credit Card,Delivered
O004681,2024-06-27,C0426,P0168,E009,1,0.0,Credit Card,Cancelled
O005114,2024-06-27,C0151,P0036,E006,4,0.0,UPI,Delivered
O006871,2024-06-27,C0246,P0072,E044,1,0.02,Cash on Delivery,Delivered
O008648,2024-06-27,C0006,P0030,E032,6,0.1,UPI,Cancelled
O008875,2024-06-27,C0043,P0149,E019,4,0.15,Credit Card,Delivered
O009591,2024-06-27,C0855,P0172,E049,10,0.0,Credit Card,Delivered
O000576,2024-06-28,C0308,P0107,E008,3,0.0,UPI,Delivered
O001896,2024-06-28,C0486,P0123,E035,1,0.0,UPI,Returned
O001936,2024-06-28,C0696,P0123,E021,2,0.02,Credit Card,Returned
O000462,2024-06-29,C0999,P0139,E025,1,0.05,UPI,Shipped
O000857,2024-06-29,C0629,P0026,E040,1,0.15,Credit Card,Cancelled
O002758,2024-06-29,C0317,P0044,E006,3,0.05,UPI,Delivered
O004962,2024-06-29,C0450,P0053,E050,2,0.1,Credit Card,Delivered
O005587,2024-06-29,C0982,P0104,E003,4,0.1,Debit Card,Delivered
O006255,2024-06-29,C0883,P0035,E010,2,0.1,Cash on Delivery,Delivered
O007890,2024-06-29,C0997,P0136,E028,6,0.0,Debit Card,Delivered
O008239,2024-06-29,C0281,P0070,E036,8,0.0,Debit Card,Delivered
O009967,2024-06-29,C0451,P0143,E045,4,0.0,Credit Card,Delivered
O001638,2024-06-30,C0304,P0155,E027,5,0.05,UPI,Delivered
O001685,2024-06-30,C0784,P0163,E004,2,0.05,Cash on Delivery,Delivered
O001932,2024-06-30,C0090,P0077,E050,1,0.1,Credit Card,Delivered
O002273,2024-06-30,C0781,P0012,E043,2,0.0,Debit Card,Delivered
O004517,2024-06-30,C0732,P0117,E032,3,0.02,Net Banking,Delivered
O005055,2024-06-30,C0622,P0095,E029,1,0.1,Net Banking,Delivered
O005685,2024-06-30,C0400,P0038,E027,3,0.15,Debit Card,Delivered
O006003,2024-06-30,C0696,P0052,E012,3,0.02,UPI,Delivered
O006417,2024-06-30,C0154,P0171,E040,3,0.2,Credit Card,Delivered
O006607,2024-06-30,C0609,P0121,E033,2,0.0,Debit Card,Cancelled
O007171,2024-06-30,C0676,P0080,E024,6,0.1,Net Banking,Delivered
O007963,2024-06-30,C0604,P0162,E046,1,0.0,Debit Card,Delivered
O008213,2024-06-30,C0657,P0028,E030,6,0.0,Net Banking,Delivered
O009428,2024-06-30,C0663,P0060,E019,3,0.05,Cash on Delivery,Delivered
O002618,2024-07-01,C0929,P0033,E005,3,0.0,Debit Card,Delivered
O004152,2024-07-01,C0381,P0109,E004,4,0.0,UPI,Delivered
O004649,2024-07-01,C0632,P0088,E031,4,0.0,Debit Card,Returned
O005820,2024-07-01,C0655,P0167,E034,5,0.15,Cash on Delivery,Delivered
O008956,2024-07-01,C0425,P0134,E034,3,0.02,Net Banking,Delivered
O009026,2024-07-01,C0989,P0082,E026,3,0.15,Debit Card,Delivered
O009080,2024-07-01,C0108,P0094,E004,1,0.15,Net Banking,Delivered
O009895,2024-07-01,C0882,P0139,E011,2,0.0,Credit Card,Cancelled
O000686,2024-07-02,C0913,P0089,E005,3,0.0,Net Banking,Delivered
O000871,2024-07-02,C0748,P0120,E013,3,0.1,Net Banking,Delivered
O001110,2024-07-02,C0982,P0116,E048,1,0.05,Credit Card,Returned
O003713,2024-07-02,C0583,P0111,E005,1,0.05,Credit Card,Delivered
O003805,2024-07-02,C0864,P0165,E016,5,0.05,UPI,Cancelled
O003902,2024-07-02,C0712,P0189,E004,5,0.05,Credit Card,Delivered
O004836,2024-07-02,C0627,P0054,E023,1,0.1,Debit Card,Delivered
O005734,2024-07-02,C0173,P0118,E002,1,0.05,Cash on Delivery,Delivered
O006430,2024-07-02,C0620,P0100,E042,4,0.0,Debit Card,Delivered
O006449,2024-07-02,C0113,P0085,E046,1,0.0,Credit Card,Delivered
O006811,2024-07-02,C0883,P0146,E023,3,0.0,UPI,Shipped
O006869,2024-07-02,C0609,P0063,E043,8,0.02,Cash on Delivery,Delivered
O009524,2024-07-02,C0793,P0101,E007,6,0.0,Debit Card,Delivered
O000040,2024-07-03,C0606,P0166,E016,2,0.02,Credit Card,Delivered
O000738,2024-07-03,C0332,P0020,E042,1,0.02,UPI,Delivered
O002740,2024-07-03,C0640,P0014,E049,4,0.0,UPI,Delivered
O003742,2024-07-03,C0783,P0174,E014,3,0.0,Credit Card,Cancelled
O004342,2024-07-03,C0262,P0119,E006,1,0.05,Credit Card,Delivered
O004548,2024-07-03,C0361,P0034,E040,8,0.1,Cash on Delivery,Delivered
O005546,2024-07-03,C0383,P0128,E020,4,0.0,Net Banking,Delivered
O007504,2024-07-03,C0698,P0064,E031,3,0.1,Debit Card,Delivered
O009093,2024-07-03,C0588,P0023,E002,3,0.05,Credit Card,Returned
O009642,2024-07-03,C0174,P0168,E006,10,0.0,Debit Card,Delivered
O009721,2024-07-03,C0089,P0191,E019,1,0.0,Debit Card,Delivered
O000627,2024-07-04,C0304,P0145,E017,1,0.15,Debit Card,Delivered
O002256,2024-07-04,C0211,P0026,E009,3,0.0,Credit Card,Delivered
O002636,2024-07-04,C0180,P0072,E024,3,0.02,Debit Card,Delivered
O002766,2024-07-04,C0965,P0059,E049,3,0.05,UPI,Delivered
O002796,2024-07-04,C0125,P0178,E044,2,0.0,Cash on Delivery,Delivered
O004014,2024-07-04,C0187,P0124,E001,8,0.0,UPI,Delivered
O004625,2024-07-04,C0180,P0192,E021,6,0.0,UPI,Delivered
O005366,2024-07-04,C0664,P0027,E001,3,0.05,UPI,Delivered
O005439,2024-07-04,C0517,P0082,E033,3,0.1,UPI,Delivered
O006137,2024-07-04,C0334,P0137,E006,2,0.1,Debit Card,Cancelled
O007911,2024-07-04,C0165,P0110,E006,1,0.05,Net Banking,Shipped
O009258,2024-07-04,C0249,P0092,E046,1,0.0,Credit Card,Delivered
O009403,2024-07-04,C0081,P0010,E011,3,0.15,Debit Card,Delivered
O000504,2024-07-05,C0119,P0054,E024,6,0.15,UPI,Delivered
O001087,2024-07-05,C0490,P0006,E045,3,0.0,UPI,Delivered
O002384,2024-07-05,C0684,P0028,E032,2,0.1,Debit Card,Returned
O002744,2024-07-05,C0649,P0007,E034,1,0.05,UPI,Cancelled
O003099,2024-07-05,C0657,P0112,E021,1,0.02,Credit Card,Cancelled
O003144,2024-07-05,C0901,P0072,E023,5,0.0,UPI,Delivered
O004443,2024-07-05,C0901,P0003,E032,2,0.05,UPI,Shipped
O005210,2024-07-05,C0816,P0097,E028,1,0.05,UPI,Delivered
O009208,2024-07-05,C0454,P0112,E021,6,0.05,Credit Card,Delivered
O000670,2024-07-06,C0984,P0096,E043,3,0.02,UPI,Delivered
O001311,2024-07-06,C0061,P0038,E035,10,0.0,Net Banking,Shipped
O001453,2024-07-06,C0248,P0013,E012,5,0.05,Net Banking,Delivered
O001891,2024-07-06,C0681,P0194,E010,6,0.0,Debit Card,Delivered
O002973,2024-07-06,C0722,P0088,E016,3,0.05,UPI,Delivered
O004297,2024-07-06,C0434,P0044,E050,6,0.1,Net Banking,Delivered
O004502,2024-07-06,C0386,P0118,E049,5,0.1,Net Banking,Delivered
O006089,2024-07-06,C0609,P0105,E008,1,0.05,Net Banking,Delivered
O008191,2024-07-06,C0723,P0122,E043,4,0.0,Credit Card,Delivered
O000605,2024-07-07,C0218,P0118,E016,5,0.1,UPI,Delivered
O001551,2024-07-07,C0745,P0030,E031,2,0.05,Credit Card,Delivered
O003083,2024-07-07,C0856,P0017,E037,2,0.02,UPI,Delivered
O005008,2024-07-07,C0746,P0149,E040,1,0.05,Cash on Delivery,Cancelled
O006497,2024-07-07,C0200,P0164,E015,5,0.0,Cash on Delivery,Delivered
O006988,2024-07-07,C0640,P0109,E048,2,0.0,Net Banking,Returned
O007475,2024-07-07,C0562,P0070,E039,6,0.0,Net Banking,Delivered
O007598,2024-07-07,C0899,P0105,E020,2,0.1,UPI,Delivered
O007933,2024-07-07,C0026,P0126,E031,3,0.1,Net Banking,Returned
O008199,2024-07-07,C0725,P0194,E027,8,0.05,Debit Card,Delivered
O008870,2024-07-07,C0944,P0102,E032,2,0.0,Credit Card,Delivered
O009236,2024-07-07,C0343,P0026,E049,4,0.1,UPI,Returned
O009951,2024-07-07,C0372,P0016,E013,4,0.1,Credit Card,Delivered
O003379,2024-07-08,C0410,P0002,E046,3,0.0,Debit Card,Delivered
O003854,2024-07-08,C0383,P0104,E035,2,0.1,Credit Card,Delivered
O003863,2024-07-08,C0625,P0184,E008,2,0.1,UPI,Delivered
O004812,2024-07-08,C0884,P0040,E028,2,0.02,Credit Card,Delivered
O005505,2024-07-08,C0854,P0005,E011,2,0.0,UPI,Delivered
O005911,2024-07-08,C0916,P0061,E045,2,0.1,Net Banking,Delivered
O006351,2024-07-08,C0856,P0135,E028,1,0.05,Debit Card,Delivered
O007231,2024-07-08,C0108,P0149,E037,4,0.02,UPI,Delivered
O007234,2024-07-08,C0390,P0179,E020,1,0.02,Debit Card,Delivered
O007519,2024-07-08,C0818,P0051,E013,2,0.05,Debit Card,Delivered
O009112,2024-07-08,C0063,P0056,E034,8,0.15,Credit Card,Delivered
O000527,2024-07-09,C0343,P0173,E016,3,0.0,Net Banking,Returned
O001080,2024-07-09,C0877,P0191,E036,2,0.02,UPI,Delivered
O001558,2024-07-09,C0911,P0130,E018,8,0.0,Credit Card,Delivered
O001857,2024-07-09,C0769,P0017,E033,1,0.05,Credit Card,Shipped
O001998,2024-07-09,C0622,P0061,E007,4,0.1,Credit Card,Delivered
O003613,2024-07-09,C0797,P0077,E025,2,0.05,Credit Card,Delivered
O003858,2024-07-09,C0108,P0133,E003,4,0.0,Debit Card,Delivered
O004272,2024-07-09,C0620,P0098,E028,6,0.0,Credit Card,Delivered
O004638,2024-07-09,C0309,P0042,E003,3,0.05,Credit Card,Delivered
O006514,2024-07-09,C0629,P0075,E046,8,0.2,Net Banking,Delivered
O008050,2024-07-09,C0278,P0111,E012,3,0.0,Debit Card,Delivered
O008104,2024-07-09,C0649,P0038,E013,8,0.02,Net Banking,Delivered
O001136,2024-07-10,C0400,P0061,E041,6,0.0,Credit Card,Delivered
O004700,2024-07-10,C0366,P0126,E034,3,0.0,UPI,Delivered
O004749,2024-07-10,C0005,P0101,E028,1,0.1,UPI,Delivered
O005813,2024-07-10,C0099,P0063,E001,3,0.0,Net Banking,Delivered
O006815,2024-07-10,C0915,P0165,E026,4,0.0,Debit Card,Delivered
O007091,2024-07-10,C0646,P0160,E015,2,0.05,Net Banking,Delivered
O007148,2024-07-10,C0076,P0134,E011,2,0.05,UPI,Delivered
O008306,2024-07-10,C0012,P0164,E031,4,0.0,Credit Card,Delivered
O008789,2024-07-10,C0517,P0072,E038,3,0.0,Debit Card,Delivered
O000902,2024-07-11,C0454,P0015,E037,2,0.15,UPI,Delivered
O001052,2024-07-11,C0434,P0188,E024,1,0.15,Net Banking,Delivered
O001329,2024-07-11,C0783,P0071,E040,1,0.0,Credit Card,Delivered
O002883,2024-07-11,C0599,P0139,E041,3,0.02,Net Banking,Delivered
O002941,2024-07-11,C0736,P0077,E042,3,0.05,Net Banking,Delivered
O006415,2024-07-11,C0637,P0063,E008,1,0.0,Credit Card,Delivered
O007201,2024-07-11,C0268,P0196,E039,5,0.0,Debit Card,Delivered
O007214,2024-07-11,C0468,P0040,E004,1,0.05,Net Banking,Delivered
O007915,2024-07-11,C0493,P0032,E009,2,0.1,UPI,Delivered
O009413,2024-07-11,C0725,P0168,E007,3,0.0,UPI,Delivered
O009522,2024-07-11,C0088,P0179,E002,8,0.0,Net Banking,Delivered
O009673,2024-07-11,C0225,P0048,E029,2,0.05,Debit Card,Delivered
O000061,2024-07-12,C0398,P0101,E004,4,0.05,Credit Card,Delivered
O000804,2024-07-12,C0899,P0073,E046,3,0.15,UPI,Delivered
O001036,2024-07-12,C0771,P0184,E006,2,0.1,Credit Card,Cancelled
O004930,2024-07-12,C0980,P0181,E037,4,0.05,UPI,Delivered
O005451,2024-07-12,C0853,P0015,E023,2,0.05,UPI,Delivered
O005589,2024-07-12,C0160,P0178,E012,5,0.05,Credit Card,Delivered
O008142,2024-07-12,C0547,P0046,E012,8,0.0,UPI,Delivered
O008168,2024-07-12,C0701,P0102,E020,3,0.02,Credit Card,Shipped
O008383,2024-07-12,C0609,P0175,E001,1,0.0,Cash on Delivery,Delivered
O008716,2024-07-12,C0901,P0091,E020,2,0.0,Debit Card,Delivered
O008903,2024-07-12,C0494,P0198,E026,4,0.0,Debit Card,Delivered
O009859,2024-07-12,C0248,P0194,E025,2,0.05,UPI,Delivered
O000101,2024-07-13,C0148,P0132,E004,1,0.1,UPI,Delivered
O000359,2024-07-13,C0528,P0007,E003,4,0.05,Credit Card,Delivered
O001327,2024-07-13,C0088,P0117,E026,4,0.05,Credit Card,Delivered
O001586,2024-07-13,C0671,P0007,E005,2,0.0,Credit Card,Cancelled
O003067,2024-07-13,C0867,P0190,E025,1,0.0,Cash on Delivery,Delivered
O003134,2024-07-13,C0328,P0009,E050,6,0.0,Credit Card,Delivered
O003657,2024-07-13,C0342,P0032,E045,1,0.02,Cash on Delivery,Delivered
O004596,2024-07-13,C0156,P0083,E031,2,0.0,Net Banking,Delivered
O005046,2024-07-13,C0316,P0008,E029,1,0.0,Cash on Delivery,Delivered
O007041,2024-07-13,C0760,P0153,E030,1,0.15,Debit Card,Cancelled
O007164,2024-07-13,C0235,P0180,E030,3,0.02,Debit Card,Cancelled
O007308,2024-07-13,C0247,P0018,E048,8,0.05,Credit Card,Returned
O001104,2024-07-14,C0543,P0153,E024,1,0.0,Net Banking,Delivered
O003611,2024-07-14,C0656,P0084,E034,2,0.02,Debit Card,Delivered
O003952,2024-07-14,C0108,P0120,E010,1,0.1,UPI,Delivered
O005282,2024-07-14,C0620,P0110,E030,8,0.15,UPI,Delivered
O005807,2024-07-14,C0249,P0079,E023,3,0.0,UPI,Cancelled
O006020,2024-07-14,C0180,P0055,E039,3,0.05,Debit Card,Delivered
O006468,2024-07-14,C0011,P0059,E042,2,0.0,Cash on Delivery,Delivered
O008591,2024-07-14,C0270,P0097,E041,4,0.1,Debit Card,Delivered
O001116,2024-07-15,C0092,P0134,E013,2,0.05,Credit Card,Delivered
O002468,2024-07-15,C0108,P0149,E043,3,0.0,Credit Card,Delivered
O004243,2024-07-15,C0735,P0068,E020,6,0.1,Credit Card,Delivered
O004764,2024-07-15,C0972,P0133,E007,2,0.1,UPI,Delivered
O005612,2024-07-15,C0984,P0081,E017,5,0.2,Credit Card,Delivered
O000611,2024-07-16,C0774,P0008,E019,1,0.02,Net Banking,Delivered
O002366,2024-07-16,C0308,P0006,E033,2,0.05,UPI,Delivered
O002601,2024-07-16,C0805,P0141,E047,2,0.1,UPI,Returned
O002827,2024-07-16,C0181,P0104,E007,2,0.1,Net Banking,Delivered
O003139,2024-07-16,C0745,P0003,E003,3,0.1,Debit Card,Delivered
O004187,2024-07-16,C0679,P0091,E033,2,0.05,Cash on Delivery,Delivered
O004392,2024-07-16,C0949,P0157,E046,1,0.05,Debit Card,Delivered
O005163,2024-07-16,C0214,P0082,E011,1,0.0,Credit Card,Delivered
O006559,2024-07-16,C0704,P0092,E016,1,0.05,UPI,Delivered
O006619,2024-07-16,C0528,P0181,E037,4,0.05,Credit Card,Delivered
O006812,2024-07-16,C0827,P0004,E018,5,0.0,UPI,Delivered
O007491,2024-07-16,C0728,P0194,E024,5,0.0,UPI,Delivered
O008359,2024-07-16,C0637,P0174,E021,2,0.0,Credit Card,Delivered
O009110,2024-07-16,C0873,P0070,E021,4,0.0,Credit Card,Delivered
O000211,2024-07-17,C0583,P0106,E026,2,0.0,Debit Card,Delivered
O000854,2024-07-17,C0284,P0112,E050,2,0.05,UPI,Delivered
O000875,2024-07-17,C0199,P0145,E037,3,0.1,Cash on Delivery,Cancelled
O001338,2024-07-17,C0603,P0026,E016,3,0.2,Net Banking,Delivered
O001767,2024-07-17,C0956,P0152,E043,2,0.1,Cash on Delivery,Delivered
O002088,2024-07-17,C0214,P0134,E033,2,0.02,UPI,Shipped
O002901,2024-07-17,C0911,P0068,E023,1,0.1,Credit Card,Delivered
O004462,2024-07-17,C0615,P0021,E041,1,0.0,Credit Card,Delivered
O004991,2024-07-17,C0960,P0172,E026,4,0.05,Net Banking,Delivered
O005706,2024-07-17,C0514,P0026,E041,1,0.1,Net Banking,Delivered
O007990,2024-07-17,C0773,P0100,E039,3,0.0,Debit Card,Delivered
O008572,2024-07-17,C0725,P0160,E022,10,0.05,UPI,Delivered
O001120,2024-07-18,C0624,P0183,E026,2,0.0,Debit Card,Returned
O002962,2024-07-18,C0456,P0082,E028,2,0.02,Net Banking,Delivered
O003120,2024-07-18,C0780,P0128,E045,3,0.0,Net Banking,Delivered
O003385,2024-07-18,C0054,P0097,E025,4,0.0,UPI,Delivered
O003729,2024-07-18,C0920,P0183,E037,2,0.02,UPI,Cancelled
O004475,2024-07-18,C0647,P0009,E034,4,0.0,UPI,Delivered
O007088,2024-07-18,C0992,P0133,E050,8,0.0,Credit Card,Delivered
O007379,2024-07-18,C0535,P0103,E020,4,0.02,UPI,Delivered
O008215,2024-07-18,C0106,P0050,E007,2,0.05,Net Banking,Delivered
O008917,2024-07-18,C0673,P0184,E010,2,0.02,Net Banking,Delivered
O002351,2024-07-19,C0229,P0058,E015,1,0.0,Debit Card,Delivered
O002475,2024-07-19,C0268,P0151,E019,1,0.1,Debit Card,Delivered
O003234,2024-07-19,C0701,P0138,E039,3,0.1,Credit Card,Delivered
O003697,2024-07-19,C0369,P0022,E011,2,0.0,Debit Card,Cancelled
O004557,2024-07-19,C0245,P0023,E045,2,0.0,Debit Card,Cancelled
O004696,2024-07-19,C0189,P0023,E013,2,0.05,Credit Card,Returned
O004970,2024-07-19,C0997,P0122,E026,2,0.0,UPI,Returned
O005908,2024-07-19,C0485,P0086,E013,4,0.0,Credit Card,Delivered
O007300,2024-07-19,C0333,P0013,E024,4,0.05,UPI,Delivered
O007423,2024-07-19,C0859,P0013,E004,2,0.1,Debit Card,Delivered
O007891,2024-07-19,C0398,P0034,E048,8,0.1,UPI,Delivered
O007984,2024-07-19,C0837,P0129,E043,2,0.0,Cash on Delivery,Delivered
O008666,2024-07-19,C0264,P0109,E047,8,0.0,Debit Card,Delivered
O002742,2024-07-20,C0869,P0139,E031,3,0.0,UPI,Delivered
O004379,2024-07-20,C0043,P0180,E048,1,0.0,UPI,Shipped
O004952,2024-07-20,C0376,P0100,E005,1,0.1,Net Banking,Delivered
O004983,2024-07-20,C0117,P0192,E006,1,0.0,Debit Card,Delivered
O006022,2024-07-20,C0255,P0062,E038,3,0.05,Credit Card,Delivered
O006353,2024-07-20,C0501,P0113,E048,2,0.0,Debit Card,Delivered
O006631,2024-07-20,C0931,P0091,E036,1,0.0,Debit Card,Delivered
O008157,2024-07-20,C0002,P0100,E044,1,0.1,UPI,Delivered
O008303,2024-07-20,C0725,P0018,E040,1,0.0,Credit Card,Delivered
O000063,2024-07-21,C0111,P0083,E012,6,0.0,Credit Card,Delivered
O002018,2024-07-21,C0841,P0173,E022,1,0.1,Debit Card,Delivered
O003447,2024-07-21,C0999,P0051,E012,1,0.02,Cash on Delivery,Delivered
O003610,2024-07-21,C0258,P0136,E028,3,0.15,UPI,Delivered
O003998,2024-07-21,C0347,P0093,E010,4,0.0,Debit Card,Delivered
O004174,2024-07-21,C0514,P0025,E017,1,0.05,Credit Card,Delivered
O004178,2024-07-21,C0752,P0059,E039,2,0.1,Debit Card,Delivered
O004616,2024-07-21,C0808,P0193,E013,3,0.1,Credit Card,Returned
O005937,2024-07-21,C0115,P0046,E046,2,0.0,Net Banking,Delivered
O007874,2024-07-21,C0201,P0157,E037,3,0.05,UPI,Delivered
O008350,2024-07-21,C0435,P0096,E003,1,0.1,UPI,Delivered
O009404,2024-07-21,C0372,P0100,E020,1,0.02,Credit Card,Delivered
O009826,2024-07-21,C0412,P0041,E040,3,0.1,Credit Card,Delivered
O009990,2024-07-21,C0444,P0168,E030,1,0.05,UPI,Delivered
O000039,2024-07-22,C0873,P0038,E013,3,0.05,Debit Card,Delivered
O000683,2024-07-22,C0964,P0062,E045,1,0.02,Cash on Delivery,Shipped
O000744,2024-07-22,C0186,P0185,E030,2,0.05,Credit Card,Delivered
O003086,2024-07-22,C0490,P0029,E037,3,0.0,Debit Card,Cancelled
O003365,2024-07-22,C0094,P0171,E043,8,0.05,UPI,Returned
O005609,2024-07-22,C0637,P0087,E043,2,0.1,Credit Card,Delivered
O006213,2024-07-22,C0125,P0026,E023,1,0.15,Net Banking,Delivered
O006383,2024-07-22,C0189,P0170,E005,1,0.0,Cash on Delivery,Delivered
O006442,2024-07-22,C0734,P0167,E045,2,0.1,UPI,Returned
O006833,2024-07-22,C0558,P0109,E021,3,0.0,Cash on Delivery,Delivered
O009405,2024-07-22,C0173,P0048,E025,1,0.0,Cash on Delivery,Delivered
O002444,2024-07-23,C0412,P0089,E030,3,0.15,Cash on Delivery,Delivered
O004159,2024-07-23,C0322,P0054,E014,4,0.0,Debit Card,Delivered
O006087,2024-07-23,C0665,P0137,E009,3,0.1,UPI,Cancelled
O006329,2024-07-23,C0744,P0066,E020,5,0.02,Credit Card,Delivered
O007052,2024-07-23,C0657,P0105,E043,2,0.2,UPI,Delivered
O007307,2024-07-23,C0022,P0049,E018,1,0.0,UPI,Delivered
O007705,2024-07-23,C0104,P0017,E037,4,0.0,Credit Card,Cancelled
O007878,2024-07-23,C0617,P0094,E020,1,0.02,UPI,Returned
O009375,2024-07-23,C0821,P0109,E022,2,0.05,UPI,Delivered
O009627,2024-07-23,C0915,P0125,E022,1,0.0,Credit Card,Delivered
O002022,2024-07-24,C0159,P0130,E017,1,0.0,Cash on Delivery,Delivered
O002549,2024-07-24,C0352,P0015,E049,3,0.0,Debit Card,Delivered
O004315,2024-07-24,C0688,P0097,E045,3,0.15,Credit Card,Delivered
O005585,2024-07-24,C0580,P0097,E026,1,0.0,UPI,Delivered
O005693,2024-07-24,C0891,P0102,E024,4,0.05,Net Banking,Delivered
O005819,2024-07-24,C0067,P0124,E001,4,0.05,Debit Card,Delivered
O006174,2024-07-24,C0268,P0031,E027,2,0.0,Credit Card,Delivered
O006599,2024-07-24,C0444,P0032,E016,2,0.1,Debit Card,Delivered
O006931,2024-07-24,C0982,P0165,E003,2,0.05,UPI,Delivered
O008950,2024-07-24,C0152,P0069,E042,3,0.15,UPI,Delivered
O001777,2024-07-25,C0877,P0031,E034,3,0.05,Debit Card,Delivered
O003489,2024-07-25,C0956,P0094,E028,3,0.02,Net Banking,Delivered
O004076,2024-07-25,C0586,P0149,E004,3,0.02,Cash on Delivery,Delivered
O004157,2024-07-25,C0656,P0084,E021,1,0.1,Net Banking,Shipped
O004906,2024-07-25,C0894,P0005,E044,10,0.15,Net Banking,Delivered
O006136,2024-07-25,C0566,P0191,E031,3,0.05,Net Banking,Delivered
O006691,2024-07-25,C0189,P0092,E045,4,0.0,UPI,Delivered
O006827,2024-07-25,C0082,P0093,E040,1,0.05,UPI,Delivered
O006889,2024-07-25,C0401,P0077,E050,5,0.05,Net Banking,Returned
O008680,2024-07-25,C0744,P0049,E048,4,0.1,UPI,Delivered
O009032,2024-07-25,C0648,P0025,E018,3,0.05,Net Banking,Delivered
O009173,2024-07-25,C0399,P0176,E021,5,0.05,UPI,Shipped
O000378,2024-07-26,C0173,P0112,E003,2,0.02,Cash on Delivery,Delivered
O001348,2024-07-26,C0384,P0132,E015,1,0.05,Cash on Delivery,Delivered
O002019,2024-07-26,C0067,P0143,E040,4,0.0,Debit Card,Shipped
O004603,2024-07-26,C0864,P0139,E024,2,0.02,Cash on Delivery,Returned
O006775,2024-07-26,C0563,P0099,E023,4,0.15,Net Banking,Delivered
O007700,2024-07-26,C0369,P0034,E036,6,0.05,UPI,Delivered
O008650,2024-07-26,C0636,P0023,E005,2,0.05,UPI,Delivered
O009325,2024-07-26,C0679,P0024,E017,3,0.0,Credit Card,Delivered
O000252,2024-07-27,C0990,P0139,E008,1,0.05,Net Banking,Delivered
O000844,2024-07-27,C0807,P0032,E039,2,0.0,Credit Card,Delivered
O001516,2024-07-27,C0201,P0070,E027,1,0.05,Debit Card,Shipped
O002379,2024-07-27,C0189,P0105,E028,3,0.1,Cash on Delivery,Delivered
O002404,2024-07-27,C0553,P0050,E032,1,0.02,UPI,Delivered
O003109,2024-07-27,C0746,P0126,E018,3,0.2,UPI,Shipped
O003408,2024-07-27,C0273,P0180,E018,1,0.05,UPI,Delivered
O003789,2024-07-27,C0547,P0115,E012,1,0.2,Cash on Delivery,Cancelled
O005053,2024-07-27,C0317,P0168,E034,2,0.05,Net Banking,Delivered
O005489,2024-07-27,C0412,P0001,E042,2,0.0,Debit Card,Cancelled
O008438,2024-07-27,C0671,P0194,E007,3,0.02,UPI,Cancelled
O001670,2024-07-28,C0238,P0196,E041,8,0.0,Credit Card,Cancelled
O001994,2024-07-28,C0731,P0078,E047,4,0.1,Net Banking,Delivered
O002089,2024-07-28,C0307,P0081,E012,2,0.1,Net Banking,Delivered
O002764,2024-07-28,C0675,P0076,E024,1,0.05,Cash on Delivery,Returned
O003604,2024-07-28,C0622,P0123,E041,1,0.05,Credit Card,Returned
O004329,2024-07-28,C0365,P0061,E015,1,0.1,UPI,Delivered
O004628,2024-07-28,C0020,P0045,E027,3,0.0,Cash on Delivery,Delivered
O005409,2024-07-28,C0890,P0092,E026,1,0.0,Credit Card,Delivered
O005514,2024-07-28,C0527,P0134,E039,1,0.05,Debit Card,Shipped
O005995,2024-07-28,C0701,P0195,E022,1,0.1,Debit Card,Cancelled
O006333,2024-07-28,C0931,P0009,E041,2,0.02,Net Banking,Shipped
O006488,2024-07-28,C0198,P0183,E022,1,0.05,UPI,Shipped
O006490,2024-07-28,C0767,P0200,E009,2,0.0,Credit Card,Delivered
O007463,2024-07-28,C0988,P0118,E036,2,0.15,UPI,Delivered
O009501,2024-07-28,C0104,P0075,E043,4,0.05,Debit Card,Delivered
O009605,2024-07-28,C0527,P0058,E018,2,0.02,Net Banking,Delivered
O009841,2024-07-28,C0610,P0192,E019,2,0.0,Debit Card,Delivered
O000064,2024-07-29,C0435,P0161,E004,3,0.02,Debit Card,Delivered
O000231,2024-07-29,C0099,P0030,E034,4,0.2,Credit Card,Delivered
O002151,2024-07-29,C0842,P0094,E014,2,0.05,Cash on Delivery,Delivered
O003178,2024-07-29,C0334,P0029,E019,1,0.0,Net Banking,Delivered
O003735,2024-07-29,C0120,P0182,E043,2,0.15,Debit Card,Delivered
O003868,2024-07-29,C0254,P0187,E006,2,0.0,UPI,Delivered
O003910,2024-07-29,C0286,P0115,E021,2,0.1,UPI,Delivered
O004667,2024-07-29,C0106,P0062,E031,6,0.2,Net Banking,Delivered
O005703,2024-07-29,C0351,P0013,E045,3,0.0,Debit Card,Delivered
O005762,2024-07-29,C0940,P0067,E030,2,0.02,Cash on Delivery,Delivered
O007868,2024-07-29,C0684,P0103,E022,2,0.02,UPI,Delivered
O008840,2024-07-29,C0154,P0017,E029,1,0.0,UPI,Delivered
O009630,2024-07-29,C0308,P0085,E039,2,0.05,Credit Card,Delivered
O001569,2024-07-30,C0281,P0053,E002,4,0.02,Debit Card,Delivered
O003080,2024-07-30,C0294,P0040,E046,3,0.1,UPI,Delivered
O003688,2024-07-30,C0520,P0123,E039,3,0.15,UPI,Shipped
O005229,2024-07-30,C0689,P0087,E009,4,0.05,Debit Card,Delivered
O007466,2024-07-30,C0764,P0130,E018,4,0.1,Credit Card,Delivered
O007554,2024-07-30,C0671,P0085,E010,2,0.0,Net Banking,Delivered
O007910,2024-07-30,C0351,P0070,E020,1,0.0,UPI,Delivered
O007964,2024-07-30,C0651,P0196,E024,1,0.05,Credit Card,Delivered
O008544,2024-07-30,C0289,P0131,E032,5,0.05,Net Banking,Delivered
O008946,2024-07-30,C0820,P0098,E033,5,0.1,UPI,Delivered
O009461,2024-07-30,C0200,P0184,E002,4,0.05,Net Banking,Delivered
O009688,2024-07-30,C0454,P0032,E038,5,0.0,Cash on Delivery,Delivered
O000408,2024-07-31,C0062,P0033,E047,5,0.1,UPI,Delivered
O000651,2024-07-31,C0400,P0082,E038,1,0.0,Debit Card,Delivered
O000768,2024-07-31,C0243,P0109,E037,1,0.0,Net Banking,Delivered
O001190,2024-07-31,C0769,P0093,E042,1,0.0,Cash on Delivery,Cancelled
O001222,2024-07-31,C0186,P0083,E005,3,0.05,Debit Card,Delivered
O004499,2024-07-31,C0754,P0095,E047,2,0.05,Net Banking,Delivered
O004533,2024-07-31,C0697,P0096,E004,2,0.05,Net Banking,Delivered
O004609,2024-07-31,C0683,P0003,E038,6,0.0,Cash on Delivery,Returned
O007240,2024-07-31,C0872,P0033,E010,5,0.0,UPI,Shipped
O008070,2024-07-31,C0301,P0016,E004,2,0.1,Net Banking,Delivered
O008102,2024-07-31,C0825,P0107,E040,4,0.02,Net Banking,Delivered
O008315,2024-07-31,C0101,P0077,E029,6,0.0,Net Banking,Delivered
O008464,2024-07-31,C0860,P0059,E026,2,0.0,Cash on Delivery,Delivered
O009533,2024-07-31,C0152,P0039,E041,5,0.05,Cash on Delivery,Delivered
O000436,2024-08-01,C0534,P0138,E040,4,0.05,UPI,Delivered
O002050,2024-08-01,C0392,P0198,E027,1,0.0,Cash on Delivery,Shipped
O004509,2024-08-01,C0064,P0022,E003,2,0.05,Cash on Delivery,Delivered
O006922,2024-08-01,C0634,P0082,E014,2,0.0,Credit Card,Delivered
O007643,2024-08-01,C0673,P0046,E032,2,0.15,UPI,Delivered
O000757,2024-08-02,C0622,P0162,E018,8,0.0,Credit Card,Delivered
O002233,2024-08-02,C0999,P0062,E005,2,0.05,Cash on Delivery,Delivered
O002454,2024-08-02,C0237,P0193,E023,4,0.0,Net Banking,Delivered
O002669,2024-08-02,C0625,P0145,E045,5,0.05,Credit Card,Delivered
O004446,2024-08-02,C0678,P0189,E003,1,0.0,Cash on Delivery,Delivered
O006586,2024-08-02,C0671,P0102,E009,2,0.0,Net Banking,Delivered
O006669,2024-08-02,C0226,P0097,E017,3,0.05,UPI,Delivered
O009425,2024-08-02,C0840,P0009,E039,1,0.0,Credit Card,Delivered
O009494,2024-08-02,C0798,P0101,E007,1,0.05,Credit Card,Delivered
O000171,2024-08-03,C0382,P0151,E023,2,0.05,UPI,Delivered
O000181,2024-08-03,C0072,P0194,E041,5,0.05,UPI,Delivered
O001451,2024-08-03,C0744,P0087,E024,4,0.0,Credit Card,Cancelled
O002364,2024-08-03,C0278,P0050,E026,2,0.15,Debit Card,Delivered
O003087,2024-08-03,C0611,P0006,E012,3,0.05,Net Banking,Delivered
O004176,2024-08-03,C0325,P0005,E032,4,0.2,Credit Card,Delivered
O005655,2024-08-03,C0381,P0168,E030,1,0.0,UPI,Delivered
O006863,2024-08-03,C0260,P0185,E012,1,0.05,Cash on Delivery,Delivered
O009197,2024-08-03,C0206,P0073,E032,4,0.0,UPI,Delivered
O000541,2024-08-04,C0434,P0189,E010,5,0.15,Credit Card,Shipped
O001420,2024-08-04,C0218,P0136,E031,2,0.15,Net Banking,Delivered
O002538,2024-08-04,C0786,P0173,E024,2,0.15,Credit Card,Shipped
O005243,2024-08-04,C0276,P0045,E007,8,0.05,UPI,Returned
O006801,2024-08-04,C0481,P0192,E040,4,0.02,Credit Card,Delivered
O007493,2024-08-04,C0748,P0126,E049,4,0.05,Net Banking,Delivered
O008127,2024-08-04,C0701,P0109,E007,1,0.05,Debit Card,Delivered
O008184,2024-08-04,C0890,P0068,E019,1,0.02,Credit Card,Delivered
O009918,2024-08-04,C0449,P0086,E016,1,0.0,Credit Card,Delivered
O000942,2024-08-05,C0262,P0005,E022,1,0.05,Net Banking,Delivered
O002921,2024-08-05,C0832,P0153,E009,2,0.15,Debit Card,Delivered
O003352,2024-08-05,C0284,P0112,E050,1,0.02,Credit Card,Delivered
O004762,2024-08-05,C0636,P0197,E010,5,0.05,Credit Card,Delivered
O005141,2024-08-05,C0281,P0149,E009,1,0.1,Cash on Delivery,Delivered
O005335,2024-08-05,C0468,P0035,E012,5,0.15,Credit Card,Delivered
O005372,2024-08-05,C0730,P0166,E023,6,0.02,Credit Card,Delivered
O005872,2024-08-05,C0693,P0192,E012,5,0.0,Net Banking,Delivered
O006201,2024-08-05,C0646,P0133,E026,1,0.1,Debit Card,Delivered
O006618,2024-08-05,C0471,P0191,E024,2,0.05,Credit Card,Delivered
O007461,2024-08-05,C0591,P0058,E001,8,0.05,Credit Card,Delivered
O009174,2024-08-05,C0875,P0028,E041,2,0.0,Net Banking,Delivered
O001155,2024-08-06,C0535,P0084,E009,3,0.1,UPI,Shipped
O002388,2024-08-06,C0309,P0135,E003,1,0.02,UPI,Delivered
O002851,2024-08-06,C0342,P0141,E022,1,0.05,Cash on Delivery,Returned
O003071,2024-08-06,C0486,P0004,E050,2,0.05,Debit Card,Delivered
O004729,2024-08-06,C0597,P0079,E028,2,0.0,Net Banking,Delivered
O005252,2024-08-06,C0709,P0197,E041,3,0.05,Net Banking,Delivered
O005699,2024-08-06,C0656,P0059,E016,3,0.05,Cash on Delivery,Delivered
O007505,2024-08-06,C0858,P0073,E012,8,0.05,Credit Card,Delivered
O007566,2024-08-06,C0334,P0186,E032,4,0.05,Net Banking,Delivered
O008551,2024-08-06,C0434,P0170,E008,1,0.05,UPI,Delivered
O008705,2024-08-06,C0425,P0181,E041,3,0.15,UPI,Delivered
O009009,2024-08-06,C0672,P0012,E022,4,0.1,Credit Card,Shipped
O009600,2024-08-06,C0025,P0072,E007,2,0.1,Net Banking,Delivered
O001359,2024-08-07,C0657,P0137,E049,2,0.1,Cash on Delivery,Delivered
O002576,2024-08-07,C0627,P0048,E031,2,0.05,UPI,Delivered
O004298,2024-08-07,C0435,P0134,E042,4,0.05,Credit Card,Delivered
O004424,2024-08-07,C0899,P0100,E001,2,0.02,Cash on Delivery,Delivered
O004626,2024-08-07,C0178,P0096,E014,2,0.02,UPI,Delivered
O008500,2024-08-07,C0094,P0165,E043,2,0.0,UPI,Delivered
O008835,2024-08-07,C0332,P0196,E033,3,0.0,Credit Card,Delivered
O008863,2024-08-07,C0248,P0080,E014,2,0.2,Credit Card,Delivered
O009295,2024-08-07,C0869,P0193,E049,1,0.05,Debit Card,Delivered
O001299,2024-08-08,C0926,P0118,E015,5,0.1,Debit Card,Delivered
O001702,2024-08-08,C0138,P0073,E021,5,0.02,Debit Card,Delivered
O002014,2024-08-08,C0960,P0056,E028,3,0.05,Net Banking,Delivered
O004395,2024-08-08,C0911,P0156,E040,2,0.0,UPI,Delivered
O004479,2024-08-08,C0527,P0049,E033,5,0.0,UPI,Delivered
O004645,2024-08-08,C0887,P0099,E038,2,0.0,UPI,Returned
O005156,2024-08-08,C0552,P0161,E016,1,0.0,UPI,Delivered
O005883,2024-08-08,C0350,P0141,E024,5,0.0,Credit Card,Shipped
O001035,2024-08-09,C0890,P0121,E005,4,0.05,Cash on Delivery,Shipped
O001975,2024-08-09,C0113,P0119,E036,5,0.0,Credit Card,Delivered
O002498,2024-08-09,C0305,P0193,E003,2,0.0,UPI,Delivered
O005561,2024-08-09,C0378,P0010,E011,2,0.05,UPI,Shipped
O005873,2024-08-09,C0829,P0067,E026,2,0.02,Debit Card,Delivered
O006120,2024-08-09,C0162,P0140,E010,1,0.0,Net Banking,Delivered
O007528,2024-08-09,C0096,P0123,E006,1,0.02,Debit Card,Delivered
O009042,2024-08-09,C0754,P0178,E002,1,0.0,UPI,Returned
O003728,2024-08-10,C0254,P0058,E032,3,0.1,UPI,Delivered
O007232,2024-08-10,C0339,P0134,E021,1,0.0,Cash on Delivery,Delivered
O007376,2024-08-10,C0104,P0134,E024,1,0.0,Cash on Delivery,Delivered
O008786,2024-08-10,C0764,P0088,E032,10,0.05,UPI,Delivered
O008954,2024-08-10,C0249,P0138,E040,1,0.0,Cash on Delivery,Delivered
O009175,2024-08-10,C0883,P0104,E023,3,0.0,Net Banking,Delivered
O009242,2024-08-10,C0642,P0046,E006,3,0.0,Cash on Delivery,Delivered
O000417,2024-08-11,C0443,P0198,E001,2,0.05,Debit Card,Shipped
O000513,2024-08-11,C0452,P0042,E028,3,0.1,Debit Card,Delivered
O002123,2024-08-11,C0859,P0097,E044,1,0.0,UPI,Returned
O002755,2024-08-11,C0609,P0151,E007,1,0.02,UPI,Delivered
O004730,2024-08-11,C0405,P0169,E021,1,0.0,Cash on Delivery,Delivered
O005475,2024-08-11,C0490,P0104,E003,3,0.0,Debit Card,Delivered
O005860,2024-08-11,C0733,P0074,E032,1,0.05,Credit Card,Delivered
O006719,2024-08-11,C0281,P0168,E023,1,0.05,Credit Card,Delivered
O007597,2024-08-11,C0342,P0014,E016,5,0.05,Credit Card,Delivered
O007882,2024-08-11,C0599,P0141,E047,1,0.2,Credit Card,Delivered
O008062,2024-08-11,C0372,P0137,E004,5,0.0,Debit Card,Delivered
O008843,2024-08-11,C0846,P0180,E010,1,0.15,UPI,Delivered
O009554,2024-08-11,C0907,P0119,E009,1,0.05,UPI,Delivered
O000799,2024-08-12,C0186,P0157,E024,5,0.05,Debit Card,Delivered
O004537,2024-08-12,C0108,P0116,E028,1,0.0,UPI,Delivered
O005812,2024-08-12,C0893,P0154,E021,2,0.1,Net Banking,Delivered
O006594,2024-08-12,C0893,P0067,E004,1,0.0,Credit Card,Cancelled
O007323,2024-08-12,C0964,P0167,E032,3,0.05,UPI,Delivered
O007523,2024-08-12,C0426,P0182,E032,4,0.0,Credit Card,Delivered
O000203,2024-08-13,C0247,P0104,E010,1,0.0,Cash on Delivery,Delivered
O000943,2024-08-13,C0867,P0179,E037,3,0.05,Debit Card,Delivered
O002848,2024-08-13,C0354,P0056,E018,6,0.0,Cash on Delivery,Cancelled
O002987,2024-08-13,C0914,P0121,E031,3,0.0,Credit Card,Delivered
O003699,2024-08-13,C0958,P0024,E031,4,0.0,Credit Card,Delivered
O003880,2024-08-13,C0425,P0016,E045,2,0.05,Credit Card,Delivered
O006094,2024-08-13,C0073,P0146,E010,2,0.15,UPI,Delivered
O006112,2024-08-13,C0647,P0059,E045,1,0.05,Credit Card,Shipped
O000174,2024-08-14,C0490,P0140,E004,1,0.0,UPI,Delivered
O000232,2024-08-14,C0617,P0007,E047,4,0.15,Credit Card,Cancelled
O001404,2024-08-14,C0714,P0191,E048,3,0.0,Net Banking,Delivered
O001467,2024-08-14,C0528,P0106,E021,6,0.0,Debit Card,Delivered
O003202,2024-08-14,C0242,P0171,E021,1,0.05,Net Banking,Delivered
O004655,2024-08-14,C0643,P0175,E034,6,0.0,UPI,Cancelled
O005316,2024-08-14,C0044,P0167,E026,2,0.02,UPI,Delivered
O007009,2024-08-14,C0872,P0030,E031,3,0.0,Credit Card,Delivered
O007078,2024-08-14,C0266,P0103,E046,2,0.0,UPI,Delivered
O007403,2024-08-14,C0647,P0050,E048,1,0.1,Net Banking,Delivered
O007733,2024-08-14,C0189,P0113,E020,8,0.0,Cash on Delivery,Delivered
O007754,2024-08-14,C0366,P0038,E001,5,0.1,UPI,Delivered
O007801,2024-08-14,C0303,P0022,E050,3,0.05,Net Banking,Delivered
O009279,2024-08-14,C0808,P0087,E021,1,0.0,UPI,Delivered
O000476,2024-08-15,C0799,P0105,E044,3,0.0,UPI,Delivered
O001343,2024-08-15,C0767,P0180,E049,5,0.0,Cash on Delivery,Delivered
O001879,2024-08-15,C0088,P0106,E044,2,0.0,Cash on Delivery,Delivered
O002162,2024-08-15,C0364,P0098,E043,3,0.15,Cash on Delivery,Delivered
O003768,2024-08-15,C0951,P0108,E043,3,0.1,UPI,Delivered
O004332,2024-08-15,C0281,P0075,E031,1,0.05,Credit Card,Delivered
O004618,2024-08-15,C0977,P0096,E025,3,0.0,Debit Card,Delivered
O006802,2024-08-15,C0650,P0068,E010,3,0.0,Cash on Delivery,Cancelled
O008073,2024-08-15,C0984,P0158,E003,1,0.0,Credit Card,Delivered
O008196,2024-08-15,C0125,P0100,E027,2,0.05,Net Banking,Delivered
O009567,2024-08-15,C0512,P0058,E031,5,0.0,Debit Card,Returned
O009803,2024-08-15,C0687,P0090,E040,4,0.0,UPI,Delivered
O000139,2024-08-16,C0224,P0048,E038,3,0.15,Net Banking,Delivered
O002219,2024-08-16,C0438,P0024,E042,5,0.05,UPI,Returned
O004016,2024-08-16,C0656,P0063,E036,3,0.2,Credit Card,Delivered
O004456,2024-08-16,C0803,P0026,E027,1,0.0,Credit Card,Delivered
O007155,2024-08-16,C0019,P0115,E040,3,0.15,Net Banking,Delivered
O007377,2024-08-16,C0942,P0002,E008,6,0.0,UPI,Delivered
O007793,2024-08-16,C0426,P0017,E040,2,0.1,Cash on Delivery,Delivered
O007855,2024-08-16,C0410,P0121,E013,3,0.05,UPI,Delivered
O008221,2024-08-16,C0055,P0163,E044,3,0.0,Net Banking,Delivered
O008649,2024-08-16,C0084,P0044,E045,10,0.05,Credit Card,Delivered
O001820,2024-08-17,C0181,P0078,E010,4,0.0,Debit Card,Returned
O002330,2024-08-17,C0872,P0155,E026,2,0.0,Credit Card,Delivered
O003894,2024-08-17,C0189,P0129,E042,4,0.0,Credit Card,Delivered
O005343,2024-08-17,C0490,P0107,E023,3,0.0,Debit Card,Delivered
O005424,2024-08-17,C0953,P0157,E019,6,0.15,Credit Card,Delivered
O005639,2024-08-17,C0527,P0056,E005,6,0.05,Cash on Delivery,Delivered
O006222,2024-08-17,C0480,P0177,E005,2,0.2,Credit Card,Delivered
O006543,2024-08-17,C0117,P0051,E043,2,0.15,Net Banking,Delivered
O008678,2024-08-17,C0327,P0035,E034,3,0.1,Debit Card,Delivered
O008828,2024-08-17,C0648,P0147,E021,2,0.0,Debit Card,Delivered
O009390,2024-08-17,C0025,P0121,E036,1,0.05,Credit Card,Cancelled
O001179,2024-08-18,C0880,P0178,E033,1,0.02,Net Banking,Delivered
O001494,2024-08-18,C0562,P0100,E028,3,0.02,Debit Card,Shipped
O001538,2024-08-18,C0480,P0119,E043,2,0.1,Cash on Delivery,Delivered
O006088,2024-08-18,C0199,P0121,E038,8,0.0,Credit Card,Delivered
O006771,2024-08-18,C0671,P0014,E026,6,0.0,UPI,Delivered
O006906,2024-08-18,C0233,P0112,E008,2,0.15,UPI,Delivered
O007077,2024-08-18,C0309,P0012,E015,8,0.0,Debit Card,Delivered
O007820,2024-08-18,C0121,P0168,E017,1,0.0,Net Banking,Returned
O009048,2024-08-18,C0293,P0049,E018,2,0.05,UPI,Delivered
O009986,2024-08-18,C0099,P0044,E011,3,0.0,Net Banking,Delivered
O000554,2024-08-19,C0996,P0170,E044,1,0.02,Credit Card,Delivered
O000820,2024-08-19,C0222,P0122,E040,3,0.05,Debit Card,Delivered
O001643,2024-08-19,C0937,P0160,E008,1,0.05,UPI,Shipped
O004350,2024-08-19,C0273,P0126,E044,2,0.02,Debit Card,Delivered
O005317,2024-08-19,C0428,P0033,E021,4,0.15,Debit Card,Delivered
O006696,2024-08-19,C0647,P0129,E022,3,0.0,Net Banking,Delivered
O006718,2024-08-19,C0601,P0059,E046,4,0.0,Debit Card,Delivered
O007434,2024-08-19,C0687,P0028,E030,1,0.15,Debit Card,Delivered
O007695,2024-08-19,C0450,P0006,E024,4,0.0,UPI,Delivered
O008015,2024-08-19,C0384,P0057,E047,4,0.2,Debit Card,Delivered
O008902,2024-08-19,C0592,P0140,E004,8,0.0,UPI,Shipped
O000572,2024-08-20,C0355,P0026,E034,1,0.02,Debit Card,Delivered
O001258,2024-08-20,C0848,P0111,E048,1,0.1,Credit Card,Delivered
O001384,2024-08-20,C0973,P0009,E022,2,0.05,UPI,Delivered
O003843,2024-08-20,C0181,P0006,E009,2,0.1,Cash on Delivery,Cancelled
O005428,2024-08-20,C0489,P0114,E006,1,0.05,Credit Card,Delivered
O005670,2024-08-20,C0383,P0126,E003,1,0.02,Credit Card,Delivered
O006304,2024-08-20,C0138,P0040,E016,3,0.05,Net Banking,Delivered
O007126,2024-08-20,C0035,P0082,E046,1,0.0,UPI,Delivered
O007157,2024-08-20,C0848,P0090,E005,1,0.05,Net Banking,Delivered
O008169,2024-08-20,C0978,P0116,E038,1,0.0,Debit Card,Delivered
O009369,2024-08-20,C0299,P0017,E015,5,0.05,Credit Card,Delivered
O000164,2024-08-21,C0092,P0069,E024,3,0.0,Net Banking,Delivered
O000551,2024-08-21,C0858,P0085,E040,1,0.0,Debit Card,Delivered
O000730,2024-08-21,C0954,P0031,E039,5,0.02,Credit Card,Delivered
O003690,2024-08-21,C0792,P0134,E049,2,0.02,Net Banking,Delivered
O004249,2024-08-21,C0090,P0103,E020,6,0.0,Debit Card,Delivered
O005355,2024-08-21,C0500,P0120,E001,2,0.0,Debit Card,Delivered
O005596,2024-08-21,C0368,P0186,E016,2,0.05,Net Banking,Delivered
O007198,2024-08-21,C0581,P0001,E028,5,0.0,Debit Card,Delivered
O007655,2024-08-21,C0109,P0018,E028,6,0.0,Net Banking,Delivered
O008785,2024-08-21,C0815,P0042,E025,6,0.0,Net Banking,Delivered
O008815,2024-08-21,C0867,P0164,E044,1,0.05,Net Banking,Delivered
O001545,2024-08-22,C0646,P0111,E033,8,0.05,Credit Card,Delivered
O002246,2024-08-22,C0262,P0010,E017,3,0.1,Debit Card,Delivered
O002585,2024-08-22,C0759,P0181,E037,6,0.0,Debit Card,Delivered
O005375,2024-08-22,C0722,P0190,E023,1,0.0,Net Banking,Delivered
O009383,2024-08-22,C0638,P0024,E010,1,0.0,Net Banking,Delivered
O009834,2024-08-22,C0032,P0035,E042,3,0.0,Cash on Delivery,Delivered
O000159,2024-08-23,C0820,P0086,E001,1,0.0,Debit Card,Delivered
O000168,2024-08-23,C0384,P0098,E035,3,0.0,Credit Card,Delivered
O000960,2024-08-23,C0465,P0023,E018,4,0.02,UPI,Delivered
O001193,2024-08-23,C0528,P0098,E036,2,0.05,Debit Card,Delivered
O001234,2024-08-23,C0281,P0139,E020,2,0.15,Debit Card,Cancelled
O002449,2024-08-23,C0102,P0035,E010,3,0.02,Net Banking,Shipped
O004816,2024-08-23,C0104,P0191,E027,2,0.0,Credit Card,Delivered
O004880,2024-08-23,C0179,P0024,E038,8,0.05,Net Banking,Returned
O007834,2024-08-23,C0604,P0158,E018,1,0.0,Credit Card,Delivered
O008048,2024-08-23,C0497,P0112,E009,1,0.0,UPI,Cancelled
O008453,2024-08-23,C0599,P0148,E027,3,0.0,Credit Card,Delivered
O008772,2024-08-23,C0181,P0021,E035,3,0.0,UPI,Delivered
O008929,2024-08-23,C0720,P0067,E045,4,0.0,Credit Card,Delivered
O009868,2024-08-23,C0044,P0046,E048,8,0.2,Debit Card,Delivered
O009904,2024-08-23,C0073,P0129,E050,5,0.0,Credit Card,Delivered
O000008,2024-08-24,C0262,P0066,E017,6,0.0,Debit Card,Delivered
O001315,2024-08-24,C0992,P0139,E023,2,0.05,Debit Card,Delivered
O001619,2024-08-24,C0426,P0084,E048,1,0.2,Credit Card,Delivered
O001755,2024-08-24,C0648,P0072,E030,2,0.1,Credit Card,Delivered
O002287,2024-08-24,C0121,P0002,E036,8,0.0,UPI,Delivered
O002356,2024-08-24,C0498,P0177,E036,4,0.0,Credit Card,Delivered
O003928,2024-08-24,C0586,P0096,E050,1,0.05,Debit Card,Shipped
O004192,2024-08-24,C0811,P0049,E017,2,0.0,UPI,Delivered
O005521,2024-08-24,C0649,P0193,E013,5,0.1,Debit Card,Delivered
O006841,2024-08-24,C0151,P0140,E013,1,0.0,Cash on Delivery,Delivered
O007204,2024-08-24,C0211,P0044,E001,1,0.0,Net Banking,Delivered
O007326,2024-08-24,C0559,P0009,E013,4,0.05,Net Banking,Delivered
O007756,2024-08-24,C0561,P0100,E023,5,0.1,UPI,Cancelled
O009230,2024-08-24,C0850,P0039,E027,3,0.15,Debit Card,Delivered
O000265,2024-08-25,C0111,P0004,E009,2,0.05,Cash on Delivery,Shipped
O001057,2024-08-25,C0701,P0148,E037,1,0.15,Net Banking,Delivered
O002741,2024-08-25,C0450,P0022,E010,1,0.0,Net Banking,Delivered
O004613,2024-08-25,C0910,P0008,E018,4,0.0,UPI,Delivered
O005868,2024-08-25,C0148,P0085,E012,3,0.02,Debit Card,Delivered
O006153,2024-08-25,C0663,P0058,E017,2,0.05,Credit Card,Returned
O007085,2024-08-25,C0964,P0016,E024,1,0.02,UPI,Delivered
O007272,2024-08-25,C0612,P0166,E047,3,0.02,Debit Card,Delivered
O009499,2024-08-25,C0701,P0063,E029,4,0.02,Net Banking,Delivered
O009981,2024-08-25,C0986,P0191,E004,1,0.02,UPI,Delivered
O000020,2024-08-26,C0399,P0011,E018,2,0.0,UPI,Delivered
O001295,2024-08-26,C0810,P0050,E006,1,0.0,Debit Card,Shipped
O003387,2024-08-26,C0161,P0185,E005,1,0.0,Cash on Delivery,Delivered
O003948,2024-08-26,C0121,P0166,E024,2,0.05,Net Banking,Delivered
O006018,2024-08-26,C0334,P0107,E050,4,0.05,Credit Card,Shipped
O006788,2024-08-26,C0465,P0038,E037,2,0.1,Net Banking,Delivered
O008128,2024-08-26,C0158,P0139,E029,3,0.0,Debit Card,Delivered
O009282,2024-08-26,C0228,P0158,E008,2,0.1,Cash on Delivery,Delivered
O001482,2024-08-27,C0580,P0140,E023,1,0.15,UPI,Delivered
O002317,2024-08-27,C0415,P0140,E021,3,0.02,Credit Card,Delivered
O002463,2024-08-27,C0757,P0153,E011,2,0.0,Cash on Delivery,Delivered
O003592,2024-08-27,C0730,P0150,E024,5,0.02,Cash on Delivery,Delivered
O003643,2024-08-27,C0736,P0190,E003,1,0.0,UPI,Delivered
O003777,2024-08-27,C0857,P0014,E022,2,0.0,Credit Card,Delivered
O006717,2024-08-27,C0405,P0018,E026,4,0.0,UPI,Delivered
O006926,2024-08-27,C0892,P0102,E029,8,0.05,Net Banking,Delivered
O008002,2024-08-27,C0173,P0139,E049,2,0.0,Credit Card,Delivered
O009337,2024-08-27,C0957,P0119,E037,2,0.0,Net Banking,Delivered
O001274,2024-08-28,C0372,P0189,E040,1,0.05,Debit Card,Delivered
O001630,2024-08-28,C0591,P0114,E007,1,0.1,Debit Card,Delivered
O002697,2024-08-28,C0869,P0162,E022,6,0.0,Net Banking,Delivered
O003104,2024-08-28,C0061,P0050,E018,1,0.0,UPI,Delivered
O003826,2024-08-28,C0701,P0075,E050,1,0.02,Credit Card,Delivered
O003973,2024-08-28,C0761,P0021,E008,2,0.0,Net Banking,Returned
O004662,2024-08-28,C0425,P0093,E043,1,0.1,UPI,Delivered
O005049,2024-08-28,C0416,P0135,E045,2,0.1,Debit Card,Delivered
O005405,2024-08-28,C0104,P0039,E037,2,0.0,UPI,Delivered
O005557,2024-08-28,C0960,P0089,E047,1,0.05,Debit Card,Delivered
O006005,2024-08-28,C0490,P0199,E015,1,0.0,Cash on Delivery,Delivered
O006507,2024-08-28,C0884,P0069,E031,1,0.02,UPI,Delivered
O007197,2024-08-28,C0710,P0145,E037,1,0.0,Credit Card,Delivered
O009056,2024-08-28,C0586,P0112,E029,1,0.05,UPI,Delivered
O009240,2024-08-28,C0410,P0066,E025,2,0.05,UPI,Delivered
O009471,2024-08-28,C0931,P0147,E020,5,0.1,Credit Card,Shipped
O000793,2024-08-29,C0648,P0174,E012,3,0.02,Debit Card,Delivered
O001524,2024-08-29,C0256,P0167,E007,8,0.05,Debit Card,Delivered
O001989,2024-08-29,C0103,P0005,E024,2,0.05,Debit Card,Delivered
O002504,2024-08-29,C0967,P0178,E031,1,0.0,Cash on Delivery,Delivered
O003869,2024-08-29,C0829,P0125,E046,3,0.0,Cash on Delivery,Delivered
O003975,2024-08-29,C0825,P0193,E029,1,0.2,Net Banking,Returned
O004001,2024-08-29,C0857,P0075,E047,1,0.02,Net Banking,Delivered
O004216,2024-08-29,C0022,P0113,E016,4,0.1,Credit Card,Delivered
O004594,2024-08-29,C0004,P0090,E012,1,0.0,UPI,Delivered
O005676,2024-08-29,C0442,P0190,E005,1,0.0,Cash on Delivery,Delivered
O001472,2024-08-30,C0571,P0179,E032,5,0.02,Credit Card,Delivered
O001966,2024-08-30,C0188,P0026,E008,5,0.0,UPI,Delivered
O002284,2024-08-30,C0328,P0070,E043,3,0.0,Credit Card,Delivered
O003369,2024-08-30,C0425,P0079,E016,2,0.0,UPI,Delivered
O003745,2024-08-30,C0425,P0045,E039,1,0.0,Credit Card,Shipped
O005380,2024-08-30,C0023,P0022,E004,1,0.0,Net Banking,Cancelled
O006554,2024-08-30,C0121,P0153,E037,1,0.05,Net Banking,Delivered
O003419,2024-08-31,C0308,P0106,E030,8,0.02,Debit Card,Delivered
O003462,2024-08-31,C0968,P0031,E004,3,0.0,Credit Card,Delivered
O004169,2024-08-31,C0001,P0138,E017,1,0.1,Credit Card,Delivered
O004570,2024-08-31,C0314,P0071,E007,2,0.05,UPI,Delivered
O006688,2024-08-31,C0688,P0184,E050,4,0.0,Cash on Delivery,Delivered
O008047,2024-08-31,C0480,P0028,E008,2,0.0,Credit Card,Shipped
O008718,2024-08-31,C0337,P0166,E012,2,0.1,UPI,Delivered
O008743,2024-08-31,C0940,P0065,E024,2,0.0,UPI,Delivered
O009770,2024-08-31,C0882,P0175,E033,1,0.05,Credit Card,Delivered
O000365,2024-09-01,C0953,P0045,E002,3,0.0,UPI,Delivered
O001149,2024-09-01,C0556,P0187,E042,2,0.0,Debit Card,Delivered
O001390,2024-09-01,C0425,P0006,E050,4,0.1,Net Banking,Delivered
O002662,2024-09-01,C0613,P0120,E031,5,0.0,UPI,Delivered
O004224,2024-09-01,C0683,P0093,E010,1,0.0,UPI,Cancelled
O004584,2024-09-01,C0884,P0108,E027,5,0.0,Credit Card,Delivered
O004706,2024-09-01,C0272,P0097,E038,5,0.0,Credit Card,Delivered
O007909,2024-09-01,C0692,P0089,E005,3,0.0,Cash on Delivery,Delivered
O009005,2024-09-01,C0855,P0047,E028,2,0.05,Net Banking,Returned
O009866,2024-09-01,C0364,P0139,E046,1,0.0,UPI,Delivered
O000074,2024-09-02,C0088,P0187,E036,1,0.2,Cash on Delivery,Delivered
O001255,2024-09-02,C0674,P0162,E007,2,0.0,UPI,Delivered
O002154,2024-09-02,C0266,P0015,E012,4,0.05,UPI,Delivered
O002643,2024-09-02,C0118,P0024,E027,4,0.0,Cash on Delivery,Delivered
O002674,2024-09-02,C0754,P0085,E042,1,0.0,UPI,Cancelled
O003082,2024-09-02,C0958,P0047,E031,3,0.1,UPI,Delivered
O003974,2024-09-02,C0675,P0125,E037,2,0.02,Net Banking,Delivered
O004514,2024-09-02,C0921,P0010,E021,1,0.05,Debit Card,Delivered
O004524,2024-09-02,C0759,P0051,E009,1,0.0,Debit Card,Delivered
O005456,2024-09-02,C0801,P0142,E004,10,0.02,Credit Card,Delivered
O005518,2024-09-02,C0529,P0058,E049,2,0.1,Net Banking,Cancelled
O005574,2024-09-02,C0670,P0044,E003,8,0.05,Debit Card,Cancelled
O000526,2024-09-03,C0079,P0142,E030,5,0.0,UPI,Delivered
O000957,2024-09-03,C0243,P0169,E035,10,0.15,Credit Card,Delivered
O001282,2024-09-03,C0650,P0127,E025,3,0.05,Credit Card,Delivered
O001973,2024-09-03,C0620,P0098,E007,2,0.1,Net Banking,Delivered
O002377,2024-09-03,C0973,P0028,E002,1,0.02,Net Banking,Delivered
O003837,2024-09-03,C0583,P0099,E007,1,0.0,Credit Card,Delivered
O004010,2024-09-03,C0121,P0093,E017,1,0.0,Net Banking,Shipped
O004046,2024-09-03,C0958,P0089,E014,1,0.0,Cash on Delivery,Shipped
O006343,2024-09-03,C0586,P0011,E005,2,0.0,UPI,Delivered
O009270,2024-09-03,C0173,P0072,E021,1,0.0,UPI,Delivered
O009458,2024-09-03,C0498,P0088,E014,1,0.05,Cash on Delivery,Delivered
O000676,2024-09-04,C0061,P0098,E046,2,0.0,UPI,Delivered
O001572,2024-09-04,C0780,P0021,E040,1,0.15,UPI,Delivered
O002181,2024-09-04,C0465,P0064,E026,1,0.0,Cash on Delivery,Shipped
O003263,2024-09-04,C0818,P0136,E002,3,0.05,Debit Card,Delivered
O003727,2024-09-04,C0771,P0028,E043,3,0.0,UPI,Delivered
O004439,2024-09-04,C0364,P0089,E012,1,0.05,Credit Card,Delivered
O004619,2024-09-04,C0249,P0103,E031,3,0.0,UPI,Delivered
O005917,2024-09-04,C0398,P0167,E050,3,0.15,Cash on Delivery,Shipped
O007032,2024-09-04,C0613,P0124,E007,2,0.05,Credit Card,Delivered
O007360,2024-09-04,C0634,P0042,E037,4,0.1,Credit Card,Delivered
O007447,2024-09-04,C0099,P0011,E015,2,0.02,Net Banking,Delivered
O009263,2024-09-04,C0490,P0059,E004,4,0.02,Credit Card,Delivered
O000409,2024-09-05,C0904,P0081,E027,1,0.0,UPI,Delivered
O000568,2024-09-05,C0160,P0147,E039,3,0.0,UPI,Shipped
O002492,2024-09-05,C0977,P0013,E012,1,0.05,UPI,Delivered
O004344,2024-09-05,C0576,P0181,E039,4,0.05,UPI,Delivered
O006132,2024-09-05,C0323,P0169,E044,2,0.05,Debit Card,Delivered
O006647,2024-09-05,C0364,P0076,E028,2,0.0,UPI,Delivered
O007626,2024-09-05,C0026,P0006,E012,2,0.05,Credit Card,Shipped
O008571,2024-09-05,C0648,P0172,E024,4,0.0,Debit Card,Delivered
O009002,2024-09-05,C0655,P0074,E018,2,0.0,Net Banking,Delivered
O000130,2024-09-06,C0612,P0128,E037,1,0.0,Net Banking,Delivered
O000192,2024-09-06,C0090,P0056,E030,1,0.2,Net Banking,Delivered
O001209,2024-09-06,C0322,P0170,E010,3,0.0,Net Banking,Delivered
O001305,2024-09-06,C0222,P0153,E009,1,0.0,UPI,Delivered
O002076,2024-09-06,C0204,P0035,E040,2,0.0,Debit Card,Delivered
O002998,2024-09-06,C0942,P0172,E020,3,0.05,Credit Card,Returned
O003274,2024-09-06,C0346,P0093,E027,3,0.02,Cash on Delivery,Delivered
O004486,2024-09-06,C0111,P0200,E034,1,0.1,Debit Card,Delivered
O005360,2024-09-06,C0487,P0182,E043,3,0.1,UPI,Delivered
O006187,2024-09-06,C0722,P0167,E035,1,0.0,UPI,Delivered
O006394,2024-09-06,C0707,P0040,E025,1,0.0,Net Banking,Delivered
O006759,2024-09-06,C0217,P0185,E048,4,0.05,UPI,Delivered
O007734,2024-09-06,C0064,P0181,E037,1,0.05,UPI,Delivered
O009148,2024-09-06,C0079,P0078,E037,2,0.0,Credit Card,Shipped
O009938,2024-09-06,C0232,P0022,E025,4,0.2,Cash on Delivery,Delivered
O000398,2024-09-07,C0262,P0171,E050,1,0.05,Cash on Delivery,Delivered
O000589,2024-09-07,C0914,P0109,E033,2,0.1,Credit Card,Delivered
O000973,2024-09-07,C0332,P0068,E001,8,0.02,Credit Card,Delivered
O001823,2024-09-07,C0027,P0049,E031,10,0.05,Debit Card,Delivered
O002213,2024-09-07,C0229,P0047,E044,1,0.02,Credit Card,Delivered
O003654,2024-09-07,C0021,P0093,E042,2,0.1,UPI,Delivered
O003756,2024-09-07,C0741,P0081,E013,6,0.05,Net Banking,Delivered
O006075,2024-09-07,C0294,P0067,E035,3,0.05,Cash on Delivery,Returned
O008338,2024-09-07,C0466,P0120,E047,3,0.05,Credit Card,Cancelled
O008737,2024-09-07,C0409,P0111,E007,2,0.05,Cash on Delivery,Delivered
O009598,2024-09-07,C0764,P0199,E013,3,0.05,UPI,Cancelled
O009804,2024-09-07,C0655,P0150,E011,5,0.0,Net Banking,Delivered
O001228,2024-09-08,C0670,P0177,E030,4,0.0,UPI,Delivered
O001540,2024-09-08,C0773,P0005,E016,1,0.0,Net Banking,Delivered
O002113,2024-09-08,C0842,P0164,E023,2,0.02,Net Banking,Delivered
O002365,2024-09-08,C0242,P0081,E014,6,0.02,Cash on Delivery,Delivered
O002841,2024-09-08,C0922,P0110,E033,1,0.02,Net Banking,Delivered
O002884,2024-09-08,C0488,P0159,E022,1,0.0,UPI,Returned
O003015,2024-09-08,C0448,P0126,E012,1,0.0,UPI,Cancelled
O003804,2024-09-08,C0281,P0010,E023,1,0.05,UPI,Delivered
O004077,2024-09-08,C0853,P0145,E024,2,0.05,Credit Card,Delivered
O004285,2024-09-08,C0236,P0070,E031,2,0.1,Credit Card,Delivered
O004850,2024-09-08,C0501,P0035,E033,1,0.0,Cash on Delivery,Delivered
O005065,2024-09-08,C0026,P0051,E021,3,0.0,Credit Card,Delivered
O006125,2024-09-08,C0383,P0004,E023,6,0.05,UPI,Cancelled
O006474,2024-09-08,C0444,P0080,E005,4,0.2,Net Banking,Delivered
O007633,2024-09-08,C0021,P0132,E037,3,0.0,UPI,Returned
O009120,2024-09-08,C0398,P0042,E029,1,0.0,Net Banking,Delivered
O009439,2024-09-08,C0591,P0198,E006,2,0.05,UPI,Delivered
O000111,2024-09-09,C0198,P0144,E012,2,0.0,Cash on Delivery,Delivered
O000170,2024-09-09,C0771,P0171,E019,6,0.0,Credit Card,Shipped
O000617,2024-09-09,C0707,P0140,E016,1,0.05,Net Banking,Delivered
O000965,2024-09-09,C0401,P0050,E016,1,0.2,Net Banking,Delivered
O001447,2024-09-09,C0462,P0083,E013,4,0.0,Credit Card,Delivered
O001496,2024-09-09,C0763,P0136,E048,5,0.0,Cash on Delivery,Delivered
O001839,2024-09-09,C0899,P0086,E001,1,0.15,Debit Card,Delivered
O003205,2024-09-09,C0913,P0062,E045,1,0.02,Debit Card,Delivered
O003285,2024-09-09,C0073,P0137,E045,1,0.0,Debit Card,Delivered
O003380,2024-09-09,C0703,P0115,E012,1,0.0,UPI,Shipped
O004750,2024-09-09,C0915,P0125,E037,5,0.02,Debit Card,Delivered
O006123,2024-09-09,C0365,P0069,E049,6,0.02,Credit Card,Delivered
O008658,2024-09-09,C0826,P0067,E043,1,0.05,Credit Card,Cancelled
O009275,2024-09-09,C0913,P0189,E006,4,0.0,UPI,Delivered
O009612,2024-09-09,C0334,P0012,E044,1,0.05,UPI,Delivered
O000864,2024-09-10,C0275,P0093,E020,3,0.15,Debit Card,Delivered
O000877,2024-09-10,C0403,P0117,E035,3,0.1,Net Banking,Delivered
O003984,2024-09-10,C0221,P0087,E048,4,0.0,Credit Card,Delivered
O005207,2024-09-10,C0632,P0173,E008,2,0.02,Credit Card,Delivered
O005843,2024-09-10,C0368,P0187,E040,2,0.1,UPI,Delivered
O007161,2024-09-10,C0173,P0006,E043,1,0.0,Debit Card,Delivered
O008979,2024-09-10,C0696,P0096,E026,2,0.05,Net Banking,Delivered
O000507,2024-09-11,C0210,P0108,E001,4,0.15,UPI,Delivered
O001969,2024-09-11,C0400,P0086,E050,2,0.1,UPI,Delivered
O002577,2024-09-11,C0726,P0067,E029,3,0.05,Debit Card,Delivered
O003653,2024-09-11,C0606,P0163,E033,1,0.0,Cash on Delivery,Delivered
O005814,2024-09-11,C0113,P0188,E021,1,0.05,Credit Card,Returned
O005826,2024-09-11,C0065,P0105,E020,2,0.15,Cash on Delivery,Delivered
O006433,2024-09-11,C0173,P0075,E039,2,0.15,UPI,Delivered
O006499,2024-09-11,C0561,P0038,E046,2,0.0,Net Banking,Delivered
O006697,2024-09-11,C0926,P0002,E044,8,0.02,Cash on Delivery,Delivered
O006817,2024-09-11,C0294,P0129,E048,2,0.05,UPI,Delivered
O007557,2024-09-11,C0793,P0055,E043,5,0.05,Cash on Delivery,Delivered
O007663,2024-09-11,C0048,P0076,E034,2,0.0,UPI,Delivered
O001279,2024-09-12,C0226,P0189,E016,3,0.05,Net Banking,Delivered
O001355,2024-09-12,C0938,P0170,E030,1,0.1,Net Banking,Delivered
O001804,2024-09-12,C0250,P0161,E041,1,0.05,Net Banking,Delivered
O002167,2024-09-12,C0941,P0085,E037,1,0.05,Net Banking,Delivered
O002180,2024-09-12,C0744,P0021,E010,1,0.0,Credit Card,Delivered
O002353,2024-09-12,C0371,P0056,E005,1,0.1,UPI,Delivered
O002510,2024-09-12,C0725,P0124,E028,4,0.1,Credit Card,Delivered
O002684,2024-09-12,C0763,P0154,E003,2,0.0,Credit Card,Delivered
O003395,2024-09-12,C0627,P0090,E016,3,0.0,UPI,Delivered
O003900,2024-09-12,C0439,P0019,E018,3,0.05,Debit Card,Shipped
O006595,2024-09-12,C0174,P0125,E025,5,0.0,UPI,Delivered
O007961,2024-09-12,C0101,P0030,E044,2,0.0,UPI,Delivered
O009897,2024-09-12,C0533,P0013,E024,1,0.0,Net Banking,Delivered
O001506,2024-09-13,C0421,P0021,E044,6,0.1,UPI,Delivered
O002476,2024-09-13,C0108,P0125,E017,2,0.0,Debit Card,Delivered
O006225,2024-09-13,C0131,P0057,E042,1,0.0,Net Banking,Delivered
O008435,2024-09-13,C0326,P0195,E016,2,0.05,Debit Card,Delivered
O000128,2024-09-14,C0706,P0048,E008,6,0.0,Credit Card,Shipped
O000573,2024-09-14,C0508,P0177,E019,1,0.0,Net Banking,Delivered
O001208,2024-09-14,C0004,P0175,E023,3,0.0,Cash on Delivery,Delivered
O001381,2024-09-14,C0267,P0190,E003,3,0.0,Debit Card,Delivered
O001544,2024-09-14,C0376,P0082,E018,4,0.02,UPI,Delivered
O002426,2024-09-14,C0609,P0181,E046,2,0.05,UPI,Delivered
O004062,2024-09-14,C0378,P0169,E009,2,0.0,UPI,Delivered
O005045,2024-09-14,C0954,P0169,E001,2,0.1,Credit Card,Delivered
O005622,2024-09-14,C0914,P0100,E019,4,0.05,Debit Card,Delivered
O007177,2024-09-14,C0061,P0090,E025,3,0.05,UPI,Shipped
O008176,2024-09-14,C0596,P0120,E009,3,0.05,Cash on Delivery,Delivered
O001010,2024-09-15,C0527,P0179,E038,2,0.0,Debit Card,Delivered
O001362,2024-09-15,C0784,P0192,E037,1,0.1,Debit Card,Shipped
O001911,2024-09-15,C0162,P0135,E009,1,0.1,UPI,Cancelled
O002266,2024-09-15,C0304,P0185,E029,1,0.02,Net Banking,Delivered
O003256,2024-09-15,C0482,P0135,E036,4,0.2,UPI,Returned
O003730,2024-09-15,C0006,P0065,E048,1,0.02,Net Banking,Delivered
O005772,2024-09-15,C0999,P0007,E005,3,0.0,UPI,Shipped
O006001,2024-09-15,C0527,P0051,E033,2,0.0,Net Banking,Delivered
O007226,2024-09-15,C0295,P0157,E022,8,0.2,Net Banking,Delivered
O008897,2024-09-15,C0678,P0196,E039,4,0.05,Debit Card,Delivered
O000569,2024-09-16,C0288,P0190,E048,1,0.0,UPI,Delivered
O001756,2024-09-16,C0222,P0036,E042,2,0.02,Cash on Delivery,Delivered
O002738,2024-09-16,C0243,P0057,E007,1,0.02,UPI,Delivered
O003239,2024-09-16,C0348,P0079,E032,3,0.0,Net Banking,Delivered
O006409,2024-09-16,C0668,P0089,E042,2,0.0,Credit Card,Delivered
O007392,2024-09-16,C0219,P0015,E023,3,0.0,UPI,Delivered
O007755,2024-09-16,C0431,P0002,E003,1,0.0,Credit Card,Delivered
O008768,2024-09-16,C0387,P0060,E037,1,0.05,Credit Card,Delivered
O009200,2024-09-16,C0434,P0124,E043,1,0.0,Net Banking,Delivered
O009249,2024-09-16,C1000,P0193,E002,1,0.0,Debit Card,Delivered
O009431,2024-09-16,C0422,P0160,E033,2,0.02,UPI,Delivered
O000367,2024-09-17,C0772,P0066,E028,10,0.02,UPI,Shipped
O000731,2024-09-17,C0054,P0180,E021,5,0.0,Debit Card,Shipped
O000745,2024-09-17,C0675,P0118,E048,3,0.05,Net Banking,Delivered
O001074,2024-09-17,C0953,P0090,E041,10,0.15,Cash on Delivery,Delivered
O003018,2024-09-17,C0761,P0169,E048,3,0.0,UPI,Delivered
O003529,2024-09-17,C0109,P0133,E024,1,0.0,UPI,Delivered
O003992,2024-09-17,C0836,P0034,E043,3,0.0,UPI,Delivered
O005702,2024-09-17,C0532,P0124,E010,2,0.0,UPI,Delivered
O006145,2024-09-17,C0171,P0017,E048,4,0.0,Credit Card,Delivered
O007779,2024-09-17,C0683,P0147,E045,6,0.02,Debit Card,Delivered
O002081,2024-09-18,C0663,P0161,E030,2,0.2,Net Banking,Delivered
O002958,2024-09-18,C0979,P0149,E002,2,0.02,Debit Card,Cancelled
O004345,2024-09-18,C0222,P0192,E013,6,0.0,Cash on Delivery,Delivered
O004896,2024-09-18,C0214,P0196,E009,1,0.1,UPI,Delivered
O006063,2024-09-18,C0075,P0119,E032,2,0.0,Credit Card,Delivered
O007385,2024-09-18,C0867,P0022,E031,4,0.0,UPI,Shipped
O000898,2024-09-19,C0442,P0151,E036,2,0.05,Net Banking,Delivered
O000947,2024-09-19,C0069,P0092,E039,8,0.05,Credit Card,Delivered
O001043,2024-09-19,C0298,P0114,E018,8,0.0,Credit Card,Delivered
O001861,2024-09-19,C0525,P0046,E031,3,0.15,Cash on Delivery,Delivered
O004306,2024-09-19,C0412,P0015,E028,1,0.05,Debit Card,Delivered
O005624,2024-09-19,C0378,P0118,E015,5,0.1,UPI,Delivered
O006641,2024-09-19,C0007,P0127,E005,1,0.05,Debit Card,Delivered
O007642,2024-09-19,C0334,P0099,E027,1,0.0,Credit Card,Delivered
O008731,2024-09-19,C0856,P0168,E038,4,0.0,Credit Card,Delivered
O009883,2024-09-19,C0819,P0154,E020,5,0.02,UPI,Delivered
O000629,2024-09-20,C0524,P0128,E022,1,0.1,Net Banking,Delivered
O001692,2024-09-20,C0181,P0043,E007,6,0.0,Cash on Delivery,Delivered
O005312,2024-09-20,C0322,P0099,E025,8,0.02,Credit Card,Delivered
O007022,2024-09-20,C0958,P0108,E008,4,0.0,UPI,Delivered
O007174,2024-09-20,C0903,P0036,E035,3,0.05,Net Banking,Delivered
O007708,2024-09-20,C0305,P0113,E025,8,0.0,Debit Card,Delivered
O008059,2024-09-20,C0848,P0175,E034,3,0.0,Credit Card,Delivered
O008317,2024-09-20,C0249,P0163,E022,1,0.05,UPI,Delivered
O009744,2024-09-20,C0763,P0188,E046,5,0.1,Credit Card,Delivered
O000060,2024-09-21,C0372,P0108,E036,1,0.0,Credit Card,Delivered
O001400,2024-09-21,C0459,P0060,E007,1,0.0,Cash on Delivery,Delivered
O002138,2024-09-21,C0101,P0177,E034,8,0.1,Cash on Delivery,Delivered
O002924,2024-09-21,C0441,P0042,E036,3,0.0,Net Banking,Delivered
O005142,2024-09-21,C0063,P0051,E009,3,0.05,UPI,Shipped
O005173,2024-09-21,C0530,P0154,E045,1,0.0,Credit Card,Delivered
O005258,2024-09-21,C0480,P0062,E001,6,0.15,UPI,Delivered
O005457,2024-09-21,C0285,P0129,E021,1,0.05,UPI,Shipped
O005904,2024-09-21,C0857,P0067,E016,2,0.1,Debit Card,Delivered
O005975,2024-09-21,C0131,P0007,E044,3,0.05,Net Banking,Delivered
O006274,2024-09-21,C0110,P0004,E007,3,0.0,Credit Card,Delivered
O006695,2024-09-21,C0462,P0051,E048,2,0.02,Debit Card,Delivered
O009705,2024-09-21,C0620,P0025,E038,2,0.0,Net Banking,Delivered
O000425,2024-09-22,C0063,P0075,E033,1,0.0,Credit Card,Delivered
O003828,2024-09-22,C0499,P0091,E033,3,0.0,UPI,Delivered
O004225,2024-09-22,C0633,P0078,E017,3,0.0,Net Banking,Delivered
O004659,2024-09-22,C0317,P0064,E017,1,0.1,UPI,Delivered
O006164,2024-09-22,C0953,P0161,E047,2,0.05,Net Banking,Cancelled
O006558,2024-09-22,C0134,P0101,E001,3,0.0,UPI,Returned
O008262,2024-09-22,C0834,P0015,E044,1,0.1,Credit Card,Delivered
O008667,2024-09-22,C0842,P0015,E045,2,0.0,Net Banking,Returned
O000608,2024-09-23,C0664,P0017,E034,5,0.0,Debit Card,Delivered
O003146,2024-09-23,C0780,P0141,E050,8,0.0,UPI,Returned
O004582,2024-09-23,C0542,P0143,E048,6,0.15,UPI,Delivered
O005250,2024-09-23,C0419,P0007,E031,3,0.0,Debit Card,Delivered
O005323,2024-09-23,C0899,P0154,E013,4,0.0,Net Banking,Delivered
O006944,2024-09-23,C0286,P0191,E030,3,0.1,Cash on Delivery,Delivered
O007192,2024-09-23,C0054,P0157,E022,2,0.05,Debit Card,Delivered
O008429,2024-09-23,C0249,P0188,E012,2,0.02,UPI,Delivered
O009166,2024-09-23,C0412,P0121,E042,2,0.05,Credit Card,Delivered
O009277,2024-09-23,C0120,P0170,E038,2,0.02,UPI,Delivered
O009950,2024-09-23,C0268,P0199,E045,4,0.02,Cash on Delivery,Delivered
O000990,2024-09-24,C0595,P0012,E022,5,0.05,UPI,Delivered
O001153,2024-09-24,C0640,P0082,E007,1,0.0,Cash on Delivery,Delivered
O001817,2024-09-24,C0272,P0120,E030,2,0.2,Net Banking,Cancelled
O002033,2024-09-24,C0285,P0096,E018,5,0.0,Credit Card,Delivered
O003211,2024-09-24,C0560,P0166,E035,6,0.0,UPI,Delivered
O003397,2024-09-24,C0710,P0114,E013,5,0.05,UPI,Delivered
O004205,2024-09-24,C0173,P0190,E021,1,0.15,Cash on Delivery,Delivered
O004586,2024-09-24,C0926,P0036,E013,3,0.15,Cash on Delivery,Delivered
O008519,2024-09-24,C0958,P0150,E007,3,0.1,Debit Card,Delivered
O008559,2024-09-24,C0222,P0028,E022,2,0.02,Credit Card,Delivered
O000376,2024-09-25,C0696,P0029,E033,1,0.15,Debit Card,Delivered
O001050,2024-09-25,C0621,P0172,E033,3,0.0,Cash on Delivery,Delivered
O001204,2024-09-25,C0028,P0177,E018,3,0.1,UPI,Delivered
O002459,2024-09-25,C0278,P0013,E015,4,0.0,Credit Card,Delivered
O002495,2024-09-25,C0104,P0166,E034,2,0.05,UPI,Returned
O002984,2024-09-25,C0488,P0039,E049,1,0.02,Credit Card,Delivered
O004153,2024-09-25,C0637,P0049,E041,5,0.1,UPI,Delivered
O004971,2024-09-25,C0191,P0177,E043,2,0.1,Net Banking,Delivered
O005582,2024-09-25,C0173,P0181,E049,3,0.0,Credit Card,Delivered
O006045,2024-09-25,C0875,P0085,E041,1,0.15,Debit Card,Delivered
O007149,2024-09-25,C0852,P0122,E037,4,0.05,Credit Card,Delivered
O007415,2024-09-25,C0784,P0177,E013,2,0.02,Cash on Delivery,Delivered
O008174,2024-09-25,C0617,P0044,E025,3,0.15,UPI,Delivered
O008344,2024-09-25,C0462,P0187,E016,2,0.1,Cash on Delivery,Delivered
O008512,2024-09-25,C0785,P0122,E039,1,0.1,Debit Card,Shipped
O008877,2024-09-25,C0629,P0003,E050,4,0.0,UPI,Delivered
O001924,2024-09-26,C0855,P0012,E009,2,0.0,Credit Card,Delivered
O002967,2024-09-26,C0386,P0151,E036,8,0.0,Credit Card,Delivered
O004223,2024-09-26,C0078,P0054,E005,2,0.15,Credit Card,Delivered
O004787,2024-09-26,C0138,P0197,E043,4,0.02,Credit Card,Delivered
O009285,2024-09-26,C0115,P0070,E041,3,0.0,Cash on Delivery,Delivered
O000025,2024-09-27,C0958,P0090,E019,2,0.1,UPI,Delivered
O000236,2024-09-27,C0288,P0033,E039,4,0.0,Cash on Delivery,Shipped
O003996,2024-09-27,C0898,P0110,E038,8,0.02,Debit Card,Delivered
O004198,2024-09-27,C0300,P0125,E036,6,0.02,Credit Card,Delivered
O007896,2024-09-27,C0843,P0048,E046,2,0.0,Credit Card,Delivered
O000562,2024-09-28,C0540,P0170,E005,4,0.0,UPI,Shipped
O002214,2024-09-28,C0348,P0054,E042,1,0.0,Net Banking,Delivered
O003798,2024-09-28,C0450,P0153,E031,2,0.05,Credit Card,Delivered
O005313,2024-09-28,C0889,P0157,E039,6,0.05,Net Banking,Delivered
O005322,2024-09-28,C0653,P0067,E014,5,0.1,Debit Card,Delivered
O005385,2024-09-28,C0180,P0170,E002,10,0.05,UPI,Delivered
O007251,2024-09-28,C0741,P0052,E039,1,0.0,Debit Card,Delivered
O007529,2024-09-28,C0914,P0053,E033,3,0.0,Debit Card,Delivered
O009341,2024-09-28,C0558,P0152,E040,2,0.0,Cash on Delivery,Shipped
O000044,2024-09-29,C0384,P0078,E031,4,0.0,UPI,Delivered
O000438,2024-09-29,C0877,P0062,E035,2,0.0,Debit Card,Delivered
O000603,2024-09-29,C0583,P0019,E006,3,0.05,UPI,Delivered
O000709,2024-09-29,C0308,P0102,E023,3,0.05,Debit Card,Delivered
O004719,2024-09-29,C0485,P0124,E050,1,0.05,Credit Card,Delivered
O006372,2024-09-29,C0648,P0066,E037,5,0.02,Net Banking,Delivered
O007781,2024-09-29,C0882,P0099,E013,8,0.2,Credit Card,Delivered
O008537,2024-09-29,C0144,P0044,E016,4,0.02,Debit Card,Delivered
O000716,2024-09-30,C0079,P0144,E034,3,0.02,UPI,Delivered
O001781,2024-09-30,C0383,P0112,E037,3,0.0,Credit Card,Delivered
O002784,2024-09-30,C0853,P0184,E017,1,0.0,Cash on Delivery,Delivered
O003817,2024-09-30,C0450,P0040,E011,4,0.05,Debit Card,Delivered
O006617,2024-09-30,C0350,P0113,E029,1,0.0,Debit Card,Delivered
O007668,2024-09-30,C0171,P0063,E044,2,0.05,UPI,Delivered
O007885,2024-09-30,C0776,P0147,E049,1,0.0,Debit Card,Delivered
O008613,2024-09-30,C0490,P0199,E027,2,0.02,Net Banking,Delivered
O001058,2024-10-01,C0109,P0086,E027,3,0.1,UPI,Delivered
O001361,2024-10-01,C0689,P0082,E014,8,0.1,Debit Card,Delivered
O001609,2024-10-01,C0954,P0086,E047,3,0.05,Credit Card,Shipped
O002187,2024-10-01,C0117,P0188,E039,1,0.15,UPI,Delivered
O002221,2024-10-01,C0308,P0135,E022,10,0.0,UPI,Returned
O002550,2024-10-01,C0634,P0072,E028,2,0.05,Credit Card,Delivered
O005743,2024-10-01,C0441,P0023,E004,5,0.1,Cash on Delivery,Delivered
O008172,2024-10-01,C0032,P0022,E047,6,0.0,Cash on Delivery,Delivered
O008553,2024-10-01,C0997,P0131,E014,8,0.1,Debit Card,Delivered
O008836,2024-10-01,C0104,P0193,E047,3,0.05,UPI,Delivered
O009207,2024-10-01,C0758,P0059,E029,3,0.0,Cash on Delivery,Delivered
O009914,2024-10-01,C0120,P0158,E033,3,0.1,Credit Card,Delivered
O000118,2024-10-02,C0886,P0023,E020,1,0.05,Net Banking,Delivered
O001815,2024-10-02,C0626,P0118,E039,3,0.0,UPI,Cancelled
O002400,2024-10-02,C0073,P0096,E024,2,0.0,UPI,Delivered
O002545,2024-10-02,C0803,P0055,E029,2,0.0,Cash on Delivery,Delivered
O002805,2024-10-02,C0195,P0071,E034,4,0.1,Cash on Delivery,Delivered
O003349,2024-10-02,C0200,P0100,E007,4,0.05,Cash on Delivery,Delivered
O004015,2024-10-02,C0517,P0091,E011,4,0.05,UPI,Shipped
O006259,2024-10-02,C0872,P0200,E041,3,0.0,Debit Card,Delivered
O006684,2024-10-02,C0174,P0131,E041,2,0.15,UPI,Delivered
O007393,2024-10-02,C0107,P0154,E025,3,0.0,Credit Card,Delivered
O007828,2024-10-02,C0081,P0093,E015,6,0.0,UPI,Delivered
O008135,2024-10-02,C0883,P0072,E010,1,0.0,UPI,Delivered
O008282,2024-10-02,C0655,P0193,E014,1,0.02,UPI,Delivered
O008605,2024-10-02,C0522,P0018,E024,3,0.02,Cash on Delivery,Shipped
O009393,2024-10-02,C0458,P0158,E019,2,0.02,Debit Card,Cancelled
O000140,2024-10-03,C0365,P0154,E010,3,0.0,UPI,Delivered
O001867,2024-10-03,C0519,P0195,E008,5,0.0,UPI,Delivered
O002539,2024-10-03,C0665,P0058,E035,4,0.05,Net Banking,Delivered
O003270,2024-10-03,C0551,P0171,E029,2,0.0,Debit Card,Delivered
O003424,2024-10-03,C0037,P0028,E005,2,0.1,Credit Card,Delivered
O003831,2024-10-03,C0014,P0072,E005,4,0.1,Cash on Delivery,Returned
O005131,2024-10-03,C0926,P0173,E048,2,0.05,Debit Card,Delivered
O005747,2024-10-03,C0578,P0102,E022,3,0.2,Net Banking,Delivered
O006081,2024-10-03,C0940,P0029,E049,4,0.2,Credit Card,Delivered
O006295,2024-10-03,C0001,P0178,E025,2,0.1,Net Banking,Delivered
O006698,2024-10-03,C0745,P0129,E019,5,0.0,Cash on Delivery,Delivered
O006901,2024-10-03,C0964,P0049,E029,4,0.1,Debit Card,Delivered
O008025,2024-10-03,C0171,P0199,E045,3,0.0,Cash on Delivery,Delivered
O009646,2024-10-03,C0561,P0053,E041,3,0.2,UPI,Delivered
O009916,2024-10-03,C0630,P0120,E049,2,0.02,UPI,Delivered
O000567,2024-10-04,C0346,P0196,E026,1,0.02,Credit Card,Delivered
O001401,2024-10-04,C0283,P0105,E007,2,0.05,Net Banking,Delivered
O001441,2024-10-04,C0001,P0115,E046,5,0.05,Credit Card,Cancelled
O002249,2024-10-04,C0529,P0006,E009,3,0.05,UPI,Delivered
O003534,2024-10-04,C0664,P0037,E001,4,0.0,Debit Card,Delivered
O003864,2024-10-04,C0414,P0128,E045,4,0.1,UPI,Delivered
O003917,2024-10-04,C0775,P0073,E020,6,0.0,Debit Card,Shipped
O005128,2024-10-04,C0688,P0179,E017,4,0.1,Credit Card,Delivered
O005277,2024-10-04,C0601,P0067,E044,3,0.0,Credit Card,Delivered
O005637,2024-10-04,C0957,P0016,E019,1,0.05,Net Banking,Returned
O009049,2024-10-04,C0125,P0171,E018,1,0.0,Credit Card,Delivered
O009832,2024-10-04,C0315,P0181,E008,2,0.1,Debit Card,Delivered
O000809,2024-10-05,C0629,P0100,E002,3,0.05,UPI,Delivered
O001202,2024-10-05,C0133,P0118,E012,3,0.05,Debit Card,Delivered
O001905,2024-10-05,C0918,P0068,E019,4,0.0,Credit Card,Delivered
O003123,2024-10-05,C0629,P0128,E018,1,0.1,Net Banking,Delivered
O003430,2024-10-05,C0480,P0085,E034,1,0.02,Debit Card,Shipped
O005327,2024-10-05,C0178,P0124,E031,3,0.02,Cash on Delivery,Delivered
O006202,2024-10-05,C0873,P0084,E047,1,0.05,UPI,Returned
O006379,2024-10-05,C0597,P0135,E020,4,0.0,Net Banking,Delivered
O006782,2024-10-05,C0162,P0088,E036,5,0.0,UPI,Delivered
O007375,2024-10-05,C0672,P0144,E047,2,0.0,Net Banking,Delivered
O007487,2024-10-05,C0316,P0195,E025,2,0.0,UPI,Delivered
O007580,2024-10-05,C0815,P0148,E042,3,0.05,Debit Card,Delivered
O009634,2024-10-05,C0783,P0002,E020,1,0.05,Debit Card,Delivered
O009679,2024-10-05,C0986,P0023,E044,1,0.0,UPI,Delivered
O009732,2024-10-05,C0593,P0025,E013,3,0.0,Credit Card,Cancelled
O001054,2024-10-06,C0613,P0035,E008,3,0.0,Net Banking,Delivered
O004162,2024-10-06,C0245,P0102,E018,3,0.05,UPI,Delivered
O004397,2024-10-06,C0532,P0174,E010,1,0.02,UPI,Delivered
O004522,2024-10-06,C0956,P0194,E005,3,0.0,Debit Card,Delivered
O005197,2024-10-06,C0553,P0196,E022,8,0.1,Credit Card,Cancelled
O005861,2024-10-06,C0471,P0173,E012,3,0.0,UPI,Delivered
O008847,2024-10-06,C0678,P0032,E028,3,0.0,Credit Card,Delivered
O000241,2024-10-07,C0848,P0108,E037,2,0.05,Credit Card,Delivered
O004337,2024-10-07,C0226,P0178,E019,2,0.15,Net Banking,Delivered
O005113,2024-10-07,C0636,P0027,E031,5,0.0,Credit Card,Delivered
O006013,2024-10-07,C0817,P0049,E021,5,0.05,Debit Card,Delivered
O008439,2024-10-07,C0149,P0145,E036,5,0.1,UPI,Delivered
O008524,2024-10-07,C0610,P0093,E045,1,0.1,UPI,Delivered
O009161,2024-10-07,C0915,P0125,E034,2,0.0,Credit Card,Delivered
O009170,2024-10-07,C0952,P0029,E007,1,0.1,UPI,Delivered
O000093,2024-10-08,C0726,P0019,E030,1,0.0,Credit Card,Cancelled
O003042,2024-10-08,C0592,P0052,E022,3,0.05,Debit Card,Delivered
O003049,2024-10-08,C0928,P0071,E027,1,0.0,Cash on Delivery,Shipped
O003406,2024-10-08,C0222,P0158,E033,1,0.0,Cash on Delivery,Delivered
O004074,2024-10-08,C0808,P0001,E041,1,0.0,Debit Card,Delivered
O004583,2024-10-08,C0143,P0142,E034,1,0.05,Credit Card,Delivered
O004961,2024-10-08,C0364,P0097,E011,3,0.02,Debit Card,Delivered
O004973,2024-10-08,C0953,P0158,E023,2,0.0,UPI,Delivered
O005215,2024-10-08,C0954,P0143,E045,2,0.02,Cash on Delivery,Delivered
O005506,2024-10-08,C0096,P0072,E018,1,0.05,Debit Card,Shipped
O006250,2024-10-08,C0028,P0083,E046,1,0.0,UPI,Cancelled
O007188,2024-10-08,C0652,P0167,E015,1,0.1,Debit Card,Delivered
O007762,2024-10-08,C0762,P0200,E028,2,0.0,UPI,Delivered
O009564,2024-10-08,C0283,P0124,E037,1,0.0,Net Banking,Delivered
O001595,2024-10-09,C0425,P0005,E010,1,0.1,Net Banking,Delivered
O001703,2024-10-09,C0592,P0026,E021,2,0.02,Credit Card,Delivered
O003414,2024-10-09,C0258,P0046,E029,5,0.05,Net Banking,Delivered
O003494,2024-10-09,C0884,P0111,E021,1,0.0,Net Banking,Delivered
O003691,2024-10-09,C0629,P0090,E032,6,0.15,UPI,Delivered
O004923,2024-10-09,C0705,P0177,E030,4,0.0,Cash on Delivery,Delivered
O005115,2024-10-09,C0095,P0084,E026,8,0.0,Credit Card,Shipped
O005129,2024-10-09,C0288,P0170,E016,1,0.0,Debit Card,Delivered
O005418,2024-10-09,C0989,P0146,E034,3,0.1,UPI,Delivered
O005899,2024-10-09,C0232,P0062,E029,1,0.0,Credit Card,Delivered
O006328,2024-10-09,C0801,P0032,E030,1,0.0,Credit Card,Delivered
O008782,2024-10-09,C0943,P0156,E011,2,0.05,Net Banking,Delivered
O004710,2024-10-10,C0278,P0142,E017,2,0.02,Net Banking,Delivered
O005467,2024-10-10,C0603,P0042,E034,2,0.0,Net Banking,Delivered
O005601,2024-10-10,C0301,P0057,E023,2,0.05,Credit Card,Delivered
O005611,2024-10-10,C0097,P0003,E021,1,0.1,Debit Card,Delivered
O007605,2024-10-10,C0884,P0099,E014,4,0.1,Cash on Delivery,Delivered
O008830,2024-10-10,C0655,P0039,E017,4,0.05,Credit Card,Cancelled
O001533,2024-10-11,C0617,P0175,E010,8,0.0,UPI,Delivered
O005857,2024-10-11,C0450,P0028,E002,3,0.05,Debit Card,Delivered
O006179,2024-10-11,C0948,P0052,E017,4,0.02,UPI,Delivered
O007367,2024-10-11,C0273,P0023,E019,1,0.05,UPI,Delivered
O008552,2024-10-11,C0984,P0140,E047,2,0.02,Credit Card,Delivered
O009534,2024-10-11,C0115,P0006,E016,2,0.2,UPI,Delivered
O009926,2024-10-11,C0803,P0027,E031,4,0.1,UPI,Delivered
O000148,2024-10-12,C0184,P0087,E030,2,0.05,Net Banking,Delivered
O000619,2024-10-12,C0464,P0023,E036,4,0.2,Net Banking,Delivered
O001354,2024-10-12,C0407,P0057,E013,2,0.0,Credit Card,Delivered
O002677,2024-10-12,C0468,P0128,E023,5,0.05,UPI,Delivered
O002762,2024-10-12,C0709,P0003,E001,3,0.05,Debit Card,Delivered
O004573,2024-10-12,C0309,P0072,E026,4,0.1,Credit Card,Delivered
O005554,2024-10-12,C0121,P0033,E006,1,0.05,Net Banking,Delivered
O006096,2024-10-12,C0940,P0161,E006,2,0.02,Net Banking,Delivered
O006640,2024-10-12,C0283,P0072,E038,6,0.0,Debit Card,Returned
O006839,2024-10-12,C0859,P0091,E041,8,0.0,Credit Card,Delivered
O007111,2024-10-12,C0790,P0024,E017,4,0.0,Credit Card,Delivered
O009187,2024-10-12,C0462,P0027,E049,4,0.1,Cash on Delivery,Delivered
O009844,2024-10-12,C0866,P0055,E040,8,0.05,Credit Card,Returned
O001340,2024-10-13,C0759,P0087,E036,1,0.1,UPI,Delivered
O002031,2024-10-13,C0449,P0150,E044,3,0.0,UPI,Delivered
O002446,2024-10-13,C0443,P0139,E050,1,0.0,Debit Card,Shipped
O006052,2024-10-13,C0657,P0090,E027,4,0.1,Debit Card,Delivered
O006185,2024-10-13,C0533,P0197,E043,8,0.0,Debit Card,Delivered
O006342,2024-10-13,C0359,P0110,E012,3,0.05,UPI,Delivered
O006995,2024-10-13,C0905,P0029,E032,1,0.02,Cash on Delivery,Delivered
O008310,2024-10-13,C0596,P0020,E010,10,0.0,Net Banking,Shipped
O008491,2024-10-13,C0041,P0154,E049,4,0.05,UPI,Delivered
O009182,2024-10-13,C0846,P0121,E012,4,0.0,UPI,Delivered
O009495,2024-10-13,C0117,P0072,E044,4,0.0,Debit Card,Delivered
O001519,2024-10-14,C0992,P0110,E019,1,0.0,Debit Card,Delivered
O001785,2024-10-14,C0278,P0107,E011,2,0.05,Credit Card,Delivered
O002560,2024-10-14,C0308,P0073,E043,1,0.2,Cash on Delivery,Delivered
O003392,2024-10-14,C0655,P0129,E049,6,0.05,Credit Card,Delivered
O004100,2024-10-14,C0953,P0190,E010,3,0.0,Credit Card,Cancelled
O004416,2024-10-14,C0066,P0069,E048,1,0.1,Net Banking,Returned
O004767,2024-10-14,C0490,P0185,E034,2,0.02,Debit Card,Delivered
O004993,2024-10-14,C0199,P0139,E035,6,0.1,Credit Card,Delivered
O005422,2024-10-14,C0784,P0085,E006,1,0.0,Debit Card,Shipped
O006772,2024-10-14,C0201,P0070,E020,2,0.0,Net Banking,Delivered
O007338,2024-10-14,C0317,P0177,E001,1,0.02,Debit Card,Delivered
O008686,2024-10-14,C0610,P0187,E034,2,0.05,Credit Card,Delivered
O008882,2024-10-14,C0536,P0071,E018,1,0.0,UPI,Delivered
O004172,2024-10-15,C0656,P0063,E046,3,0.0,Cash on Delivery,Delivered
O004938,2024-10-15,C0596,P0044,E033,1,0.0,Net Banking,Delivered
O005241,2024-10-15,C0350,P0061,E021,1,0.2,UPI,Delivered
O008132,2024-10-15,C0585,P0181,E014,4,0.05,Cash on Delivery,Delivered
O008187,2024-10-15,C0683,P0161,E025,2,0.0,Cash on Delivery,Delivered
O008851,2024-10-15,C0329,P0189,E040,2,0.05,Cash on Delivery,Delivered
O009896,2024-10-15,C0563,P0036,E014,3,0.1,Net Banking,Cancelled
O001365,2024-10-16,C0643,P0167,E036,8,0.1,Credit Card,Delivered
O001487,2024-10-16,C0295,P0153,E028,6,0.1,Cash on Delivery,Delivered
O002419,2024-10-16,C0161,P0009,E037,5,0.05,Debit Card,Delivered
O002599,2024-10-16,C0104,P0175,E046,4,0.0,UPI,Delivered
O002691,2024-10-16,C0561,P0148,E016,1,0.2,Cash on Delivery,Delivered
O004627,2024-10-16,C0818,P0158,E011,2,0.02,Credit Card,Cancelled
O005035,2024-10-16,C0761,P0001,E045,3,0.02,Credit Card,Delivered
O006707,2024-10-16,C0373,P0028,E033,1,0.1,Debit Card,Delivered
O007710,2024-10-16,C0228,P0011,E010,1,0.05,Cash on Delivery,Delivered
O008209,2024-10-16,C0931,P0058,E038,3,0.0,Debit Card,Delivered
O008812,2024-10-16,C0524,P0149,E042,1,0.05,Credit Card,Delivered
O008999,2024-10-16,C0151,P0027,E041,2,0.05,Net Banking,Delivered
O000433,2024-10-17,C0130,P0088,E049,8,0.05,Debit Card,Delivered
O003325,2024-10-17,C0180,P0195,E019,2,0.0,Net Banking,Delivered
O003849,2024-10-17,C0047,P0026,E001,2,0.15,Net Banking,Delivered
O004928,2024-10-17,C0882,P0108,E005,1,0.0,UPI,Cancelled
O005151,2024-10-17,C0252,P0084,E027,10,0.05,UPI,Delivered
O005184,2024-10-17,C0435,P0079,E006,3,0.15,Credit Card,Delivered
O005465,2024-10-17,C0128,P0007,E012,2,0.05,Debit Card,Shipped
O005667,2024-10-17,C0551,P0027,E016,3,0.0,Net Banking,Returned
O006390,2024-10-17,C0880,P0140,E016,1,0.0,Credit Card,Delivered
O007749,2024-10-17,C0939,P0017,E047,1,0.05,UPI,Delivered
O009072,2024-10-17,C0344,P0120,E044,1,0.0,Credit Card,Delivered
O000166,2024-10-18,C0099,P0107,E032,5,0.05,Credit Card,Delivered
O000220,2024-10-18,C0195,P0051,E049,2,0.05,Credit Card,Delivered
O002158,2024-10-18,C0899,P0093,E001,1,0.0,Credit Card,Shipped
O002570,2024-10-18,C0717,P0012,E027,2,0.0,Credit Card,Delivered
O003157,2024-10-18,C0763,P0096,E040,2,0.0,Credit Card,Delivered
O008190,2024-10-18,C0635,P0083,E028,10,0.0,Credit Card,Delivered
O008294,2024-10-18,C0873,P0108,E007,1,0.15,UPI,Delivered
O009349,2024-10-18,C0129,P0130,E037,10,0.05,Debit Card,Delivered
O009580,2024-10-18,C0954,P0007,E001,3,0.0,Credit Card,Delivered
O000228,2024-10-19,C0134,P0138,E034,4,0.2,UPI,Delivered
O000705,2024-10-19,C0675,P0113,E044,1,0.05,UPI,Delivered
O003693,2024-10-19,C0775,P0068,E031,3,0.02,Credit Card,Returned
O004033,2024-10-19,C0334,P0124,E044,3,0.02,UPI,Delivered
O004321,2024-10-19,C0879,P0165,E040,1,0.0,UPI,Cancelled
O004742,2024-10-19,C0894,P0033,E045,3,0.0,UPI,Delivered
O007012,2024-10-19,C0009,P0176,E016,3,0.05,Credit Card,Delivered
O008035,2024-10-19,C0853,P0082,E017,1,0.0,Credit Card,Shipped
O008978,2024-10-19,C0173,P0135,E042,1,0.2,UPI,Delivered
O009130,2024-10-19,C0750,P0027,E005,4,0.0,Net Banking,Delivered
O009765,2024-10-19,C0606,P0026,E022,2,0.05,UPI,Delivered
O000062,2024-10-20,C0535,P0189,E013,1,0.0,UPI,Delivered
O000149,2024-10-20,C0178,P0096,E021,2,0.1,UPI,Delivered
O000565,2024-10-20,C0867,P0019,E044,1,0.1,Debit Card,Delivered
O000756,2024-10-20,C0679,P0040,E003,1,0.05,Cash on Delivery,Delivered
O001600,2024-10-20,C0438,P0072,E034,2,0.0,UPI,Delivered
O001726,2024-10-20,C0061,P0099,E034,4,0.02,Credit Card,Delivered
O002930,2024-10-20,C0913,P0138,E013,4,0.05,UPI,Delivered
O003979,2024-10-20,C0668,P0014,E045,1,0.02,UPI,Delivered
O004465,2024-10-20,C0174,P0084,E002,5,0.05,UPI,Delivered
O005039,2024-10-20,C0656,P0014,E003,1,0.1,Credit Card,Delivered
O005075,2024-10-20,C0629,P0040,E037,5,0.0,Credit Card,Delivered
O007922,2024-10-20,C0157,P0059,E031,8,0.0,Debit Card,Delivered
O008363,2024-10-20,C0446,P0182,E046,1,0.0,UPI,Returned
O008446,2024-10-20,C0510,P0005,E010,1,0.02,Credit Card,Delivered
O001045,2024-10-21,C0508,P0081,E008,2,0.0,Net Banking,Delivered
O004139,2024-10-21,C0224,P0073,E013,2,0.02,Debit Card,Delivered
O005068,2024-10-21,C0998,P0094,E019,1,0.1,Credit Card,Delivered
O006980,2024-10-21,C0671,P0024,E017,6,0.0,Credit Card,Delivered
O008346,2024-10-21,C0708,P0127,E008,6,0.02,Cash on Delivery,Delivered
O008540,2024-10-21,C0458,P0076,E016,3,0.1,Cash on Delivery,Delivered
O009955,2024-10-21,C0747,P0105,E045,1,0.0,Net Banking,Returned
O000219,2024-10-22,C0059,P0200,E002,1,0.0,Cash on Delivery,Delivered
O000807,2024-10-22,C0225,P0122,E012,1,0.0,Net Banking,Delivered
O005932,2024-10-22,C0211,P0012,E048,3,0.0,Debit Card,Delivered
O006517,2024-10-22,C0256,P0181,E001,5,0.0,UPI,Delivered
O006858,2024-10-22,C0661,P0147,E027,2,0.05,Credit Card,Delivered
O008573,2024-10-22,C0836,P0155,E049,2,0.05,UPI,Delivered
O008790,2024-10-22,C0333,P0103,E048,1,0.0,Credit Card,Delivered
O009802,2024-10-22,C0837,P0045,E034,6,0.0,UPI,Delivered
O009966,2024-10-22,C0308,P0154,E032,2,0.0,UPI,Delivered
O001103,2024-10-23,C0833,P0073,E033,3,0.1,Net Banking,Delivered
O001176,2024-10-23,C0225,P0179,E029,1,0.02,Debit Card,Cancelled
O002990,2024-10-23,C0321,P0120,E016,3,0.05,Cash on Delivery,Delivered
O003204,2024-10-23,C0020,P0106,E033,1,0.05,UPI,Delivered
O004013,2024-10-23,C0562,P0118,E006,1,0.05,UPI,Delivered
O005386,2024-10-23,C0718,P0069,E048,1,0.05,Cash on Delivery,Delivered
O006369,2024-10-23,C0055,P0131,E003,3,0.05,UPI,Delivered
O006502,2024-10-23,C0144,P0047,E018,1,0.0,Credit Card,Shipped
O007699,2024-10-23,C0112,P0111,E033,5,0.05,Net Banking,Cancelled
O008663,2024-10-23,C0622,P0195,E012,1,0.0,Net Banking,Delivered
O002813,2024-10-24,C0456,P0172,E044,1,0.05,Cash on Delivery,Delivered
O004579,2024-10-24,C0741,P0154,E001,4,0.0,Net Banking,Delivered
O005213,2024-10-24,C0959,P0014,E001,2,0.0,Credit Card,Delivered
O006578,2024-10-24,C0899,P0140,E003,10,0.0,Net Banking,Cancelled
O007571,2024-10-24,C0198,P0019,E043,2,0.2,Debit Card,Delivered
O008808,2024-10-24,C0757,P0070,E009,3,0.05,Net Banking,Delivered
O009015,2024-10-24,C0460,P0146,E001,4,0.02,Debit Card,Delivered
O000893,2024-10-25,C0246,P0048,E039,1,0.1,UPI,Delivered
O001165,2024-10-25,C0511,P0027,E012,3,0.0,Net Banking,Returned
O002270,2024-10-25,C0048,P0026,E007,2,0.0,UPI,Delivered
O002413,2024-10-25,C0584,P0173,E038,1,0.0,UPI,Delivered
O003401,2024-10-25,C0801,P0043,E048,1,0.15,Net Banking,Delivered
O004611,2024-10-25,C0967,P0166,E008,2,0.0,Credit Card,Delivered
O004924,2024-10-25,C0462,P0042,E012,1,0.1,UPI,Delivered
O006429,2024-10-25,C0581,P0094,E033,2,0.02,Net Banking,Delivered
O007337,2024-10-25,C0955,P0095,E021,2,0.05,Net Banking,Delivered
O008379,2024-10-25,C0390,P0113,E029,3,0.05,Credit Card,Delivered
O009129,2024-10-25,C0309,P0130,E022,4,0.15,Debit Card,Delivered
O009237,2024-10-25,C0848,P0142,E005,3,0.0,UPI,Delivered
O000397,2024-10-26,C0794,P0099,E026,3,0.0,UPI,Delivered
O000552,2024-10-26,C0135,P0164,E003,1,0.0,Debit Card,Delivered
O001830,2024-10-26,C0322,P0098,E032,5,0.05,UPI,Delivered
O001903,2024-10-26,C0246,P0098,E027,3,0.05,UPI,Delivered
O002108,2024-10-26,C0452,P0032,E022,2,0.0,UPI,Delivered
O002554,2024-10-26,C0225,P0042,E041,1,0.05,UPI,Delivered
O003598,2024-10-26,C0850,P0090,E015,2,0.1,Credit Card,Delivered
O003694,2024-10-26,C0562,P0055,E027,3,0.0,UPI,Returned
O003946,2024-10-26,C0879,P0058,E017,3,0.0,Debit Card,Delivered
O007859,2024-10-26,C0180,P0126,E004,3,0.15,UPI,Delivered
O008618,2024-10-26,C0311,P0172,E003,1,0.0,Credit Card,Delivered
O008644,2024-10-26,C0516,P0190,E048,8,0.05,UPI,Delivered
O001086,2024-10-27,C0535,P0189,E032,3,0.0,Credit Card,Delivered
O001135,2024-10-27,C0635,P0005,E033,2,0.05,Net Banking,Delivered
O001671,2024-10-27,C0302,P0070,E013,1,0.02,UPI,Delivered
O003932,2024-10-27,C0733,P0197,E018,4,0.0,UPI,Shipped
O005491,2024-10-27,C0985,P0070,E025,2,0.0,Credit Card,Delivered
O005621,2024-10-27,C0957,P0199,E029,3,0.05,UPI,Delivered
O008118,2024-10-27,C0490,P0200,E012,3,0.0,UPI,Delivered
O008320,2024-10-27,C0639,P0084,E015,3,0.0,UPI,Delivered
O008405,2024-10-27,C0589,P0135,E022,3,0.0,Debit Card,Delivered
O009795,2024-10-27,C0419,P0064,E031,1,0.05,Credit Card,Returned
O001753,2024-10-28,C0108,P0004,E030,2,0.05,Debit Card,Returned
O002045,2024-10-28,C0400,P0024,E050,1,0.05,UPI,Delivered
O002756,2024-10-28,C0024,P0183,E019,1,0.1,UPI,Cancelled
O002999,2024-10-28,C0440,P0175,E022,1,0.2,UPI,Delivered
O003096,2024-10-28,C0851,P0028,E048,2,0.05,Credit Card,Delivered
O003542,2024-10-28,C0984,P0037,E033,6,0.1,Net Banking,Cancelled
O004219,2024-10-28,C0029,P0052,E022,3,0.02,Credit Card,Delivered
O004368,2024-10-28,C0844,P0062,E010,1,0.0,Cash on Delivery,Delivered
O005588,2024-10-28,C0817,P0152,E005,6,0.0,Cash on Delivery,Delivered
O006098,2024-10-28,C0382,P0144,E016,2,0.0,Credit Card,Delivered
O006236,2024-10-28,C0183,P0175,E044,5,0.05,Credit Card,Delivered
O009557,2024-10-28,C0459,P0146,E044,4,0.0,Cash on Delivery,Delivered
O001644,2024-10-29,C0296,P0024,E041,2,0.05,Net Banking,Delivered
O001945,2024-10-29,C0812,P0013,E047,2,0.2,Debit Card,Delivered
O002834,2024-10-29,C0364,P0010,E036,2,0.05,Debit Card,Delivered
O003106,2024-10-29,C0784,P0157,E002,5,0.0,UPI,Shipped
O004845,2024-10-29,C0779,P0052,E029,5,0.05,Credit Card,Delivered
O006019,2024-10-29,C0021,P0093,E003,6,0.0,UPI,Delivered
O006809,2024-10-29,C0094,P0035,E001,6,0.0,Credit Card,Delivered
O007437,2024-10-29,C0879,P0195,E038,4,0.0,Credit Card,Delivered
O007711,2024-10-29,C0544,P0031,E029,3,0.02,Debit Card,Delivered
O007806,2024-10-29,C0509,P0128,E034,4,0.0,Credit Card,Delivered
O008569,2024-10-29,C0249,P0088,E039,1,0.15,Net Banking,Delivered
O009592,2024-10-29,C0999,P0034,E016,1,0.1,Debit Card,Returned
O000085,2024-10-30,C0784,P0196,E043,2,0.2,UPI,Delivered
O001047,2024-10-30,C0399,P0154,E002,1,0.2,Credit Card,Cancelled
O002084,2024-10-30,C0530,P0003,E040,5,0.0,Cash on Delivery,Delivered
O002929,2024-10-30,C0970,P0159,E031,4,0.02,Credit Card,Delivered
O003416,2024-10-30,C0670,P0143,E007,1,0.0,Credit Card,Delivered
O004775,2024-10-30,C0378,P0018,E050,2,0.2,Credit Card,Delivered
O004860,2024-10-30,C0438,P0045,E012,3,0.2,Credit Card,Shipped
O005186,2024-10-30,C0104,P0191,E021,1,0.0,Net Banking,Delivered
O005590,2024-10-30,C0426,P0072,E045,6,0.02,UPI,Delivered
O005602,2024-10-30,C0788,P0187,E036,8,0.0,Credit Card,Delivered
O006444,2024-10-30,C0084,P0013,E018,4,0.1,Credit Card,Returned
O007258,2024-10-30,C0278,P0075,E005,2,0.02,UPI,Delivered
O007568,2024-10-30,C0603,P0036,E050,1,0.05,Debit Card,Delivered
O008586,2024-10-30,C0831,P0200,E011,2,0.05,Cash on Delivery,Delivered
O009293,2024-10-30,C0897,P0045,E010,1,0.05,Net Banking,Returned
O003479,2024-10-31,C0223,P0145,E021,5,0.1,Net Banking,Returned
O003518,2024-10-31,C0157,P0033,E033,2,0.15,UPI,Delivered
O000923,2024-11-01,C0948,P0193,E039,3,0.0,Debit Card,Delivered
O001749,2024-11-01,C0579,P0185,E043,3,0.05,UPI,Delivered
O003543,2024-11-01,C0777,P0063,E032,3,0.05,Cash on Delivery,Delivered
O004580,2024-11-01,C0334,P0113,E049,5,0.0,Debit Card,Delivered
O004925,2024-11-01,C0556,P0143,E009,1,0.1,UPI,Delivered
O009205,2024-11-01,C0010,P0160,E037,1,0.05,Debit Card,Delivered
O001289,2024-11-02,C0736,P0172,E039,4,0.0,Debit Card,Delivered
O002028,2024-11-02,C0784,P0098,E012,5,0.02,UPI,Delivered
O002660,2024-11-02,C0173,P0136,E003,2,0.2,Debit Card,Delivered
O002676,2024-11-02,C0994,P0165,E002,1,0.0,Net Banking,Delivered
O006265,2024-11-02,C0524,P0116,E038,1,0.02,Net Banking,Delivered
O006622,2024-11-02,C0490,P0180,E028,3,0.05,UPI,Delivered
O009438,2024-11-02,C0211,P0004,E028,4,0.1,UPI,Delivered
O000596,2024-11-03,C0192,P0097,E032,1,0.1,Credit Card,Delivered
O001577,2024-11-03,C0536,P0172,E044,5,0.1,Credit Card,Delivered
O001625,2024-11-03,C0317,P0174,E043,1,0.0,Net Banking,Delivered
O002396,2024-11-03,C0301,P0194,E015,1,0.05,Debit Card,Delivered
O004701,2024-11-03,C0061,P0079,E024,3,0.02,UPI,Shipped
O005809,2024-11-03,C0027,P0193,E012,1,0.0,Credit Card,Delivered
O007474,2024-11-03,C0135,P0003,E026,2,0.0,Net Banking,Delivered
O007901,2024-11-03,C0898,P0128,E008,3,0.15,UPI,Delivered
O007919,2024-11-03,C0549,P0136,E019,2,0.1,Net Banking,Cancelled
O008526,2024-11-03,C0119,P0032,E008,2,0.1,Net Banking,Delivered
O009351,2024-11-03,C0251,P0154,E033,1,0.1,UPI,Delivered
O009597,2024-11-03,C0818,P0162,E010,1,0.05,Debit Card,Delivered
O009757,2024-11-03,C0644,P0026,E028,2,0.05,Debit Card,Returned
O009819,2024-11-03,C0281,P0012,E031,2,0.05,UPI,Delivered
O001304,2024-11-04,C0632,P0020,E036,5,0.05,Cash on Delivery,Delivered
O001884,2024-11-04,C0748,P0120,E048,6,0.02,Credit Card,Delivered
O002395,2024-11-04,C0416,P0020,E012,4,0.05,Net Banking,Delivered
O002835,2024-11-04,C0518,P0162,E003,2,0.05,Cash on Delivery,Delivered
O002940,2024-11-04,C0224,P0200,E031,2,0.02,Net Banking,Delivered
O003586,2024-11-04,C0655,P0047,E045,4,0.0,Debit Card,Delivered
O003980,2024-11-04,C0605,P0030,E046,1,0.02,Cash on Delivery,Delivered
O005684,2024-11-04,C0508,P0030,E036,2,0.15,Cash on Delivery,Delivered
O008130,2024-11-04,C0226,P0034,E038,3,0.2,Debit Card,Delivered
O008514,2024-11-04,C0480,P0165,E021,2,0.0,UPI,Delivered
O008545,2024-11-04,C0576,P0181,E044,2,0.05,Cash on Delivery,Delivered
O001014,2024-11-05,C0801,P0053,E011,1,0.05,Debit Card,Delivered
O001479,2024-11-05,C0664,P0167,E005,1,0.05,Credit Card,Delivered
O002016,2024-11-05,C0001,P0184,E037,1,0.0,Debit Card,Delivered
O002056,2024-11-05,C0752,P0133,E001,4,0.0,UPI,Delivered
O002480,2024-11-05,C0611,P0116,E040,5,0.05,UPI,Delivered
O004746,2024-11-05,C0691,P0188,E004,1,0.0,Debit Card,Delivered
O005199,2024-11-05,C0400,P0035,E022,5,0.2,UPI,Delivered
O005878,2024-11-05,C0275,P0033,E033,2,0.0,Debit Card,Delivered
O006744,2024-11-05,C0149,P0125,E006,3,0.0,UPI,Delivered
O008395,2024-11-05,C0138,P0156,E025,2,0.15,UPI,Delivered
O000570,2024-11-06,C0245,P0014,E008,4,0.1,Credit Card,Delivered
O002009,2024-11-06,C0412,P0050,E041,1,0.05,UPI,Delivered
O004066,2024-11-06,C0551,P0155,E028,10,0.02,UPI,Delivered
O005989,2024-11-06,C0158,P0038,E020,4,0.15,Net Banking,Delivered
O006206,2024-11-06,C0477,P0139,E013,1,0.05,UPI,Delivered
O006375,2024-11-06,C0895,P0118,E009,2,0.05,Credit Card,Delivered
O007203,2024-11-06,C0562,P0199,E026,3,0.0,Net Banking,Delivered
O008099,2024-11-06,C0369,P0063,E007,1,0.0,Debit Card,Delivered
O009603,2024-11-06,C0948,P0023,E037,2,0.15,Debit Card,Delivered
O009970,2024-11-06,C0295,P0150,E001,1,0.0,Cash on Delivery,Delivered
O002877,2024-11-07,C0409,P0119,E031,2,0.0,UPI,Delivered
O005321,2024-11-07,C0378,P0141,E032,2,0.05,Credit Card,Delivered
O005886,2024-11-07,C0610,P0095,E007,2,0.1,Credit Card,Cancelled
O005897,2024-11-07,C0914,P0157,E043,2,0.05,Credit Card,Delivered
O006435,2024-11-07,C0929,P0082,E015,2,0.15,Debit Card,Delivered
O006947,2024-11-07,C0649,P0168,E045,1,0.1,Debit Card,Delivered
O008037,2024-11-07,C0611,P0039,E042,5,0.15,UPI,Cancelled
O008871,2024-11-07,C0085,P0005,E015,5,0.02,Credit Card,Delivered
O009505,2024-11-07,C0179,P0134,E039,1,0.0,Debit Card,Delivered
O001225,2024-11-08,C0744,P0195,E014,3,0.05,Net Banking,Delivered
O001780,2024-11-08,C0144,P0118,E040,2,0.05,UPI,Delivered
O002403,2024-11-08,C0380,P0116,E027,2,0.02,Net Banking,Delivered
O004338,2024-11-08,C0222,P0059,E006,2,0.0,UPI,Delivered
O007569,2024-11-08,C0544,P0043,E017,1,0.02,Credit Card,Delivered
O008873,2024-11-08,C0847,P0036,E016,6,0.05,Debit Card,Delivered
O000032,2024-11-09,C0691,P0187,E012,2,0.15,UPI,Delivered
O000430,2024-11-09,C0855,P0187,E007,3,0.0,UPI,Delivered
O001285,2024-11-09,C0097,P0100,E013,4,0.0,Net Banking,Delivered
O001622,2024-11-09,C0926,P0182,E039,2,0.0,UPI,Delivered
O002021,2024-11-09,C0668,P0155,E034,1,0.1,Debit Card,Delivered
O003019,2024-11-09,C0656,P0079,E035,3,0.1,UPI,Delivered
O003294,2024-11-09,C0399,P0156,E010,4,0.0,Credit Card,Delivered
O005041,2024-11-09,C0257,P0036,E043,2,0.02,UPI,Delivered
O008390,2024-11-09,C0221,P0005,E045,1,0.02,Credit Card,Delivered
O000441,2024-11-10,C0110,P0057,E008,3,0.0,Net Banking,Delivered
O000563,2024-11-10,C0235,P0149,E049,2,0.2,UPI,Delivered
O000987,2024-11-10,C0521,P0005,E026,2,0.15,Net Banking,Delivered
O002150,2024-11-10,C0421,P0200,E022,1,0.1,Credit Card,Cancelled
O003370,2024-11-10,C0214,P0097,E039,3,0.0,Debit Card,Delivered
O003969,2024-11-10,C0036,P0033,E047,4,0.02,Debit Card,Delivered
O004287,2024-11-10,C0631,P0059,E035,4,0.0,Net Banking,Delivered
O004357,2024-11-10,C0248,P0060,E011,4,0.02,Debit Card,Delivered
O004536,2024-11-10,C0637,P0076,E023,8,0.05,Net Banking,Delivered
O005138,2024-11-10,C0806,P0177,E040,2,0.0,Debit Card,Delivered
O005563,2024-11-10,C0125,P0034,E050,1,0.15,UPI,Delivered
O006746,2024-11-10,C0528,P0015,E030,6,0.15,UPI,Delivered
O000878,2024-11-11,C0754,P0089,E009,2,0.05,Debit Card,Delivered
O002223,2024-11-11,C0899,P0029,E005,1,0.05,Net Banking,Delivered
O003766,2024-11-11,C0459,P0166,E006,1,0.1,Cash on Delivery,Delivered
O004716,2024-11-11,C0294,P0126,E029,1,0.05,UPI,Delivered
O004985,2024-11-11,C0268,P0059,E007,3,0.05,Net Banking,Delivered
O005038,2024-11-11,C0007,P0147,E041,3,0.0,Net Banking,Delivered
O008205,2024-11-11,C0206,P0027,E011,1,0.0,UPI,Delivered
O008280,2024-11-11,C0998,P0003,E019,10,0.0,UPI,Cancelled
O008766,2024-11-11,C0200,P0157,E001,1,0.05,Credit Card,Delivered
O002496,2024-11-12,C0812,P0145,E045,6,0.05,Credit Card,Delivered
O003675,2024-11-12,C0175,P0040,E027,5,0.0,Cash on Delivery,Delivered
O004539,2024-11-12,C0147,P0026,E015,8,0.05,Net Banking,Delivered
O005401,2024-11-12,C0771,P0139,E012,2,0.0,UPI,Delivered
O005776,2024-11-12,C0572,P0107,E010,6,0.05,Cash on Delivery,Delivered
O006460,2024-11-12,C0099,P0131,E001,2,0.0,UPI,Delivered
O007058,2024-11-12,C0456,P0093,E013,3,0.2,Debit Card,Returned
O008220,2024-11-12,C0032,P0130,E041,2,0.0,UPI,Delivered
O009610,2024-11-12,C0682,P0146,E027,1,0.0,Cash on Delivery,Delivered
O009852,2024-11-12,C0516,P0070,E035,1,0.05,Credit Card,Delivered
O000268,2024-11-13,C0020,P0134,E044,2,0.0,UPI,Delivered
O000976,2024-11-13,C0625,P0035,E048,1,0.05,Net Banking,Delivered
O002012,2024-11-13,C0949,P0089,E003,5,0.1,Cash on Delivery,Delivered
O002583,2024-11-13,C0951,P0024,E036,3,0.1,Cash on Delivery,Delivered
O003375,2024-11-13,C0222,P0053,E030,1,0.0,Cash on Delivery,Delivered
O006109,2024-11-13,C0969,P0082,E030,1,0.0,UPI,Delivered
O006362,2024-11-13,C0957,P0087,E043,1,0.1,UPI,Delivered
O006659,2024-11-13,C0853,P0026,E047,6,0.0,Cash on Delivery,Delivered
O006936,2024-11-13,C0334,P0039,E035,3,0.0,UPI,Delivered
O007075,2024-11-13,C0517,P0057,E026,2,0.2,Credit Card,Delivered
O007777,2024-11-13,C0605,P0157,E030,3,0.0,Credit Card,Delivered
O008248,2024-11-13,C0566,P0197,E015,10,0.05,UPI,Delivered
O009422,2024-11-13,C0968,P0033,E007,3,0.05,UPI,Delivered
O001926,2024-11-14,C0079,P0102,E028,2,0.1,Net Banking,Delivered
O002346,2024-11-14,C0916,P0039,E021,1,0.05,UPI,Delivered
O002518,2024-11-14,C0155,P0188,E048,1,0.02,Net Banking,Shipped
O003972,2024-11-14,C0907,P0021,E020,2,0.15,UPI,Shipped
O003977,2024-11-14,C0260,P0128,E017,6,0.02,Cash on Delivery,Delivered
O004588,2024-11-14,C0249,P0062,E002,2,0.05,Credit Card,Delivered
O007929,2024-11-14,C0129,P0036,E006,1,0.02,UPI,Shipped
O008788,2024-11-14,C0486,P0041,E013,1,0.0,Credit Card,Delivered
O000909,2024-11-15,C0770,P0158,E002,1,0.15,Credit Card,Delivered
O001588,2024-11-15,C0792,P0090,E045,3,0.1,Debit Card,Delivered
O001988,2024-11-15,C0634,P0087,E043,1,0.05,Net Banking,Delivered
O002594,2024-11-15,C0162,P0171,E045,1,0.1,UPI,Delivered
O003241,2024-11-15,C0886,P0118,E013,2,0.0,UPI,Delivered
O003719,2024-11-15,C0199,P0060,E021,5,0.0,UPI,Delivered
O004292,2024-11-15,C0979,P0092,E030,1,0.02,Cash on Delivery,Delivered
O004482,2024-11-15,C0952,P0161,E034,2,0.02,Debit Card,Delivered
O004745,2024-11-15,C0400,P0002,E012,3,0.05,Credit Card,Returned
O005071,2024-11-15,C0303,P0001,E037,2,0.0,Cash on Delivery,Delivered
O001543,2024-11-16,C0785,P0007,E012,3,0.02,UPI,Delivered
O002502,2024-11-16,C0792,P0137,E012,3,0.02,Credit Card,Delivered
O002994,2024-11-16,C0871,P0164,E021,2,0.0,Debit Card,Cancelled
O003533,2024-11-16,C0481,P0104,E004,1,0.15,Credit Card,Returned
O003916,2024-11-16,C0739,P0050,E014,2,0.2,Net Banking,Delivered
O007471,2024-11-16,C0409,P0125,E040,3,0.0,UPI,Delivered
O008278,2024-11-16,C0001,P0138,E038,4,0.05,Net Banking,Delivered
O008385,2024-11-16,C0869,P0126,E001,2,0.0,Credit Card,Delivered
O008608,2024-11-16,C0166,P0115,E030,4,0.05,UPI,Delivered
O008612,2024-11-16,C0892,P0149,E007,4,0.02,Credit Card,Delivered
O009707,2024-11-16,C0906,P0148,E045,1,0.05,Net Banking,Delivered
O000626,2024-11-17,C0222,P0071,E034,3,0.0,Cash on Delivery,Delivered
O001142,2024-11-17,C0147,P0047,E036,6,0.15,Net Banking,Delivered
O001339,2024-11-17,C0758,P0092,E045,2,0.02,Net Banking,Delivered
O001653,2024-11-17,C0701,P0181,E038,3,0.05,Net Banking,Delivered
O002153,2024-11-17,C0552,P0039,E022,2,0.0,UPI,Delivered
O002633,2024-11-17,C0030,P0057,E030,3,0.0,Debit Card,Delivered
O002909,2024-11-17,C0759,P0147,E041,3,0.02,Debit Card,Delivered
O003199,2024-11-17,C0004,P0046,E048,2,0.0,Credit Card,Delivered
O005281,2024-11-17,C0264,P0118,E035,4,0.02,UPI,Delivered
O005311,2024-11-17,C0206,P0025,E012,4,0.1,Net Banking,Delivered
O005709,2024-11-17,C0469,P0178,E024,2,0.0,Debit Card,Delivered
O006513,2024-11-17,C0883,P0057,E049,2,0.2,Debit Card,Delivered
O007145,2024-11-17,C0304,P0047,E001,2,0.0,UPI,Delivered
O009623,2024-11-17,C0997,P0027,E002,4,0.2,Credit Card,Delivered
O000548,2024-11-18,C0486,P0063,E024,5,0.0,Debit Card,Delivered
O001350,2024-11-18,C0609,P0076,E017,1,0.05,UPI,Shipped
O001709,2024-11-18,C0392,P0183,E009,3,0.1,Credit Card,Delivered
O003551,2024-11-18,C0732,P0071,E048,1,0.02,UPI,Delivered
O005390,2024-11-18,C0388,P0030,E020,1,0.02,Credit Card,Delivered
O007122,2024-11-18,C0759,P0172,E039,1,0.1,Debit Card,Delivered
O007931,2024-11-18,C0426,P0015,E030,2,0.0,UPI,Delivered
O009139,2024-11-18,C0688,P0139,E046,2,0.0,Credit Card,Delivered
O009729,2024-11-18,C0353,P0130,E003,4,0.05,Credit Card,Delivered
O001694,2024-11-19,C0597,P0017,E017,6,0.15,Net Banking,Delivered
O003595,2024-11-19,C0158,P0150,E032,8,0.05,UPI,Delivered
O004293,2024-11-19,C0563,P0015,E008,4,0.05,UPI,Cancelled
O005150,2024-11-19,C0305,P0106,E024,4,0.05,Credit Card,Delivered
O005550,2024-11-19,C0712,P0090,E012,8,0.0,Debit Card,Delivered
O005627,2024-11-19,C0827,P0172,E021,1,0.1,UPI,Cancelled
O006059,2024-11-19,C0448,P0097,E013,4,0.0,Debit Card,Delivered
O006773,2024-11-19,C0419,P0182,E050,2,0.2,Credit Card,Delivered
O006804,2024-11-19,C0230,P0005,E040,3,0.05,Net Banking,Delivered
O006918,2024-11-19,C0570,P0039,E011,1,0.0,UPI,Delivered
O008089,2024-11-19,C0061,P0040,E023,8,0.05,Cash on Delivery,Delivered
O008521,2024-11-19,C0987,P0193,E007,3,0.0,Credit Card,Delivered
O009915,2024-11-19,C0741,P0188,E042,2,0.0,Net Banking,Delivered
O001469,2024-11-20,C0109,P0156,E037,3,0.0,UPI,Delivered
O002704,2024-11-20,C0101,P0144,E034,6,0.05,UPI,Delivered
O004585,2024-11-20,C0761,P0011,E038,8,0.1,UPI,Returned
O004900,2024-11-20,C0767,P0148,E001,3,0.0,Credit Card,Delivered
O005610,2024-11-20,C0448,P0063,E013,2,0.0,UPI,Delivered
O005708,2024-11-20,C0545,P0018,E028,3,0.05,Cash on Delivery,Delivered
O006108,2024-11-20,C0920,P0200,E016,2,0.15,UPI,Delivered
O006148,2024-11-20,C0249,P0194,E035,8,0.1,Credit Card,Shipped
O009294,2024-11-20,C0249,P0100,E048,3,0.02,Net Banking,Delivered
O000256,2024-11-21,C0595,P0051,E019,3,0.0,Net Banking,Delivered
O000638,2024-11-21,C0274,P0057,E025,5,0.0,Cash on Delivery,Delivered
O000725,2024-11-21,C0231,P0156,E015,1,0.05,Net Banking,Delivered
O002845,2024-11-21,C0181,P0057,E002,3,0.1,Cash on Delivery,Delivered
O003935,2024-11-21,C0869,P0033,E030,5,0.05,UPI,Delivered
O004620,2024-11-21,C0342,P0002,E019,1,0.0,UPI,Delivered
O006602,2024-11-21,C0731,P0152,E045,3,0.15,Credit Card,Cancelled
O007093,2024-11-21,C0958,P0135,E032,2,0.05,UPI,Delivered
O007223,2024-11-21,C0155,P0065,E002,2,0.02,Debit Card,Returned
O008677,2024-11-21,C0665,P0170,E026,4,0.05,Cash on Delivery,Delivered
O009335,2024-11-21,C0499,P0066,E035,1,0.15,Credit Card,Delivered
O009366,2024-11-21,C0701,P0039,E047,2,0.1,UPI,Delivered
O009974,2024-11-21,C0705,P0191,E002,4,0.05,Cash on Delivery,Delivered
O002001,2024-11-22,C0162,P0187,E016,1,0.0,Credit Card,Returned
O005925,2024-11-22,C0981,P0067,E006,4,0.05,Cash on Delivery,Delivered
O007496,2024-11-22,C0652,P0066,E003,3,0.0,Credit Card,Delivered
O008068,2024-11-22,C0305,P0048,E026,2,0.0,UPI,Delivered
O008103,2024-11-22,C0139,P0102,E031,2,0.05,Credit Card,Delivered
O008284,2024-11-22,C0420,P0090,E047,6,0.0,UPI,Delivered
O008934,2024-11-22,C0533,P0162,E041,3,0.1,Cash on Delivery,Delivered
O009313,2024-11-22,C0911,P0197,E046,2,0.0,Debit Card,Delivered
O000202,2024-11-23,C0784,P0126,E003,2,0.15,Debit Card,Delivered
O000735,2024-11-23,C0650,P0132,E024,5,0.05,Debit Card,Delivered
O001260,2024-11-23,C0364,P0061,E021,4,0.0,Credit Card,Delivered
O006440,2024-11-23,C0756,P0080,E005,3,0.0,Credit Card,Delivered
O007006,2024-11-23,C0196,P0069,E007,2,0.05,Net Banking,Delivered
O008888,2024-11-23,C0104,P0198,E031,8,0.0,Credit Card,Delivered
O000237,2024-11-24,C0960,P0169,E026,1,0.1,UPI,Delivered
O000478,2024-11-24,C0733,P0054,E008,4,0.02,Credit Card,Delivered
O001022,2024-11-24,C0172,P0109,E019,5,0.0,Debit Card,Delivered
O001842,2024-11-24,C0841,P0161,E036,6,0.15,Debit Card,Delivered
O001977,2024-11-24,C0378,P0179,E019,4,0.05,Net Banking,Delivered
O002703,2024-11-24,C0897,P0088,E025,4,0.05,UPI,Delivered
O002873,2024-11-24,C0439,P0046,E045,3,0.02,Debit Card,Cancelled
O003649,2024-11-24,C0469,P0163,E025,5,0.05,Cash on Delivery,Delivered
O003818,2024-11-24,C0002,P0127,E030,5,0.0,UPI,Delivered
O005971,2024-11-24,C0634,P0102,E031,1,0.15,Net Banking,Cancelled
O006548,2024-11-24,C0952,P0058,E013,3,0.05,Credit Card,Delivered
O007200,2024-11-24,C0289,P0026,E037,1,0.05,UPI,Delivered
O007691,2024-11-24,C0765,P0064,E022,1,0.15,Credit Card,Cancelled
O008373,2024-11-24,C0915,P0157,E006,5,0.2,Credit Card,Delivered
O008676,2024-11-24,C0591,P0181,E027,2,0.1,UPI,Shipped
O009372,2024-11-24,C0526,P0011,E035,3,0.05,UPI,Delivered
O000918,2024-11-25,C0303,P0057,E018,3,0.02,UPI,Delivered
O001013,2024-11-25,C0704,P0126,E028,3,0.1,Credit Card,Delivered
O001492,2024-11-25,C0572,P0120,E033,1,0.1,Credit Card,Cancelled
O001881,2024-11-25,C0571,P0016,E027,3,0.0,Debit Card,Delivered
O002134,2024-11-25,C0195,P0087,E010,3,0.02,Credit Card,Delivered
O002595,2024-11-25,C0234,P0145,E047,2,0.05,Credit Card,Shipped
O002952,2024-11-25,C0721,P0169,E044,4,0.1,Credit Card,Delivered
O004497,2024-11-25,C0574,P0051,E029,4,0.0,Net Banking,Delivered
O004840,2024-11-25,C0108,P0102,E040,1,0.05,UPI,Shipped
O004878,2024-11-25,C0689,P0191,E018,3,0.0,Credit Card,Shipped
O005644,2024-11-25,C0162,P0137,E022,8,0.05,Net Banking,Delivered
O007701,2024-11-25,C0346,P0150,E039,1,0.02,Credit Card,Delivered
O008255,2024-11-25,C0981,P0105,E042,1,0.02,Net Banking,Delivered
O008329,2024-11-25,C0649,P0064,E028,3,0.1,UPI,Delivered
O000935,2024-11-26,C0189,P0154,E044,2,0.0,Credit Card,Delivered
O002048,2024-11-26,C0184,P0069,E049,3,0.02,UPI,Delivered
O002437,2024-11-26,C0358,P0052,E002,1,0.05,Credit Card,Delivered
O002681,2024-11-26,C0629,P0166,E010,1,0.0,UPI,Delivered
O003060,2024-11-26,C0701,P0039,E030,1,0.1,Net Banking,Delivered
O005413,2024-11-26,C0159,P0173,E033,1,0.02,Debit Card,Delivered
O005441,2024-11-26,C0468,P0185,E021,2,0.02,UPI,Delivered
O005720,2024-11-26,C0162,P0118,E024,3,0.05,Credit Card,Delivered
O006160,2024-11-26,C0737,P0050,E011,1,0.05,Net Banking,Delivered
O006453,2024-11-26,C0116,P0143,E018,2,0.0,UPI,Returned
O006604,2024-11-26,C0856,P0012,E027,4,0.05,Credit Card,Delivered
O008017,2024-11-26,C0567,P0163,E033,1,0.02,Net Banking,Delivered
O008949,2024-11-26,C0675,P0112,E049,2,0.05,Credit Card,Delivered
O002597,2024-11-27,C0635,P0185,E025,2,0.02,Credit Card,Delivered
O002623,2024-11-27,C0214,P0103,E036,1,0.2,UPI,Shipped
O003344,2024-11-27,C0899,P0124,E006,3,0.0,UPI,Delivered
O003822,2024-11-27,C0939,P0018,E027,3,0.15,Credit Card,Delivered
O008610,2024-11-27,C0121,P0084,E016,1,0.1,Net Banking,Delivered
O000770,2024-11-28,C0462,P0128,E010,2,0.15,Net Banking,Delivered
O001424,2024-11-28,C0037,P0025,E044,4,0.1,UPI,Delivered
O001461,2024-11-28,C0005,P0088,E006,4,0.0,Debit Card,Delivered
O001672,2024-11-28,C0102,P0184,E031,1,0.0,UPI,Delivered
O002819,2024-11-28,C0145,P0003,E032,4,0.1,Debit Card,Delivered
O003231,2024-11-28,C0459,P0012,E018,6,0.0,Credit Card,Delivered
O005931,2024-11-28,C0837,P0130,E029,1,0.15,UPI,Delivered
O006708,2024-11-28,C0891,P0117,E038,2,0.2,Cash on Delivery,Cancelled
O006987,2024-11-28,C0561,P0089,E041,2,0.1,Cash on Delivery,Delivered
O008137,2024-11-28,C0995,P0116,E008,2,0.05,UPI,Cancelled
O001677,2024-11-29,C0877,P0125,E040,1,0.2,Debit Card,Returned
O003246,2024-11-29,C0886,P0124,E037,1,0.0,Credit Card,Delivered
O003906,2024-11-29,C0378,P0058,E029,2,0.0,Debit Card,Cancelled
O004111,2024-11-29,C0125,P0030,E010,1,0.05,UPI,Delivered
O007081,2024-11-29,C0583,P0065,E016,2,0.15,UPI,Delivered
O007757,2024-11-29,C0822,P0115,E038,1,0.1,Debit Card,Delivered
O008060,2024-11-29,C0211,P0089,E022,4,0.0,Net Banking,Delivered
O008848,2024-11-29,C0547,P0093,E029,5,0.1,Debit Card,Returned
O000797,2024-11-30,C0772,P0121,E035,2,0.05,UPI,Delivered
O001858,2024-11-30,C0707,P0175,E011,3,0.2,Credit Card,Delivered
O002032,2024-11-30,C0438,P0022,E019,1,0.0,Debit Card,Delivered
O002719,2024-11-30,C0346,P0055,E016,1,0.05,UPI,Delivered
O003219,2024-11-30,C0644,P0105,E043,1,0.05,Net Banking,Cancelled
O004988,2024-11-30,C0313,P0049,E005,6,0.1,Net Banking,Delivered
O005227,2024-11-30,C0162,P0137,E029,3,0.2,UPI,Delivered
O006555,2024-11-30,C0079,P0031,E042,3,0.02,UPI,Delivered
O007372,2024-11-30,C0033,P0067,E013,1,0.1,UPI,Cancelled
O008051,2024-11-30,C0061,P0069,E025,6,0.0,UPI,Shipped
O008069,2024-11-30,C0675,P0157,E037,3,0.05,Net Banking,Delivered
O008625,2024-11-30,C0737,P0091,E001,6,0.1,UPI,Delivered
O008691,2024-11-30,C0384,P0087,E012,5,0.0,Debit Card,Delivered
O009940,2024-11-30,C0121,P0090,E008,3,0.0,Net Banking,Delivered
O001403,2024-12-01,C0695,P0190,E041,1,0.02,Net Banking,Delivered
O003062,2024-12-01,C0450,P0060,E005,3,0.05,Cash on Delivery,Delivered
O003103,2024-12-01,C0913,P0156,E011,8,0.05,Cash on Delivery,Delivered
O003257,2024-12-01,C0273,P0087,E048,1,0.05,Debit Card,Delivered
O004552,2024-12-01,C0222,P0151,E025,1,0.1,Debit Card,Delivered
O005985,2024-12-01,C0363,P0072,E035,3,0.0,Debit Card,Delivered
O008290,2024-12-01,C0746,P0056,E001,8,0.0,UPI,Delivered
O008909,2024-12-01,C0035,P0176,E013,1,0.0,Credit Card,Delivered
O009317,2024-12-01,C0129,P0007,E037,1,0.05,Credit Card,Delivered
O000069,2024-12-02,C0454,P0175,E013,2,0.05,UPI,Cancelled
O000808,2024-12-02,C0562,P0156,E011,2,0.05,Credit Card,Delivered
O001345,2024-12-02,C0083,P0083,E002,5,0.15,Credit Card,Shipped
O002222,2024-12-02,C0634,P0020,E034,4,0.0,UPI,Delivered
O002668,2024-12-02,C0258,P0094,E026,6,0.05,Credit Card,Delivered
O002807,2024-12-02,C0915,P0001,E021,2,0.15,UPI,Shipped
O002855,2024-12-02,C0063,P0128,E007,1,0.0,UPI,Delivered
O005403,2024-12-02,C0211,P0196,E017,2,0.1,UPI,Returned
O005487,2024-12-02,C0421,P0113,E025,4,0.02,Credit Card,Delivered
O007124,2024-12-02,C0915,P0008,E007,5,0.05,Debit Card,Delivered
O008265,2024-12-02,C0445,P0047,E021,2,0.02,Debit Card,Delivered
O008299,2024-12-02,C0821,P0040,E023,4,0.15,Net Banking,Delivered
O000299,2024-12-03,C0435,P0122,E042,6,0.0,UPI,Delivered
O000456,2024-12-03,C0309,P0180,E036,4,0.05,Debit Card,Delivered
O001233,2024-12-03,C0958,P0039,E022,2,0.02,UPI,Delivered
O001449,2024-12-03,C0236,P0043,E015,5,0.0,UPI,Delivered
O001791,2024-12-03,C0586,P0039,E038,4,0.15,Debit Card,Delivered
O002650,2024-12-03,C0071,P0168,E041,3,0.0,UPI,Delivered
O002840,2024-12-03,C0168,P0059,E044,1,0.02,Credit Card,Delivered
O003176,2024-12-03,C0972,P0077,E039,1,0.05,Debit Card,Delivered
O004101,2024-12-03,C0042,P0073,E047,2,0.02,Cash on Delivery,Delivered
O006813,2024-12-03,C0012,P0170,E014,1,0.0,Debit Card,Cancelled
O007063,2024-12-03,C0683,P0130,E011,2,0.15,UPI,Delivered
O007264,2024-12-03,C0213,P0059,E038,1,0.1,Debit Card,Delivered
O008052,2024-12-03,C0425,P0152,E031,8,0.0,Cash on Delivery,Delivered
O000606,2024-12-04,C0612,P0187,E049,1,0.1,Cash on Delivery,Cancelled
O000656,2024-12-04,C0437,P0009,E005,1,0.05,UPI,Delivered
O001032,2024-12-04,C0881,P0168,E040,5,0.05,Credit Card,Delivered
O002511,2024-12-04,C0024,P0159,E004,4,0.15,Debit Card,Delivered
O002989,2024-12-04,C0855,P0055,E031,1,0.02,Credit Card,Delivered
O003448,2024-12-04,C0249,P0097,E003,1,0.2,UPI,Delivered
O004102,2024-12-04,C0982,P0199,E027,1,0.05,Net Banking,Delivered
O004791,2024-12-04,C0552,P0028,E009,3,0.15,UPI,Cancelled
O005125,2024-12-04,C0916,P0045,E031,5,0.0,UPI,Cancelled
O005507,2024-12-04,C0216,P0120,E007,1,0.1,Cash on Delivery,Delivered
O005696,2024-12-04,C0600,P0061,E019,1,0.05,UPI,Delivered
O005756,2024-12-04,C0913,P0008,E021,1,0.2,Cash on Delivery,Delivered
O006434,2024-12-04,C0620,P0084,E042,3,0.0,UPI,Shipped
O008520,2024-12-04,C0872,P0037,E006,1,0.1,Credit Card,Delivered
O008720,2024-12-04,C0016,P0091,E022,2,0.0,UPI,Delivered
O008778,2024-12-04,C0197,P0085,E041,2,0.0,UPI,Delivered
O008998,2024-12-04,C0155,P0183,E035,1,0.05,Credit Card,Delivered
O001835,2024-12-05,C0922,P0126,E020,2,0.1,UPI,Delivered
O002102,2024-12-05,C0779,P0062,E035,4,0.0,Credit Card,Delivered
O003027,2024-12-05,C0278,P0086,E031,2,0.1,Credit Card,Delivered
O004072,2024-12-05,C0589,P0169,E024,6,0.15,Credit Card,Cancelled
O004214,2024-12-05,C0268,P0168,E009,2,0.0,Net Banking,Cancelled
O004933,2024-12-05,C0717,P0001,E032,5,0.05,Credit Card,Delivered
O006361,2024-12-05,C0744,P0142,E036,4,0.0,Credit Card,Delivered
O006378,2024-12-05,C0022,P0041,E001,6,0.0,Cash on Delivery,Cancelled
O007623,2024-12-05,C0283,P0130,E001,5,0.0,UPI,Delivered
O008006,2024-12-05,C0556,P0165,E009,3,0.05,Debit Card,Delivered
O008045,2024-12-05,C0193,P0065,E002,2,0.02,Credit Card,Delivered
O008783,2024-12-05,C0645,P0004,E029,3,0.02,Net Banking,Returned
O001739,2024-12-06,C0781,P0054,E035,4,0.0,Net Banking,Delivered
O002244,2024-12-06,C0200,P0200,E004,2,0.0,UPI,Returned
O002653,2024-12-06,C0102,P0128,E006,2,0.1,UPI,Delivered
O002966,2024-12-06,C0426,P0052,E033,1,0.1,Cash on Delivery,Delivered
O003569,2024-12-06,C0419,P0100,E036,1,0.05,UPI,Delivered
O003965,2024-12-06,C0445,P0163,E008,4,0.05,Net Banking,Returned
O004328,2024-12-06,C0044,P0005,E002,2,0.0,Debit Card,Delivered
O005240,2024-12-06,C0514,P0122,E001,4,0.02,Credit Card,Delivered
O005349,2024-12-06,C0562,P0105,E049,2,0.05,Net Banking,Returned
O005464,2024-12-06,C0769,P0007,E038,1,0.0,Net Banking,Delivered
O006464,2024-12-06,C0358,P0040,E013,1,0.02,Credit Card,Delivered
O006774,2024-12-06,C0857,P0127,E041,5,0.02,UPI,Returned
O007336,2024-12-06,C0278,P0091,E009,1,0.15,Credit Card,Cancelled
O007556,2024-12-06,C0055,P0022,E028,2,0.0,Net Banking,Delivered
O007622,2024-12-06,C0671,P0108,E036,10,0.1,Net Banking,Delivered
O008387,2024-12-06,C0653,P0040,E020,1,0.02,Debit Card,Delivered
O008760,2024-12-06,C0489,P0173,E011,10,0.02,UPI,Delivered
O009774,2024-12-06,C0615,P0101,E009,1,0.0,UPI,Delivered
O000255,2024-12-07,C0779,P0028,E042,6,0.0,Debit Card,Shipped
O001053,2024-12-07,C0426,P0056,E041,2,0.1,Debit Card,Cancelled
O001784,2024-12-07,C0171,P0098,E042,3,0.1,UPI,Delivered
O001813,2024-12-07,C0248,P0110,E033,3,0.0,UPI,Delivered
O003313,2024-12-07,C0967,P0185,E027,5,0.0,UPI,Delivered
O003338,2024-12-07,C0419,P0138,E039,1,0.15,UPI,Delivered
O004120,2024-12-07,C0673,P0187,E044,1,0.05,Debit Card,Delivered
O004519,2024-12-07,C0372,P0194,E001,5,0.0,Debit Card,Delivered
O005472,2024-12-07,C0174,P0097,E031,2,0.0,Credit Card,Delivered
O008578,2024-12-07,C0938,P0125,E039,2,0.05,Cash on Delivery,Delivered
O008933,2024-12-07,C0690,P0063,E033,3,0.05,Debit Card,Delivered
O001281,2024-12-08,C0275,P0095,E036,1,0.0,Credit Card,Delivered
O003245,2024-12-08,C0436,P0082,E043,6,0.05,Credit Card,Delivered
O003881,2024-12-08,C0308,P0069,E037,2,0.0,Credit Card,Delivered
O004075,2024-12-08,C0501,P0186,E014,1,0.05,Net Banking,Delivered
O004184,2024-12-08,C0522,P0118,E040,1,0.0,Credit Card,Delivered
O005299,2024-12-08,C0999,P0131,E006,5,0.0,UPI,Cancelled
O005760,2024-12-08,C0372,P0082,E003,10,0.02,Net Banking,Delivered
O007414,2024-12-08,C0476,P0096,E035,10,0.0,Debit Card,Delivered
O009035,2024-12-08,C0985,P0002,E045,1,0.05,Credit Card,Delivered
O000411,2024-12-09,C0504,P0112,E040,2,0.2,Credit Card,Delivered
O000544,2024-12-09,C0675,P0094,E027,5,0.0,UPI,Delivered
O001199,2024-12-09,C0549,P0096,E034,4,0.05,Net Banking,Returned
O002218,2024-12-09,C0444,P0151,E010,1,0.05,UPI,Shipped
O002774,2024-12-09,C0856,P0129,E001,2,0.02,Net Banking,Delivered
O002837,2024-12-09,C0992,P0008,E004,5,0.0,Net Banking,Delivered
O003937,2024-12-09,C0869,P0121,E004,3,0.0,Net Banking,Delivered
O004788,2024-12-09,C0882,P0005,E016,2,0.0,UPI,Delivered
O005085,2024-12-09,C0421,P0132,E032,2,0.15,UPI,Cancelled
O006524,2024-12-09,C0802,P0189,E022,3,0.02,Net Banking,Shipped
O006796,2024-12-09,C0373,P0194,E014,1,0.0,Net Banking,Delivered
O001065,2024-12-10,C0645,P0163,E025,1,0.1,UPI,Shipped
O004364,2024-12-10,C0754,P0127,E028,3,0.05,UPI,Delivered
O005344,2024-12-10,C0983,P0034,E029,2,0.0,Net Banking,Delivered
O006288,2024-12-10,C0643,P0035,E041,1,0.05,Net Banking,Delivered
O006386,2024-12-10,C0850,P0192,E010,2,0.02,UPI,Delivered
O007250,2024-12-10,C0201,P0167,E010,1,0.15,Credit Card,Delivered
O007847,2024-12-10,C0745,P0182,E010,3,0.0,Net Banking,Delivered
O008313,2024-12-10,C0622,P0029,E037,5,0.05,UPI,Delivered
O000272,2024-12-11,C0344,P0065,E016,4,0.05,Cash on Delivery,Shipped
O001793,2024-12-11,C0931,P0166,E042,4,0.05,UPI,Returned
O003259,2024-12-11,C0434,P0116,E017,5,0.02,Net Banking,Returned
O003307,2024-12-11,C0158,P0038,E031,1,0.05,UPI,Shipped
O003759,2024-12-11,C0594,P0079,E019,2,0.05,Net Banking,Cancelled
O004822,2024-12-11,C0954,P0025,E035,3,0.02,Debit Card,Delivered
O006411,2024-12-11,C0817,P0106,E013,3,0.1,Cash on Delivery,Delivered
O007159,2024-12-11,C0072,P0123,E024,1,0.05,Debit Card,Delivered
O007520,2024-12-11,C0497,P0061,E011,2,0.0,UPI,Delivered
O009302,2024-12-11,C0501,P0153,E009,1,0.05,UPI,Delivered
O000371,2024-12-12,C0732,P0094,E014,1,0.15,Net Banking,Delivered
O000518,2024-12-12,C0742,P0044,E028,2,0.0,UPI,Delivered
O001642,2024-12-12,C0593,P0006,E018,5,0.02,Cash on Delivery,Delivered
O001941,2024-12-12,C0486,P0093,E034,1,0.0,UPI,Delivered
O003460,2024-12-12,C0927,P0128,E049,1,0.0,UPI,Delivered
O003636,2024-12-12,C0924,P0101,E043,1,0.02,Debit Card,Cancelled
O005432,2024-12-12,C0837,P0124,E049,2,0.1,Net Banking,Delivered
O006598,2024-12-12,C0341,P0084,E024,5,0.0,Credit Card,Delivered
O000198,2024-12-13,C0501,P0141,E011,2,0.05,Debit Card,Returned
O000362,2024-12-13,C0088,P0077,E049,1,0.0,UPI,Delivered
O001689,2024-12-13,C0352,P0009,E035,6,0.05,Cash on Delivery,Delivered
O002882,2024-12-13,C0574,P0006,E031,2,0.05,Credit Card,Delivered
O003195,2024-12-13,C0338,P0153,E031,4,0.0,Cash on Delivery,Delivered
O003680,2024-12-13,C0503,P0051,E027,1,0.02,Credit Card,Shipped
O005649,2024-12-13,C0789,P0042,E023,6,0.0,Net Banking,Delivered
O006122,2024-12-13,C0726,P0003,E028,1,0.0,Credit Card,Delivered
O006230,2024-12-13,C0031,P0004,E013,1,0.02,UPI,Delivered
O006904,2024-12-13,C0448,P0190,E004,2,0.0,Debit Card,Delivered
O008121,2024-12-13,C0785,P0091,E049,6,0.05,UPI,Delivered
O008267,2024-12-13,C0521,P0007,E030,3,0.15,Net Banking,Delivered
O009243,2024-12-13,C0387,P0022,E045,1,0.15,Net Banking,Delivered
O000831,2024-12-14,C0608,P0024,E033,3,0.2,UPI,Delivered
O002406,2024-12-14,C0589,P0025,E037,2,0.05,UPI,Delivered
O003196,2024-12-14,C0622,P0033,E014,1,0.0,Debit Card,Delivered
O004975,2024-12-14,C0963,P0005,E010,2,0.1,Credit Card,Delivered
O005733,2024-12-14,C0002,P0199,E008,1,0.0,Debit Card,Delivered
O006431,2024-12-14,C0413,P0196,E024,2,0.1,Net Banking,Delivered
O008286,2024-12-14,C0170,P0066,E046,1,0.05,UPI,Delivered
O009891,2024-12-14,C0815,P0104,E008,3,0.05,Net Banking,Delivered
O000033,2024-12-15,C0200,P0146,E010,4,0.0,UPI,Delivered
O001557,2024-12-15,C0644,P0002,E047,2,0.15,UPI,Delivered
O002004,2024-12-15,C0395,P0017,E030,1,0.0,Credit Card,Delivered
O002025,2024-12-15,C0021,P0060,E038,8,0.0,UPI,Delivered
O002120,2024-12-15,C0232,P0180,E046,6,0.02,Credit Card,Delivered
O003482,2024-12-15,C0103,P0149,E032,2,0.1,Credit Card,Delivered
O003723,2024-12-15,C0463,P0107,E022,2,0.05,Net Banking,Delivered
O004447,2024-12-15,C0726,P0161,E015,1,0.05,UPI,Delivered
O004541,2024-12-15,C0552,P0062,E018,5,0.0,Cash on Delivery,Delivered
O004712,2024-12-15,C0996,P0113,E036,5,0.0,Net Banking,Shipped
O004918,2024-12-15,C0242,P0095,E023,2,0.05,Cash on Delivery,Delivered
O007865,2024-12-15,C0764,P0106,E018,3,0.05,UPI,Delivered
O008958,2024-12-15,C0603,P0193,E008,3,0.0,Net Banking,Delivered
O009507,2024-12-15,C0053,P0176,E006,2,0.05,Credit Card,Delivered
O000658,2024-12-16,C0092,P0199,E021,2,0.2,Cash on Delivery,Delivered
O000879,2024-12-16,C0726,P0035,E014,1,0.0,Credit Card,Returned
O001951,2024-12-16,C0399,P0129,E045,1,0.0,UPI,Delivered
O004852,2024-12-16,C0327,P0167,E036,4,0.1,Debit Card,Delivered
O006212,2024-12-16,C0327,P0114,E007,2,0.1,UPI,Delivered
O007748,2024-12-16,C0365,P0193,E011,8,0.05,Net Banking,Delivered
O009055,2024-12-16,C0688,P0151,E027,1,0.0,Credit Card,Delivered
O009210,2024-12-16,C0935,P0199,E041,2,0.1,Net Banking,Delivered
O003131,2024-12-17,C0497,P0154,E042,2,0.0,UPI,Delivered
O003580,2024-12-17,C0479,P0075,E001,1,0.0,Credit Card,Returned
O003718,2024-12-17,C0505,P0125,E014,10,0.0,UPI,Delivered
O003755,2024-12-17,C0620,P0019,E007,4,0.2,Debit Card,Delivered
O004780,2024-12-17,C0117,P0149,E012,2,0.1,Cash on Delivery,Cancelled
O005028,2024-12-17,C0359,P0017,E042,4,0.1,Credit Card,Delivered
O008522,2024-12-17,C0770,P0009,E024,4,0.1,UPI,Delivered
O001298,2024-12-18,C0171,P0091,E036,3,0.0,Net Banking,Delivered
O002667,2024-12-18,C0652,P0095,E034,6,0.02,Debit Card,Delivered
O002702,2024-12-18,C0541,P0033,E026,1,0.0,UPI,Delivered
O002768,2024-12-18,C0852,P0100,E025,2,0.0,Debit Card,Delivered
O003678,2024-12-18,C0120,P0145,E002,1,0.2,Credit Card,Delivered
O004431,2024-12-18,C0104,P0043,E003,8,0.05,Debit Card,Delivered
O004674,2024-12-18,C0759,P0118,E018,6,0.0,Net Banking,Delivered
O006790,2024-12-18,C0730,P0045,E003,1,0.02,Net Banking,Delivered
O007842,2024-12-18,C0622,P0071,E035,1,0.05,Net Banking,Delivered
O008234,2024-12-18,C0293,P0153,E025,3,0.0,Credit Card,Delivered
O008298,2024-12-18,C0063,P0173,E045,2,0.02,Debit Card,Delivered
O009514,2024-12-18,C0992,P0087,E033,2,0.1,Debit Card,Delivered
O000187,2024-12-19,C0450,P0183,E007,2,0.0,Net Banking,Delivered
O000492,2024-12-19,C0059,P0076,E040,3,0.1,UPI,Delivered
O000951,2024-12-19,C0533,P0157,E002,1,0.0,UPI,Delivered
O001882,2024-12-19,C0591,P0156,E037,5,0.0,Credit Card,Delivered
O002779,2024-12-19,C0423,P0010,E027,3,0.0,Debit Card,Delivered
O006224,2024-12-19,C0660,P0022,E028,4,0.2,Debit Card,Delivered
O006643,2024-12-19,C0978,P0021,E032,2,0.05,Cash on Delivery,Delivered
O006969,2024-12-19,C0657,P0187,E009,2,0.15,Debit Card,Delivered
O008626,2024-12-19,C0179,P0067,E048,2,0.0,Credit Card,Delivered
O008669,2024-12-19,C0960,P0017,E039,1,0.05,Debit Card,Delivered
O009003,2024-12-19,C0833,P0003,E021,2,0.0,Net Banking,Delivered
O000292,2024-12-20,C0191,P0168,E037,3,0.05,Cash on Delivery,Returned
O001559,2024-12-20,C0323,P0144,E007,2,0.0,UPI,Delivered
O004213,2024-12-20,C0497,P0173,E043,1,0.0,Debit Card,Delivered
O004542,2024-12-20,C0002,P0016,E025,1,0.0,Debit Card,Delivered
O007876,2024-12-20,C0201,P0097,E001,3,0.15,Net Banking,Shipped
O008447,2024-12-20,C0069,P0157,E015,1,0.1,Debit Card,Returned
O008818,2024-12-20,C0220,P0168,E022,2,0.2,UPI,Delivered
O000737,2024-12-21,C0645,P0158,E009,3,0.1,Cash on Delivery,Delivered
O001089,2024-12-21,C0839,P0104,E037,4,0.1,UPI,Delivered
O001612,2024-12-21,C0334,P0033,E023,1,0.02,Cash on Delivery,Delivered
O002430,2024-12-21,C0954,P0054,E016,4,0.0,UPI,Delivered
O002613,2024-12-21,C0934,P0063,E026,3,0.0,UPI,Delivered
O003249,2024-12-21,C0101,P0149,E036,1,0.05,Credit Card,Delivered
O003472,2024-12-21,C0309,P0144,E002,8,0.05,Cash on Delivery,Delivered
O003836,2024-12-21,C0693,P0061,E039,4,0.1,Credit Card,Cancelled
O005269,2024-12-21,C0425,P0076,E011,2,0.05,Debit Card,Shipped
O005891,2024-12-21,C0868,P0186,E007,2,0.1,Debit Card,Delivered
O006501,2024-12-21,C0400,P0149,E042,1,0.0,Debit Card,Delivered
O007199,2024-12-21,C0928,P0111,E005,1,0.1,Cash on Delivery,Delivered
O007764,2024-12-21,C0101,P0004,E004,4,0.05,Net Banking,Returned
O008461,2024-12-21,C0342,P0149,E021,8,0.0,Net Banking,Delivered
O008549,2024-12-21,C0586,P0013,E004,2,0.1,Debit Card,Delivered
O000276,2024-12-22,C0350,P0116,E021,5,0.0,Debit Card,Delivered
O000944,2024-12-22,C0372,P0167,E018,2,0.0,Debit Card,Delivered
O002043,2024-12-22,C0503,P0083,E017,2,0.1,Cash on Delivery,Delivered
O003269,2024-12-22,C0634,P0029,E023,2,0.05,Credit Card,Delivered
O005766,2024-12-22,C0657,P0052,E040,1,0.02,Debit Card,Delivered
O006966,2024-12-22,C0611,P0057,E031,6,0.2,Cash on Delivery,Shipped
O007637,2024-12-22,C0094,P0032,E003,1,0.15,Debit Card,Delivered
O007998,2024-12-22,C0286,P0034,E026,3,0.1,Cash on Delivery,Delivered
O009532,2024-12-22,C0486,P0087,E045,3,0.1,Net Banking,Delivered
O009780,2024-12-22,C0930,P0053,E050,4,0.0,Cash on Delivery,Cancelled
O000800,2024-12-23,C0067,P0118,E035,4,0.1,Credit Card,Delivered
O000972,2024-12-23,C0459,P0089,E016,4,0.0,Cash on Delivery,Delivered
O001507,2024-12-23,C0093,P0157,E001,2,0.0,UPI,Delivered
O001744,2024-12-23,C0002,P0008,E027,2,0.0,UPI,Delivered
O001908,2024-12-23,C0419,P0071,E004,1,0.02,Cash on Delivery,Delivered
O003064,2024-12-23,C0224,P0081,E031,3,0.0,UPI,Delivered
O003870,2024-12-23,C0478,P0044,E033,1,0.15,Credit Card,Delivered
O003898,2024-12-23,C0497,P0106,E028,1,0.05,Credit Card,Delivered
O004113,2024-12-23,C0748,P0103,E004,3,0.02,UPI,Returned
O005565,2024-12-23,C0369,P0086,E043,10,0.15,Net Banking,Delivered
O005592,2024-12-23,C0372,P0087,E005,4,0.02,Net Banking,Delivered
O005623,2024-12-23,C0120,P0006,E013,1,0.1,UPI,Delivered
O008179,2024-12-23,C0754,P0159,E024,2,0.05,Cash on Delivery,Delivered
O000071,2024-12-24,C0907,P0131,E047,1,0.0,Cash on Delivery,Delivered
O000317,2024-12-24,C0181,P0140,E033,1,0.1,Credit Card,Delivered
O001862,2024-12-24,C0288,P0048,E004,3,0.15,UPI,Cancelled
O002205,2024-12-24,C0710,P0169,E041,2,0.05,UPI,Delivered
O005029,2024-12-24,C0108,P0020,E005,1,0.0,UPI,Returned
O006158,2024-12-24,C0094,P0132,E001,2,0.0,Debit Card,Delivered
O006749,2024-12-24,C0048,P0140,E041,3,0.02,Credit Card,Cancelled
O001412,2024-12-25,C0364,P0167,E042,5,0.1,Credit Card,Delivered
O002334,2024-12-25,C0027,P0180,E014,1,0.0,Credit Card,Delivered
O003559,2024-12-25,C0744,P0094,E004,1,0.0,UPI,Delivered
O004630,2024-12-25,C0741,P0141,E034,2,0.05,Credit Card,Delivered
O005663,2024-12-25,C0468,P0072,E019,1,0.0,Debit Card,Delivered
O006520,2024-12-25,C0677,P0083,E036,1,0.0,Credit Card,Delivered
O006724,2024-12-25,C0232,P0022,E035,1,0.0,Net Banking,Delivered
O007924,2024-12-25,C0115,P0058,E027,2,0.02,UPI,Cancelled
O009184,2024-12-25,C0624,P0106,E042,2,0.05,Debit Card,Cancelled
O009489,2024-12-25,C0532,P0015,E001,1,0.15,UPI,Delivered
O000499,2024-12-26,C0281,P0144,E013,1,0.0,Credit Card,Delivered
O000524,2024-12-26,C0907,P0001,E018,2,0.1,UPI,Delivered
O000726,2024-12-26,C0028,P0140,E046,6,0.1,Net Banking,Delivered
O002190,2024-12-26,C0121,P0056,E003,1,0.05,Net Banking,Returned
O002394,2024-12-26,C0848,P0068,E009,3,0.05,UPI,Delivered
O002534,2024-12-26,C0650,P0161,E048,1,0.05,Net Banking,Delivered
O003527,2024-12-26,C0657,P0128,E028,2,0.0,Debit Card,Delivered
O003661,2024-12-26,C0189,P0086,E018,5,0.15,Credit Card,Delivered
O006603,2024-12-26,C0097,P0160,E019,4,0.05,UPI,Delivered
O007219,2024-12-26,C0175,P0063,E018,2,0.05,Credit Card,Delivered
O007692,2024-12-26,C0031,P0098,E006,2,0.0,Debit Card,Delivered
O008583,2024-12-26,C0481,P0159,E046,5,0.05,Net Banking,Delivered
O001037,2024-12-27,C0640,P0138,E049,1,0.05,Credit Card,Delivered
O001731,2024-12-27,C0107,P0027,E048,3,0.15,Cash on Delivery,Delivered
O002412,2024-12-27,C0514,P0190,E023,1,0.02,Credit Card,Delivered
O002429,2024-12-27,C0761,P0156,E011,2,0.1,Credit Card,Delivered
O003358,2024-12-27,C0646,P0124,E007,3,0.05,Cash on Delivery,Delivered
O003384,2024-12-27,C0883,P0191,E033,6,0.0,Cash on Delivery,Delivered
O004090,2024-12-27,C0423,P0100,E012,4,0.05,UPI,Delivered
O005535,2024-12-27,C0982,P0147,E015,3,0.0,Credit Card,Delivered
O005923,2024-12-27,C0899,P0195,E040,2,0.0,Credit Card,Delivered
O007229,2024-12-27,C0187,P0009,E013,4,0.0,Cash on Delivery,Delivered
O007784,2024-12-27,C0545,P0029,E048,2,0.05,Net Banking,Delivered
O008311,2024-12-27,C0857,P0146,E018,1,0.05,UPI,Returned
O008560,2024-12-27,C0199,P0015,E040,1,0.0,Net Banking,Delivered
O001864,2024-12-28,C0929,P0151,E002,10,0.1,Net Banking,Shipped
O002955,2024-12-28,C0045,P0145,E027,2,0.2,Credit Card,Delivered
O003012,2024-12-28,C0211,P0172,E035,1,0.1,UPI,Delivered
O004241,2024-12-28,C0733,P0150,E004,3,0.02,UPI,Delivered
O004403,2024-12-28,C0891,P0063,E014,2,0.05,Net Banking,Delivered
O005942,2024-12-28,C0327,P0155,E010,4,0.15,Net Banking,Delivered
O006485,2024-12-28,C0160,P0018,E004,4,0.0,UPI,Delivered
O006677,2024-12-28,C0221,P0132,E013,1,0.0,UPI,Delivered
O007805,2024-12-28,C0790,P0167,E004,4,0.05,Debit Card,Shipped
O009234,2024-12-28,C0066,P0059,E007,2,0.0,Debit Card,Delivered
O000242,2024-12-29,C0372,P0138,E033,5,0.1,Credit Card,Delivered
O001852,2024-12-29,C0735,P0049,E042,3,0.05,Net Banking,Delivered
O002665,2024-12-29,C0657,P0052,E043,3,0.0,Cash on Delivery,Delivered
O003596,2024-12-29,C0926,P0197,E033,4,0.0,Debit Card,Delivered
O005072,2024-12-29,C0956,P0089,E008,5,0.1,Net Banking,Delivered
O005485,2024-12-29,C0297,P0001,E041,3,0.05,Cash on Delivery,Delivered
O005729,2024-12-29,C0533,P0075,E007,3,0.0,Debit Card,Delivered
O007221,2024-12-29,C0088,P0040,E041,3,0.05,Credit Card,Delivered
O007950,2024-12-29,C0629,P0178,E009,1,0.0,UPI,Delivered
O009825,2024-12-29,C0581,P0169,E009,2,0.05,Debit Card,Delivered
O000321,2024-12-30,C0181,P0014,E039,2,0.1,UPI,Delivered
O000534,2024-12-30,C0394,P0050,E027,3,0.1,UPI,Delivered
O001580,2024-12-30,C0745,P0178,E021,5,0.05,UPI,Delivered
O002481,2024-12-30,C0789,P0175,E003,1,0.05,Net Banking,Delivered
O002922,2024-12-30,C0302,P0168,E049,2,0.0,UPI,Returned
O004354,2024-12-30,C0692,P0151,E029,2,0.1,Net Banking,Shipped
O004843,2024-12-30,C0350,P0050,E014,2,0.05,UPI,Delivered
O006049,2024-12-30,C0869,P0153,E003,3,0.0,Credit Card,Cancelled
O006197,2024-12-30,C0093,P0110,E002,1,0.05,Credit Card,Delivered
O006280,2024-12-30,C0135,P0192,E047,1,0.0,Net Banking,Delivered
O006403,2024-12-30,C0954,P0108,E018,2,0.05,Debit Card,Delivered
O007117,2024-12-30,C0968,P0052,E001,2,0.05,Net Banking,Delivered
O008289,2024-12-30,C0867,P0163,E042,1,0.0,UPI,Delivered
O009739,2024-12-30,C0979,P0175,E049,2,0.15,UPI,Returned
O000665,2024-12-31,C0854,P0123,E013,1,0.0,Credit Card,Delivered
O000713,2024-12-31,C0079,P0010,E039,2,0.05,Credit Card,Delivered
O002267,2024-12-31,C0332,P0147,E036,8,0.02,UPI,Delivered
O003250,2024-12-31,C0583,P0170,E037,1,0.0,UPI,Delivered
O005251,2024-12-31,C0199,P0106,E027,1,0.0,Net Banking,Delivered
O005725,2024-12-31,C0503,P0194,E003,1,0.02,Credit Card,Delivered
O006024,2024-12-31,C0283,P0020,E048,1,0.05,Debit Card,Delivered
O006496,2024-12-31,C0147,P0096,E032,5,0.05,Debit Card,Delivered
O007997,2024-12-31,C0593,P0072,E049,4,0.1,Cash on Delivery,Delivered
O008416,2024-12-31,C0966,P0095,E048,10,0.15,UPI,Returned
O008962,2024-12-31,C0869,P0001,E037,2,0.15,Debit Card,Returned
O000073,2025-01-01,C0681,P0070,E015,1,0.0,UPI,Delivered
O000243,2025-01-01,C0175,P0087,E019,2,0.0,Net Banking,Shipped
O000392,2025-01-01,C0280,P0175,E014,8,0.1,Cash on Delivery,Shipped
O001172,2025-01-01,C0532,P0037,E020,4,0.0,UPI,Shipped
O002970,2025-01-01,C0833,P0047,E025,2,0.1,Credit Card,Cancelled
O003181,2025-01-01,C0925,P0164,E049,2,0.15,Credit Card,Delivered
O004875,2025-01-01,C0634,P0042,E017,1,0.02,UPI,Cancelled
O005059,2025-01-01,C0876,P0061,E025,2,0.02,UPI,Delivered
O007877,2025-01-01,C0933,P0159,E019,5,0.0,Credit Card,Delivered
O008796,2025-01-01,C0366,P0194,E021,1,0.0,Credit Card,Delivered
O009799,2025-01-01,C0172,P0033,E046,1,0.15,Net Banking,Delivered
O009922,2025-01-01,C0426,P0135,E003,2,0.0,Net Banking,Cancelled
O009995,2025-01-01,C0773,P0011,E002,1,0.05,Net Banking,Shipped
O000866,2025-01-02,C0827,P0130,E047,1,0.02,Debit Card,Delivered
O001752,2025-01-02,C0664,P0159,E043,2,0.02,UPI,Delivered
O001999,2025-01-02,C0977,P0149,E050,2,0.0,Credit Card,Delivered
O002689,2025-01-02,C0952,P0031,E050,4,0.1,Cash on Delivery,Delivered
O003094,2025-01-02,C0800,P0145,E002,3,0.02,UPI,Returned
O005234,2025-01-02,C0481,P0002,E034,1,0.05,UPI,Delivered
O005970,2025-01-02,C0369,P0102,E006,2,0.02,Cash on Delivery,Delivered
O006009,2025-01-02,C0415,P0024,E049,2,0.0,Net Banking,Delivered
O006244,2025-01-02,C0210,P0044,E041,3,0.0,Net Banking,Delivered
O007996,2025-01-02,C0853,P0095,E044,2,0.05,UPI,Delivered
O008955,2025-01-02,C0611,P0183,E037,8,0.05,Debit Card,Delivered
O000861,2025-01-03,C0899,P0019,E046,1,0.0,Cash on Delivery,Delivered
O003366,2025-01-03,C0612,P0051,E008,4,0.05,Debit Card,Delivered
O004798,2025-01-03,C0199,P0158,E035,2,0.0,Cash on Delivery,Delivered
O006002,2025-01-03,C0283,P0067,E019,1,0.0,UPI,Delivered
O006629,2025-01-03,C0646,P0002,E047,2,0.1,Credit Card,Delivered
O006760,2025-01-03,C0785,P0056,E046,1,0.15,UPI,Delivered
O007545,2025-01-03,C0073,P0052,E021,2,0.05,Cash on Delivery,Delivered
O009776,2025-01-03,C0281,P0088,E017,4,0.0,UPI,Delivered
O000646,2025-01-04,C0856,P0128,E029,2,0.2,Debit Card,Delivered
O001007,2025-01-04,C0369,P0194,E048,1,0.15,Credit Card,Delivered
O001745,2025-01-04,C0200,P0055,E029,4,0.02,UPI,Delivered
O001840,2025-01-04,C0461,P0110,E030,10,0.0,Credit Card,Cancelled
O002296,2025-01-04,C0856,P0066,E046,1,0.05,Debit Card,Delivered
O004259,2025-01-04,C0650,P0186,E009,1,0.0,Credit Card,Delivered
O004622,2025-01-04,C0073,P0089,E049,2,0.02,Credit Card,Delivered
O004660,2025-01-04,C0001,P0199,E005,2,0.1,Credit Card,Delivered
O006336,2025-01-04,C0055,P0068,E002,2,0.0,Credit Card,Delivered
O006818,2025-01-04,C0201,P0121,E042,4,0.1,UPI,Delivered
O006829,2025-01-04,C0166,P0007,E007,4,0.1,UPI,Shipped
O006892,2025-01-04,C0136,P0004,E028,2,0.0,UPI,Delivered
O007361,2025-01-04,C0812,P0076,E016,3,0.0,Cash on Delivery,Delivered
O007508,2025-01-04,C0232,P0161,E016,4,0.0,Cash on Delivery,Delivered
O007767,2025-01-04,C0728,P0006,E041,3,0.05,Debit Card,Delivered
O008990,2025-01-04,C0341,P0089,E033,8,0.0,UPI,Delivered
O009447,2025-01-04,C0901,P0044,E004,3,0.0,UPI,Delivered
O000394,2025-01-05,C0060,P0083,E033,1,0.05,Debit Card,Delivered
O002465,2025-01-05,C0206,P0182,E035,2,0.0,UPI,Delivered
O002854,2025-01-05,C0527,P0164,E017,1,0.0,Cash on Delivery,Delivered
O002946,2025-01-05,C0249,P0014,E035,1,0.15,Credit Card,Shipped
O003689,2025-01-05,C0360,P0127,E037,2,0.1,Cash on Delivery,Delivered
O003752,2025-01-05,C0681,P0049,E013,1,0.0,UPI,Delivered
O004107,2025-01-05,C0328,P0153,E047,2,0.0,Credit Card,Delivered
O004402,2025-01-05,C0667,P0083,E013,4,0.0,Credit Card,Delivered
O004640,2025-01-05,C0973,P0012,E013,6,0.02,Net Banking,Delivered
O004866,2025-01-05,C0068,P0096,E029,2,0.1,Credit Card,Cancelled
O004904,2025-01-05,C0229,P0105,E016,4,0.0,UPI,Delivered
O005576,2025-01-05,C0701,P0057,E017,1,0.0,Credit Card,Delivered
O005818,2025-01-05,C0591,P0116,E043,1,0.0,UPI,Delivered
O006400,2025-01-05,C0360,P0007,E003,4,0.05,Debit Card,Cancelled
O008133,2025-01-05,C0209,P0056,E001,4,0.15,UPI,Delivered
O008499,2025-01-05,C0588,P0023,E041,1,0.1,Cash on Delivery,Delivered
O000176,2025-01-06,C0254,P0030,E037,2,0.05,Credit Card,Shipped
O000851,2025-01-06,C0108,P0121,E028,2,0.2,Cash on Delivery,Returned
O001079,2025-01-06,C0094,P0173,E007,2,0.0,UPI,Shipped
O001500,2025-01-06,C0400,P0089,E002,6,0.15,Credit Card,Delivered
O001742,2025-01-06,C0162,P0167,E020,1,0.1,Net Banking,Delivered
O001779,2025-01-06,C0748,P0003,E029,2,0.0,UPI,Returned
O002815,2025-01-06,C0171,P0020,E020,3,0.1,UPI,Delivered
O004144,2025-01-06,C0311,P0040,E018,2,0.0,UPI,Delivered
O005330,2025-01-06,C0362,P0174,E006,5,0.0,Credit Card,Returned
O005909,2025-01-06,C0771,P0035,E007,1,0.0,Credit Card,Delivered
O006090,2025-01-06,C0190,P0039,E022,1,0.0,UPI,Delivered
O006557,2025-01-06,C0853,P0170,E043,2,0.05,UPI,Delivered
O008693,2025-01-06,C0128,P0109,E005,2,0.15,UPI,Delivered
O009396,2025-01-06,C0423,P0013,E042,1,0.02,Credit Card,Delivered
O009414,2025-01-06,C0426,P0125,E001,3,0.05,UPI,Delivered
O009455,2025-01-06,C0779,P0164,E009,2,0.05,Debit Card,Delivered
O000643,2025-01-07,C0206,P0111,E028,2,0.0,UPI,Cancelled
O001123,2025-01-07,C0291,P0009,E012,2,0.05,UPI,Delivered
O001156,2025-01-07,C0646,P0193,E018,1,0.1,Cash on Delivery,Cancelled
O001854,2025-01-07,C0957,P0091,E032,2,0.0,UPI,Delivered
O002451,2025-01-07,C0844,P0044,E037,2,0.0,Net Banking,Delivered
O002920,2025-01-07,C0811,P0164,E021,3,0.05,Credit Card,Delivered
O004239,2025-01-07,C0779,P0001,E012,1,0.05,UPI,Delivered
O004415,2025-01-07,C0831,P0073,E041,1,0.0,UPI,Delivered
O004802,2025-01-07,C0267,P0198,E044,3,0.0,Cash on Delivery,Delivered
O006693,2025-01-07,C0179,P0107,E041,2,0.02,Credit Card,Delivered
O000714,2025-01-08,C0162,P0169,E042,4,0.0,Credit Card,Delivered
O002228,2025-01-08,C0976,P0068,E003,6,0.0,UPI,Delivered
O002327,2025-01-08,C0211,P0038,E023,2,0.0,Debit Card,Delivered
O003273,2025-01-08,C0872,P0176,E039,2,0.0,Cash on Delivery,Delivered
O005983,2025-01-08,C0583,P0073,E049,2,0.02,Debit Card,Delivered
O007033,2025-01-08,C0960,P0010,E048,5,0.05,UPI,Delivered
O007620,2025-01-08,C0571,P0172,E007,3,0.15,Credit Card,Delivered
O007837,2025-01-08,C0596,P0181,E034,2,0.02,Debit Card,Delivered
O008314,2025-01-08,C0236,P0127,E050,2,0.05,Credit Card,Delivered
O008434,2025-01-08,C0869,P0085,E023,4,0.05,Cash on Delivery,Delivered
O009096,2025-01-08,C0744,P0112,E011,1,0.1,Net Banking,Shipped
O009218,2025-01-08,C0779,P0152,E028,1,0.1,Net Banking,Delivered
O009857,2025-01-08,C0812,P0101,E004,6,0.0,Debit Card,Delivered
O009899,2025-01-08,C0111,P0097,E030,1,0.02,Credit Card,Delivered
O000593,2025-01-09,C0418,P0099,E045,5,0.0,UPI,Delivered
O003517,2025-01-09,C0671,P0177,E023,6,0.0,UPI,Delivered
O003772,2025-01-09,C0601,P0146,E042,4,0.0,UPI,Returned
O004538,2025-01-09,C0288,P0049,E033,3,0.0,Credit Card,Shipped
O006632,2025-01-09,C0432,P0173,E049,5,0.02,Net Banking,Delivered
O007187,2025-01-09,C0658,P0051,E020,10,0.0,Net Banking,Delivered
O007191,2025-01-09,C0452,P0066,E032,4,0.05,Debit Card,Delivered
O007282,2025-01-09,C0784,P0049,E046,3,0.05,Net Banking,Delivered
O008281,2025-01-09,C0737,P0035,E049,2,0.02,UPI,Delivered
O009697,2025-01-09,C0173,P0184,E014,1,0.02,UPI,Delivered
O009773,2025-01-09,C0719,P0056,E029,1,0.15,Credit Card,Delivered
O001931,2025-01-10,C0222,P0044,E038,1,0.05,Debit Card,Delivered
O002066,2025-01-10,C0849,P0056,E033,3,0.1,Net Banking,Delivered
O002447,2025-01-10,C0268,P0058,E025,1,0.05,Credit Card,Delivered
O004262,2025-01-10,C0873,P0033,E030,2,0.1,Net Banking,Shipped
O004714,2025-01-10,C0527,P0155,E016,1,0.0,Debit Card,Delivered
O005830,2025-01-10,C0629,P0112,E015,1,0.02,Cash on Delivery,Delivered
O006033,2025-01-10,C0434,P0150,E025,8,0.0,UPI,Delivered
O006366,2025-01-10,C0450,P0115,E021,4,0.05,Credit Card,Cancelled
O006797,2025-01-10,C0924,P0184,E043,6,0.1,Credit Card,Delivered
O007445,2025-01-10,C0337,P0029,E005,1,0.1,Net Banking,Shipped
O009250,2025-01-10,C0155,P0017,E038,1,0.0,UPI,Delivered
O009265,2025-01-10,C0940,P0007,E014,6,0.05,Debit Card,Delivered
O009367,2025-01-10,C0840,P0045,E006,1,0.02,Credit Card,Delivered
O002457,2025-01-11,C0143,P0166,E011,3,0.02,Credit Card,Delivered
O002542,2025-01-11,C0665,P0004,E050,3,0.1,Credit Card,Delivered
O002899,2025-01-11,C0953,P0124,E034,1,0.15,UPI,Delivered
O003748,2025-01-11,C0125,P0070,E044,4,0.1,UPI,Shipped
O004267,2025-01-11,C0742,P0067,E015,3,0.1,Net Banking,Delivered
O004670,2025-01-11,C0677,P0099,E039,1,0.0,Net Banking,Delivered
O005175,2025-01-11,C0444,P0055,E046,2,0.0,Cash on Delivery,Delivered
O006994,2025-01-11,C0278,P0134,E002,10,0.02,Net Banking,Delivered
O007938,2025-01-11,C0352,P0144,E032,8,0.05,UPI,Delivered
O008937,2025-01-11,C0781,P0198,E037,1,0.05,UPI,Cancelled
O001970,2025-01-12,C0210,P0180,E020,3,0.0,Net Banking,Delivered
O002301,2025-01-12,C0745,P0164,E011,1,0.0,UPI,Cancelled
O002587,2025-01-12,C0008,P0014,E025,1,0.05,Debit Card,Shipped
O003983,2025-01-12,C0189,P0045,E008,3,0.05,Debit Card,Shipped
O004307,2025-01-12,C0006,P0030,E033,1,0.1,UPI,Returned
O004978,2025-01-12,C0999,P0179,E031,2,0.1,Net Banking,Delivered
O005448,2025-01-12,C0801,P0179,E043,5,0.1,UPI,Delivered
O005944,2025-01-12,C0689,P0123,E010,3,0.0,Debit Card,Delivered
O007839,2025-01-12,C0691,P0165,E011,3,0.05,Net Banking,Delivered
O008189,2025-01-12,C0420,P0116,E049,1,0.0,Debit Card,Delivered
O009448,2025-01-12,C0744,P0041,E020,3,0.0,Net Banking,Delivered
O000428,2025-01-13,C0867,P0053,E025,4,0.0,Debit Card,Delivered
O001242,2025-01-13,C0726,P0031,E009,1,0.0,Credit Card,Delivered
O003648,2025-01-13,C0847,P0111,E040,4,0.05,UPI,Delivered
O004874,2025-01-13,C0629,P0152,E010,6,0.1,Net Banking,Cancelled
O005792,2025-01-13,C0414,P0092,E036,3,0.02,Credit Card,Delivered
O005863,2025-01-13,C0451,P0052,E022,2,0.0,Cash on Delivery,Delivered
O006027,2025-01-13,C0079,P0053,E004,6,0.0,Net Banking,Delivered
O006649,2025-01-13,C0732,P0026,E033,3,0.05,Credit Card,Delivered
O006666,2025-01-13,C0679,P0196,E005,1,0.05,Credit Card,Delivered
O007134,2025-01-13,C0847,P0089,E043,1,0.02,Debit Card,Delivered
O008780,2025-01-13,C0873,P0125,E009,5,0.02,Cash on Delivery,Delivered
O001497,2025-01-14,C0856,P0143,E003,1,0.05,UPI,Delivered
O002672,2025-01-14,C0243,P0049,E046,2,0.0,Credit Card,Delivered
O002712,2025-01-14,C0535,P0034,E008,5,0.0,Debit Card,Delivered
O002926,2025-01-14,C0830,P0001,E011,4,0.1,UPI,Delivered
O003499,2025-01-14,C0097,P0044,E030,5,0.02,UPI,Returned
O003957,2025-01-14,C0322,P0150,E006,8,0.05,Debit Card,Delivered
O005309,2025-01-14,C0538,P0060,E033,4,0.0,Debit Card,Delivered
O007650,2025-01-14,C0427,P0066,E025,2,0.0,UPI,Delivered
O008641,2025-01-14,C0650,P0194,E032,8,0.1,Net Banking,Delivered
O008905,2025-01-14,C0733,P0169,E011,8,0.0,UPI,Delivered
O009379,2025-01-14,C0629,P0149,E005,3,0.0,Credit Card,Delivered
O000275,2025-01-15,C0162,P0152,E031,1,0.02,UPI,Delivered
O000381,2025-01-15,C0140,P0193,E030,1,0.02,Credit Card,Delivered
O000424,2025-01-15,C0092,P0098,E033,5,0.1,Credit Card,Delivered
O000958,2025-01-15,C0913,P0053,E007,3,0.15,Net Banking,Delivered
O002695,2025-01-15,C0574,P0145,E044,2,0.0,Credit Card,Delivered
O003530,2025-01-15,C0282,P0145,E039,3,0.02,UPI,Delivered
O006038,2025-01-15,C0288,P0117,E006,1,0.02,UPI,Delivered
O006821,2025-01-15,C0915,P0142,E009,8,0.02,Credit Card,Delivered
O006857,2025-01-15,C0640,P0149,E003,2,0.0,Cash on Delivery,Delivered
O007658,2025-01-15,C0232,P0063,E003,2,0.0,Cash on Delivery,Delivered
O007900,2025-01-15,C0793,P0063,E031,2,0.0,UPI,Cancelled
O008165,2025-01-15,C0540,P0187,E016,5,0.0,Debit Card,Returned
O002385,2025-01-16,C0844,P0124,E009,1,0.0,Cash on Delivery,Delivered
O003439,2025-01-16,C0322,P0092,E003,2,0.0,UPI,Delivered
O003498,2025-01-16,C0044,P0011,E046,8,0.05,Credit Card,Returned
O004317,2025-01-16,C0816,P0168,E049,2,0.0,UPI,Delivered
O004631,2025-01-16,C0657,P0147,E045,1,0.05,Debit Card,Delivered
O005286,2025-01-16,C0339,P0109,E034,1,0.02,Debit Card,Delivered
O005781,2025-01-16,C0281,P0071,E034,4,0.0,UPI,Delivered
O006531,2025-01-16,C0200,P0131,E050,1,0.0,Net Banking,Delivered
O006878,2025-01-16,C0919,P0110,E006,2,0.1,Credit Card,Returned
O007724,2025-01-16,C0562,P0075,E035,2,0.0,Debit Card,Delivered
O000741,2025-01-17,C0726,P0191,E003,3,0.1,Debit Card,Cancelled
O001735,2025-01-17,C0612,P0100,E008,3,0.1,Credit Card,Delivered
O005048,2025-01-17,C0092,P0174,E039,2,0.0,Credit Card,Delivered
O005673,2025-01-17,C0405,P0091,E034,4,0.0,Credit Card,Delivered
O006128,2025-01-17,C0750,P0056,E029,3,0.0,Cash on Delivery,Delivered
O006882,2025-01-17,C0419,P0188,E013,10,0.05,UPI,Delivered
O007147,2025-01-17,C0048,P0047,E039,3,0.0,Net Banking,Delivered
O007335,2025-01-17,C0615,P0164,E007,2,0.0,Net Banking,Delivered
O007660,2025-01-17,C0808,P0099,E047,3,0.0,Debit Card,Delivered
O007861,2025-01-17,C0092,P0159,E001,1,0.0,Net Banking,Delivered
O009909,2025-01-17,C0350,P0152,E028,3,0.0,UPI,Delivered
O002420,2025-01-18,C0249,P0026,E045,4,0.05,UPI,Cancelled
O003059,2025-01-18,C0397,P0001,E031,2,0.0,Debit Card,Delivered
O003679,2025-01-18,C0954,P0163,E009,1,0.1,Cash on Delivery,Delivered
O006036,2025-01-18,C0384,P0153,E020,2,0.0,Debit Card,Cancelled
O006114,2025-01-18,C0065,P0051,E042,4,0.0,Credit Card,Cancelled
O008653,2025-01-18,C0648,P0098,E016,2,0.05,Net Banking,Cancelled
O009465,2025-01-18,C0872,P0002,E024,3,0.02,Debit Card,Cancelled
O001231,2025-01-19,C0047,P0036,E018,2,0.05,Net Banking,Cancelled
O001485,2025-01-19,C0318,P0099,E040,1,0.0,Credit Card,Shipped
O001902,2025-01-19,C0135,P0060,E028,2,0.02,Debit Card,Delivered
O002008,2025-01-19,C0586,P0019,E021,2,0.0,UPI,Delivered
O004979,2025-01-19,C0637,P0177,E018,2,0.1,UPI,Delivered
O006620,2025-01-19,C0671,P0118,E024,3,0.1,UPI,Delivered
O007035,2025-01-19,C0959,P0120,E028,2,0.05,Debit Card,Delivered
O007627,2025-01-19,C0637,P0166,E031,1,0.2,UPI,Delivered
O009328,2025-01-19,C0784,P0178,E013,3,0.1,UPI,Delivered
O009704,2025-01-19,C0634,P0180,E011,3,0.05,Debit Card,Delivered
O003686,2025-01-20,C0280,P0076,E023,2,0.2,Cash on Delivery,Cancelled
O005058,2025-01-20,C0700,P0026,E005,2,0.0,UPI,Delivered
O005177,2025-01-20,C0985,P0141,E013,1,0.15,Cash on Delivery,Delivered
O005900,2025-01-20,C0194,P0113,E028,2,0.1,Debit Card,Delivered
O006396,2025-01-20,C0421,P0133,E020,4,0.0,Cash on Delivery,Delivered
O009215,2025-01-20,C0696,P0003,E042,5,0.0,Credit Card,Delivered
O002101,2025-01-21,C0745,P0023,E017,2,0.1,Credit Card,Delivered
O003469,2025-01-21,C0098,P0006,E033,4,0.0,Net Banking,Shipped
O005003,2025-01-21,C0982,P0042,E009,2,0.1,UPI,Delivered
O006142,2025-01-21,C0529,P0011,E009,8,0.0,Credit Card,Delivered
O001162,2025-01-22,C0064,P0131,E038,5,0.0,Net Banking,Delivered
O004126,2025-01-22,C0899,P0008,E006,2,0.05,Credit Card,Cancelled
O004384,2025-01-22,C0812,P0177,E048,2,0.05,Cash on Delivery,Delivered
O005500,2025-01-22,C0489,P0116,E044,3,0.1,Cash on Delivery,Delivered
O005558,2025-01-22,C0283,P0162,E023,1,0.02,Debit Card,Delivered
O006571,2025-01-22,C0081,P0133,E028,6,0.05,UPI,Delivered
O007853,2025-01-22,C0294,P0183,E005,2,0.0,UPI,Delivered
O008003,2025-01-22,C0622,P0064,E029,2,0.1,Credit Card,Delivered
O008816,2025-01-22,C0499,P0178,E021,6,0.0,Cash on Delivery,Shipped
O000530,2025-01-23,C0577,P0068,E017,1,0.0,UPI,Delivered
O000989,2025-01-23,C0733,P0017,E015,3,0.0,UPI,Delivered
O001523,2025-01-23,C0641,P0160,E037,5,0.15,Credit Card,Delivered
O001534,2025-01-23,C0758,P0018,E023,4,0.0,Credit Card,Delivered
O003888,2025-01-23,C0067,P0135,E006,1,0.0,UPI,Delivered
O003967,2025-01-23,C0390,P0026,E029,3,0.0,UPI,Delivered
O004313,2025-01-23,C0675,P0117,E021,2,0.05,Cash on Delivery,Delivered
O006221,2025-01-23,C0014,P0156,E047,1,0.0,Credit Card,Delivered
O001147,2025-01-24,C0159,P0019,E044,3,0.0,Cash on Delivery,Delivered
O004348,2025-01-24,C0272,P0086,E030,2,0.0,UPI,Delivered
O004436,2025-01-24,C0839,P0051,E044,1,0.0,Credit Card,Delivered
O004553,2025-01-24,C0689,P0079,E013,4,0.0,UPI,Delivered
O004676,2025-01-24,C0239,P0106,E029,2,0.0,Credit Card,Delivered
O004751,2025-01-24,C0727,P0191,E024,1,0.0,UPI,Delivered
O005188,2025-01-24,C0507,P0196,E041,3,0.0,Net Banking,Delivered
O005607,2025-01-24,C0419,P0063,E001,2,0.02,UPI,Delivered
O007083,2025-01-24,C0192,P0100,E041,4,0.0,Debit Card,Delivered
O008136,2025-01-24,C0684,P0170,E018,3,0.15,Credit Card,Delivered
O008408,2025-01-24,C0931,P0130,E019,1,0.05,Credit Card,Delivered
O009453,2025-01-24,C0125,P0136,E030,2,0.1,Credit Card,Delivered
O001457,2025-01-25,C0710,P0091,E010,8,0.1,Credit Card,Delivered
O001818,2025-01-25,C0686,P0127,E024,1,0.1,UPI,Delivered
O002163,2025-01-25,C0505,P0183,E042,4,0.05,UPI,Delivered
O004196,2025-01-25,C0962,P0030,E006,2,0.1,Credit Card,Delivered
O004738,2025-01-25,C0340,P0162,E010,8,0.0,Cash on Delivery,Delivered
O005804,2025-01-25,C0637,P0068,E036,2,0.02,Credit Card,Delivered
O007299,2025-01-25,C0125,P0006,E026,4,0.05,Credit Card,Delivered
O007797,2025-01-25,C0872,P0094,E001,8,0.0,Cash on Delivery,Delivered
O007971,2025-01-25,C0867,P0016,E004,5,0.05,Debit Card,Delivered
O000692,2025-01-26,C0434,P0104,E011,10,0.05,Credit Card,Delivered
O003528,2025-01-26,C0087,P0129,E028,2,0.05,Debit Card,Delivered
O004892,2025-01-26,C0655,P0041,E009,4,0.0,Cash on Delivery,Delivered
O005017,2025-01-26,C0177,P0061,E025,2,0.0,UPI,Delivered
O005348,2025-01-26,C0600,P0045,E049,1,0.0,Credit Card,Delivered
O005430,2025-01-26,C0374,P0158,E025,1,0.0,Credit Card,Shipped
O008597,2025-01-26,C0879,P0191,E050,3,0.0,Debit Card,Delivered
O009323,2025-01-26,C0224,P0196,E005,6,0.0,Net Banking,Delivered
O009464,2025-01-26,C0300,P0083,E004,1,0.0,Debit Card,Delivered
O002397,2025-01-27,C0954,P0067,E021,3,0.0,UPI,Delivered
O003865,2025-01-27,C0035,P0136,E024,1,0.0,UPI,Delivered
O004257,2025-01-27,C0411,P0070,E034,1,0.1,Debit Card,Delivered
O004679,2025-01-27,C0928,P0085,E035,4,0.0,Debit Card,Delivered
O005043,2025-01-27,C0183,P0198,E031,2,0.0,Debit Card,Delivered
O005246,2025-01-27,C0436,P0029,E011,10,0.05,Cash on Delivery,Delivered
O005597,2025-01-27,C0712,P0008,E048,1,0.02,Debit Card,Delivered
O006645,2025-01-27,C0498,P0049,E023,5,0.1,UPI,Delivered
O006716,2025-01-27,C0339,P0061,E021,4,0.05,Credit Card,Delivered
O007975,2025-01-27,C0848,P0097,E001,3,0.0,Credit Card,Delivered
O008097,2025-01-27,C0696,P0085,E021,1,0.05,Credit Card,Delivered
O008809,2025-01-27,C0907,P0044,E025,2,0.02,Cash on Delivery,Delivered
O001996,2025-01-28,C0781,P0119,E014,4,0.0,UPI,Cancelled
O002632,2025-01-28,C0162,P0017,E010,1,0.0,UPI,Delivered
O003507,2025-01-28,C0036,P0071,E024,6,0.0,Debit Card,Delivered
O003550,2025-01-28,C0748,P0158,E039,1,0.0,Cash on Delivery,Delivered
O006235,2025-01-28,C0907,P0191,E012,3,0.05,Net Banking,Delivered
O007446,2025-01-28,C0700,P0034,E012,2,0.05,Net Banking,Shipped
O008598,2025-01-28,C0324,P0178,E015,8,0.05,Debit Card,Delivered
O008617,2025-01-28,C0941,P0095,E002,3,0.05,Credit Card,Delivered
O008724,2025-01-28,C0639,P0070,E040,1,0.0,Cash on Delivery,Delivered
O008940,2025-01-28,C0445,P0041,E044,3,0.0,Net Banking,Delivered
O009087,2025-01-28,C0007,P0090,E018,2,0.1,Cash on Delivery,Delivered
O001746,2025-01-29,C0645,P0192,E010,1,0.05,Net Banking,Delivered
O003073,2025-01-29,C0412,P0106,E035,2,0.0,UPI,Delivered
O003206,2025-01-29,C0954,P0054,E029,2,0.02,Debit Card,Delivered
O005089,2025-01-29,C0181,P0108,E037,5,0.0,Net Banking,Delivered
O008261,2025-01-29,C0097,P0085,E011,3,0.02,Net Banking,Delivered
O000995,2025-01-30,C0128,P0190,E016,5,0.1,UPI,Delivered
O001081,2025-01-30,C0532,P0108,E045,1,0.0,Net Banking,Delivered
O001621,2025-01-30,C0280,P0191,E036,3,0.05,Cash on Delivery,Delivered
O002051,2025-01-30,C0042,P0145,E046,1,0.02,UPI,Delivered
O004217,2025-01-30,C0374,P0096,E047,1,0.05,Credit Card,Delivered
O004554,2025-01-30,C0029,P0124,E008,1,0.0,Credit Card,Delivered
O004572,2025-01-30,C0419,P0056,E043,10,0.05,Credit Card,Cancelled
O004827,2025-01-30,C0905,P0058,E001,1,0.05,Cash on Delivery,Delivered
O004915,2025-01-30,C0360,P0149,E013,1,0.05,UPI,Delivered
O005512,2025-01-30,C0369,P0076,E032,2,0.05,Cash on Delivery,Delivered
O006103,2025-01-30,C0641,P0063,E037,5,0.0,Cash on Delivery,Returned
O006566,2025-01-30,C0671,P0034,E023,1,0.1,Cash on Delivery,Returned
O007064,2025-01-30,C0361,P0117,E021,6,0.05,Cash on Delivery,Delivered
O007685,2025-01-30,C0926,P0149,E049,1,0.1,UPI,Shipped
O009069,2025-01-30,C0426,P0024,E031,2,0.1,UPI,Delivered
O009743,2025-01-30,C0896,P0115,E020,8,0.05,Debit Card,Delivered
O000774,2025-01-31,C0664,P0032,E007,2,0.15,Credit Card,Cancelled
O001015,2025-01-31,C0334,P0031,E025,2,0.0,Cash on Delivery,Delivered
O002146,2025-01-31,C0514,P0010,E044,3,0.02,Credit Card,Delivered
O003029,2025-01-31,C0438,P0026,E029,1,0.05,UPI,Delivered
O003605,2025-01-31,C0092,P0094,E044,2,0.0,Net Banking,Delivered
O005174,2025-01-31,C0837,P0149,E031,6,0.05,Credit Card,Delivered
O005712,2025-01-31,C0764,P0144,E048,1,0.2,Cash on Delivery,Delivered
O006933,2025-01-31,C0924,P0065,E043,4,0.05,Net Banking,Delivered
O006973,2025-01-31,C0205,P0046,E012,2,0.0,UPI,Delivered
O006974,2025-01-31,C0683,P0088,E001,1,0.05,Credit Card,Shipped
O007955,2025-01-31,C0579,P0169,E036,3,0.0,Credit Card,Delivered
O009095,2025-01-31,C0079,P0133,E025,1,0.1,Cash on Delivery,Delivered
O009983,2025-01-31,C0077,P0033,E023,6,0.05,Credit Card,Delivered
O000217,2025-02-01,C0583,P0185,E047,2,0.1,Cash on Delivery,Returned
O000703,2025-02-01,C0634,P0114,E040,1,0.15,Credit Card,Delivered
O001121,2025-02-01,C0533,P0096,E016,2,0.1,Credit Card,Delivered
O002127,2025-02-01,C0514,P0009,E015,3,0.0,Debit Card,Cancelled
O002582,2025-02-01,C0864,P0123,E019,1,0.05,Debit Card,Delivered
O003637,2025-02-01,C0229,P0127,E045,2,0.0,Cash on Delivery,Cancelled
O005042,2025-02-01,C0973,P0094,E023,1,0.05,UPI,Delivered
O005832,2025-02-01,C0044,P0150,E029,8,0.02,UPI,Delivered
O007287,2025-02-01,C0315,P0019,E001,4,0.05,Credit Card,Delivered
O008505,2025-02-01,C0213,P0115,E036,3,0.0,Debit Card,Delivered
O008706,2025-02-01,C0653,P0084,E048,8,0.0,Debit Card,Delivered
O009157,2025-02-01,C0969,P0160,E032,3,0.05,Credit Card,Delivered
O009180,2025-02-01,C0419,P0172,E024,4,0.0,Credit Card,Delivered
O009456,2025-02-01,C0754,P0104,E045,4,0.0,Debit Card,Delivered
O000361,2025-02-02,C0171,P0065,E043,3,0.05,Cash on Delivery,Delivered
O000610,2025-02-02,C0997,P0036,E041,1,0.0,Cash on Delivery,Delivered
O000859,2025-02-02,C0418,P0200,E038,1,0.0,Debit Card,Delivered
O001259,2025-02-02,C0664,P0018,E008,5,0.0,Net Banking,Shipped
O002568,2025-02-02,C0996,P0138,E015,1,0.02,Debit Card,Delivered
O003179,2025-02-02,C0778,P0078,E027,3,0.0,Debit Card,Delivered
O003622,2025-02-02,C0201,P0036,E021,4,0.0,Net Banking,Delivered
O004389,2025-02-02,C0956,P0146,E031,8,0.02,UPI,Delivered
O004854,2025-02-02,C0954,P0130,E048,3,0.2,Credit Card,Delivered
O005060,2025-02-02,C0907,P0022,E045,5,0.05,Net Banking,Returned
O005633,2025-02-02,C0366,P0143,E031,3,0.0,Net Banking,Delivered
O008715,2025-02-02,C0434,P0162,E003,1,0.0,Debit Card,Delivered
O008765,2025-02-02,C0705,P0047,E030,2,0.1,Net Banking,Delivered
O009846,2025-02-02,C0630,P0108,E002,1,0.2,Credit Card,Delivered
O000445,2025-02-03,C0698,P0190,E023,2,0.0,UPI,Delivered
O001256,2025-02-03,C0384,P0160,E014,3,0.02,Credit Card,Delivered
O001363,2025-02-03,C0916,P0109,E021,4,0.02,Debit Card,Delivered
O001750,2025-02-03,C0648,P0036,E022,2,0.02,Cash on Delivery,Delivered
O003684,2025-02-03,C0748,P0106,E050,2,0.05,UPI,Delivered
O004085,2025-02-03,C0583,P0082,E031,2,0.05,Cash on Delivery,Delivered
O005057,2025-02-03,C0166,P0020,E030,1,0.15,UPI,Delivered
O007713,2025-02-03,C0745,P0165,E001,1,0.02,Credit Card,Delivered
O008027,2025-02-03,C0448,P0011,E040,3,0.02,Net Banking,Cancelled
O008032,2025-02-03,C0218,P0075,E050,1,0.05,UPI,Delivered
O008896,2025-02-03,C0661,P0059,E020,1,0.0,Debit Card,Delivered
O009146,2025-02-03,C0713,P0061,E036,1,0.0,Net Banking,Delivered
O009446,2025-02-03,C0848,P0192,E003,1,0.05,Net Banking,Shipped
O000644,2025-02-04,C0268,P0035,E016,1,0.05,UPI,Shipped
O001525,2025-02-04,C0620,P0012,E028,1,0.1,Net Banking,Returned
O001620,2025-02-04,C0899,P0017,E032,2,0.15,UPI,Delivered
O001918,2025-02-04,C0206,P0023,E039,3,0.05,UPI,Delivered
O003258,2025-02-04,C0990,P0054,E004,1,0.0,Cash on Delivery,Delivered
O003810,2025-02-04,C0486,P0025,E046,1,0.0,UPI,Delivered
O004442,2025-02-04,C0069,P0185,E011,1,0.1,Debit Card,Delivered
O005701,2025-02-04,C0203,P0025,E034,2,0.0,Cash on Delivery,Delivered
O006480,2025-02-04,C0376,P0062,E025,6,0.05,Debit Card,Delivered
O007696,2025-02-04,C0914,P0196,E004,4,0.0,Net Banking,Delivered
O008832,2025-02-04,C0312,P0046,E025,1,0.0,UPI,Delivered
O009798,2025-02-04,C0618,P0024,E047,2,0.0,Credit Card,Delivered
O000380,2025-02-05,C0891,P0154,E015,4,0.1,Debit Card,Delivered
O000650,2025-02-05,C0821,P0183,E010,1,0.05,UPI,Delivered
O002074,2025-02-05,C0933,P0157,E037,1,0.0,Debit Card,Delivered
O002627,2025-02-05,C0500,P0050,E047,6,0.2,UPI,Delivered
O003058,2025-02-05,C0224,P0059,E022,1,0.0,UPI,Delivered
O003171,2025-02-05,C0438,P0109,E016,8,0.05,Debit Card,Delivered
O003726,2025-02-05,C0096,P0065,E009,10,0.1,Cash on Delivery,Returned
O003741,2025-02-05,C0767,P0035,E003,1,0.0,Credit Card,Delivered
O004215,2025-02-05,C0180,P0004,E011,3,0.2,Debit Card,Delivered
O005363,2025-02-05,C0670,P0067,E005,2,0.1,Credit Card,Delivered
O005620,2025-02-05,C0549,P0136,E040,2,0.05,Cash on Delivery,Returned
O005877,2025-02-05,C0962,P0046,E006,1,0.02,Net Banking,Shipped
O007614,2025-02-05,C0671,P0030,E033,3,0.05,UPI,Delivered
O009158,2025-02-05,C0589,P0033,E013,2,0.05,Credit Card,Shipped
O009503,2025-02-05,C0528,P0195,E040,3,0.02,UPI,Shipped
O009629,2025-02-05,C0611,P0086,E038,2,0.0,UPI,Delivered
O000009,2025-02-06,C0940,P0124,E005,1,0.0,Debit Card,Delivered
O000785,2025-02-06,C0273,P0127,E034,2,0.0,UPI,Delivered
O002438,2025-02-06,C0162,P0148,E006,1,0.0,Cash on Delivery,Delivered
O002960,2025-02-06,C0646,P0124,E006,2,0.05,UPI,Shipped
O003057,2025-02-06,C0772,P0165,E015,1,0.05,Cash on Delivery,Delivered
O005498,2025-02-06,C0491,P0077,E012,2,0.05,UPI,Delivered
O006662,2025-02-06,C0486,P0145,E033,1,0.05,Net Banking,Delivered
O007527,2025-02-06,C0657,P0189,E050,1,0.2,Credit Card,Delivered
O008915,2025-02-06,C0228,P0110,E011,1,0.0,UPI,Delivered
O000648,2025-02-07,C0551,P0112,E022,4,0.15,UPI,Delivered
O000974,2025-02-07,C0023,P0055,E005,4,0.1,Debit Card,Shipped
O001548,2025-02-07,C0433,P0018,E007,2,0.0,Cash on Delivery,Cancelled
O003521,2025-02-07,C0980,P0097,E025,2,0.05,Credit Card,Delivered
O003710,2025-02-07,C0434,P0021,E008,2,0.0,Debit Card,Delivered
O003852,2025-02-07,C0414,P0026,E036,2,0.0,UPI,Delivered
O003855,2025-02-07,C0359,P0044,E030,1,0.05,UPI,Delivered
O004140,2025-02-07,C0186,P0189,E019,2,0.0,UPI,Delivered
O006290,2025-02-07,C0162,P0090,E009,2,0.0,Credit Card,Delivered
O007003,2025-02-07,C0992,P0009,E043,4,0.05,Debit Card,Delivered
O007283,2025-02-07,C0361,P0150,E001,4,0.0,Net Banking,Delivered
O008396,2025-02-07,C0578,P0130,E027,1,0.02,Cash on Delivery,Shipped
O008741,2025-02-07,C0144,P0133,E012,1,0.0,UPI,Delivered
O009488,2025-02-07,C0474,P0047,E030,3,0.02,Credit Card,Delivered
O009660,2025-02-07,C0668,P0072,E015,3,0.02,Net Banking,Delivered
O000493,2025-02-08,C0438,P0136,E036,3,0.1,Credit Card,Delivered
O000806,2025-02-08,C0329,P0168,E012,1,0.02,UPI,Delivered
O002209,2025-02-08,C0054,P0171,E016,2,0.0,UPI,Delivered
O002408,2025-02-08,C0803,P0184,E029,2,0.1,UPI,Delivered
O002956,2025-02-08,C0847,P0154,E026,3,0.05,Debit Card,Shipped
O004374,2025-02-08,C0020,P0020,E021,1,0.0,Cash on Delivery,Delivered
O004722,2025-02-08,C0002,P0013,E010,3,0.0,Net Banking,Delivered
O004940,2025-02-08,C0468,P0144,E022,1,0.0,UPI,Delivered
O005027,2025-02-08,C0086,P0076,E033,5,0.05,UPI,Delivered
O005078,2025-02-08,C0308,P0181,E047,3,0.2,UPI,Delivered
O007105,2025-02-08,C0508,P0020,E015,5,0.2,Net Banking,Delivered
O007594,2025-02-08,C0300,P0018,E019,5,0.0,Debit Card,Delivered
O008695,2025-02-08,C0232,P0079,E012,1,0.15,Debit Card,Delivered
O008857,2025-02-08,C0631,P0030,E001,5,0.2,UPI,Delivered
O000210,2025-02-09,C0276,P0106,E041,2,0.02,Credit Card,Delivered
O000510,2025-02-09,C0609,P0121,E001,1,0.1,Credit Card,Delivered
O001719,2025-02-09,C0617,P0129,E047,8,0.05,Net Banking,Delivered
O006820,2025-02-09,C0773,P0171,E013,1,0.0,Cash on Delivery,Delivered
O006909,2025-02-09,C0776,P0197,E022,2,0.05,Credit Card,Delivered
O008891,2025-02-09,C0998,P0001,E025,1,0.1,Cash on Delivery,Delivered
O009836,2025-02-09,C0332,P0046,E036,4,0.1,Debit Card,Delivered
O009948,2025-02-09,C0784,P0031,E021,1,0.02,Debit Card,Delivered
O000660,2025-02-10,C0659,P0179,E026,1,0.0,UPI,Delivered
O005101,2025-02-10,C0233,P0088,E021,1,0.0,Debit Card,Delivered
O006130,2025-02-10,C0033,P0031,E033,1,0.15,Credit Card,Delivered
O006635,2025-02-10,C0617,P0031,E030,2,0.0,UPI,Cancelled
O006727,2025-02-10,C0596,P0154,E033,2,0.0,Debit Card,Delivered
O008067,2025-02-10,C0683,P0120,E040,2,0.05,Net Banking,Returned
O009432,2025-02-10,C0334,P0165,E017,3,0.05,Net Banking,Delivered
O009470,2025-02-10,C0689,P0006,E004,2,0.0,Debit Card,Delivered
O000402,2025-02-11,C0960,P0158,E028,3,0.02,Cash on Delivery,Delivered
O001027,2025-02-11,C0439,P0022,E012,4,0.0,Net Banking,Delivered
O001034,2025-02-11,C0683,P0015,E050,6,0.0,UPI,Delivered
O001067,2025-02-11,C0393,P0200,E006,2,0.05,Debit Card,Delivered
O002563,2025-02-11,C0626,P0136,E022,3,0.1,Credit Card,Delivered
O002965,2025-02-11,C0804,P0151,E001,2,0.0,Debit Card,Returned
O003947,2025-02-11,C0596,P0142,E002,5,0.1,Debit Card,Delivered
O007719,2025-02-11,C0687,P0053,E005,6,0.15,Debit Card,Delivered
O009510,2025-02-11,C0339,P0154,E046,4,0.02,Debit Card,Returned
O001008,2025-02-12,C0913,P0061,E030,1,0.02,UPI,Delivered
O001450,2025-02-12,C0223,P0011,E003,5,0.0,UPI,Returned
O003509,2025-02-12,C0159,P0184,E025,2,0.15,Credit Card,Cancelled
O004127,2025-02-12,C0274,P0140,E002,1,0.1,Credit Card,Delivered
O006455,2025-02-12,C0350,P0192,E019,3,0.02,UPI,Delivered
O006530,2025-02-12,C0421,P0199,E001,1,0.0,Cash on Delivery,Delivered
O007139,2025-02-12,C0558,P0040,E043,1,0.1,Net Banking,Delivered
O007923,2025-02-12,C0094,P0045,E038,3,0.05,Cash on Delivery,Delivered
O008445,2025-02-12,C0964,P0060,E043,4,0.05,Credit Card,Shipped
O009021,2025-02-12,C0230,P0016,E008,4,0.0,Cash on Delivery,Returned
O009352,2025-02-12,C0620,P0029,E021,2,0.02,Credit Card,Delivered
O009960,2025-02-12,C0761,P0074,E031,5,0.0,UPI,Delivered
O000760,2025-02-13,C0854,P0177,E049,10,0.0,UPI,Cancelled
O000899,2025-02-13,C0541,P0147,E038,3,0.0,UPI,Delivered
O001126,2025-02-13,C0341,P0061,E001,4,0.0,Debit Card,Delivered
O001715,2025-02-13,C0466,P0031,E040,2,0.15,Debit Card,Shipped
O003172,2025-02-13,C0326,P0194,E047,2,0.1,Cash on Delivery,Delivered
O005194,2025-02-13,C0020,P0054,E005,5,0.1,Cash on Delivery,Delivered
O006347,2025-02-13,C0004,P0161,E001,1,0.1,UPI,Delivered
O006945,2025-02-13,C0152,P0068,E039,3,0.1,Debit Card,Delivered
O008923,2025-02-13,C0911,P0171,E027,2,0.1,UPI,Delivered
O009256,2025-02-13,C0609,P0072,E040,1,0.02,UPI,Delivered
O009923,2025-02-13,C0509,P0153,E048,2,0.02,Cash on Delivery,Delivered
O000399,2025-02-14,C0694,P0052,E010,2,0.05,Debit Card,Delivered
O001486,2025-02-14,C0956,P0155,E016,3,0.0,Credit Card,Delivered
O001648,2025-02-14,C0759,P0015,E004,3,0.1,UPI,Delivered
O001654,2025-02-14,C0675,P0138,E031,3,0.0,Net Banking,Delivered
O002559,2025-02-14,C0405,P0137,E033,6,0.0,Net Banking,Delivered
O003722,2025-02-14,C0717,P0013,E004,3,0.02,UPI,Delivered
O004759,2025-02-14,C0064,P0089,E038,2,0.2,Debit Card,Delivered
O005084,2025-02-14,C0205,P0023,E019,3,0.0,Net Banking,Delivered
O006582,2025-02-14,C0839,P0101,E017,4,0.2,Cash on Delivery,Shipped
O006963,2025-02-14,C0465,P0114,E044,3,0.2,UPI,Delivered
O007397,2025-02-14,C0500,P0119,E007,2,0.1,Credit Card,Delivered
O007727,2025-02-14,C0158,P0088,E013,2,0.1,UPI,Delivered
O009036,2025-02-14,C0579,P0088,E026,1,0.0,Credit Card,Delivered
O009724,2025-02-14,C0913,P0037,E013,2,0.05,UPI,Delivered
O000740,2025-02-15,C0198,P0073,E036,1,0.0,Credit Card,Delivered
O000962,2025-02-15,C0061,P0007,E050,2,0.2,Debit Card,Delivered
O001413,2025-02-15,C0132,P0183,E041,2,0.0,Debit Card,Shipped
O001803,2025-02-15,C0159,P0039,E048,3,0.0,UPI,Shipped
O002121,2025-02-15,C0994,P0158,E021,5,0.02,Net Banking,Shipped
O002664,2025-02-15,C0399,P0071,E018,1,0.15,UPI,Delivered
O005423,2025-02-15,C0220,P0111,E031,1,0.0,UPI,Delivered
O006823,2025-02-15,C0348,P0134,E042,3,0.05,UPI,Delivered
O007324,2025-02-15,C0435,P0143,E027,2,0.0,Credit Card,Shipped
O008532,2025-02-15,C0418,P0161,E030,10,0.2,UPI,Delivered
O008757,2025-02-15,C0170,P0074,E026,2,0.05,Cash on Delivery,Delivered
O001713,2025-02-16,C0438,P0093,E037,2,0.0,Credit Card,Delivered
O002046,2025-02-16,C0555,P0161,E044,1,0.0,Credit Card,Delivered
O002227,2025-02-16,C0551,P0026,E004,2,0.0,Credit Card,Delivered
O003619,2025-02-16,C0121,P0152,E004,1,0.2,Debit Card,Delivered
O003740,2025-02-16,C0578,P0178,E023,3,0.02,Net Banking,Delivered
O004577,2025-02-16,C0459,P0012,E036,3,0.2,UPI,Returned
O004865,2025-02-16,C0956,P0177,E039,1,0.2,Debit Card,Delivered
O005476,2025-02-16,C0528,P0056,E023,2,0.0,Net Banking,Delivered
O006178,2025-02-16,C0562,P0166,E017,2,0.0,UPI,Delivered
O007532,2025-02-16,C0773,P0161,E048,1,0.1,Credit Card,Delivered
O007775,2025-02-16,C0200,P0142,E027,2,0.0,Credit Card,Delivered
O008523,2025-02-16,C0867,P0189,E016,1,0.0,Net Banking,Delivered
O008529,2025-02-16,C0069,P0003,E033,2,0.02,Debit Card,Shipped
O008575,2025-02-16,C0001,P0018,E043,6,0.0,Net Banking,Cancelled
O000769,2025-02-17,C0055,P0050,E044,5,0.1,Net Banking,Delivered
O001430,2025-02-17,C0484,P0095,E029,2,0.0,Credit Card,Delivered
O001810,2025-02-17,C0587,P0037,E038,6,0.0,Credit Card,Delivered
O003764,2025-02-17,C0017,P0186,E034,2,0.0,Net Banking,Shipped
O003971,2025-02-17,C0865,P0109,E006,3,0.2,UPI,Delivered
O006199,2025-02-17,C0369,P0048,E019,1,0.1,Credit Card,Delivered
O007611,2025-02-17,C0594,P0184,E011,1,0.05,Cash on Delivery,Delivered
O007812,2025-02-17,C0150,P0143,E030,2,0.1,Debit Card,Delivered
O008866,2025-02-17,C0832,P0001,E050,2,0.05,UPI,Delivered
O009151,2025-02-17,C0308,P0111,E046,1,0.05,Net Banking,Delivered
O009288,2025-02-17,C0170,P0020,E044,3,0.1,Credit Card,Shipped
O000055,2025-02-18,C0873,P0071,E015,10,0.02,UPI,Delivered
O001207,2025-02-18,C0710,P0035,E050,1,0.05,Credit Card,Delivered
O002519,2025-02-18,C0399,P0188,E011,1,0.1,UPI,Shipped
O003037,2025-02-18,C0010,P0048,E001,4,0.05,UPI,Delivered
O003255,2025-02-18,C0932,P0071,E042,4,0.05,Net Banking,Delivered
O003428,2025-02-18,C0852,P0020,E026,4,0.1,Credit Card,Delivered
O003480,2025-02-18,C0168,P0135,E045,2,0.05,Credit Card,Delivered
O004349,2025-02-18,C0960,P0155,E029,1,0.05,UPI,Delivered
O006419,2025-02-18,C0784,P0042,E047,1,0.0,Cash on Delivery,Delivered
O007873,2025-02-18,C0911,P0102,E007,6,0.0,UPI,Delivered
O008849,2025-02-18,C0069,P0052,E011,1,0.0,UPI,Delivered
O008911,2025-02-18,C0697,P0087,E018,4,0.02,UPI,Delivered
O002079,2025-02-19,C0583,P0040,E001,1,0.0,Credit Card,Delivered
O003776,2025-02-19,C0769,P0096,E043,4,0.02,UPI,Delivered
O003780,2025-02-19,C0899,P0050,E018,1,0.02,UPI,Delivered
O003841,2025-02-19,C0998,P0090,E010,1,0.05,Debit Card,Delivered
O003955,2025-02-19,C0505,P0041,E025,2,0.0,Net Banking,Delivered
O004156,2025-02-19,C0673,P0190,E042,1,0.1,Cash on Delivery,Delivered
O004429,2025-02-19,C0117,P0069,E038,3,0.1,Cash on Delivery,Delivered
O004489,2025-02-19,C0606,P0070,E028,3,0.1,Net Banking,Delivered
O004560,2025-02-19,C0585,P0166,E032,3,0.05,Net Banking,Delivered
O005751,2025-02-19,C0460,P0073,E019,6,0.15,Debit Card,Delivered
O006150,2025-02-19,C0911,P0034,E026,6,0.0,Credit Card,Delivered
O007156,2025-02-19,C0366,P0032,E009,1,0.0,Credit Card,Delivered
O007918,2025-02-19,C0564,P0007,E035,3,0.05,Net Banking,Cancelled
O009092,2025-02-19,C0008,P0178,E038,2,0.05,Credit Card,Delivered
O009544,2025-02-19,C0996,P0065,E002,4,0.0,Credit Card,Shipped
O009571,2025-02-19,C0361,P0134,E039,2,0.15,UPI,Delivered
O009749,2025-02-19,C0518,P0191,E033,3,0.0,Net Banking,Cancelled
O001164,2025-02-20,C0872,P0109,E015,1,0.15,Debit Card,Delivered
O001294,2025-02-20,C0884,P0038,E005,8,0.0,Debit Card,Delivered
O002421,2025-02-20,C0658,P0022,E048,2,0.05,UPI,Cancelled
O002743,2025-02-20,C0268,P0122,E012,8,0.0,Cash on Delivery,Cancelled
O005449,2025-02-20,C0987,P0013,E027,2,0.05,Credit Card,Delivered
O007513,2025-02-20,C0319,P0184,E015,1,0.1,Net Banking,Delivered
O008527,2025-02-20,C0748,P0064,E026,1,0.15,Cash on Delivery,Delivered
O002535,2025-02-21,C0540,P0167,E025,2,0.0,Debit Card,Delivered
O006118,2025-02-21,C0234,P0192,E039,5,0.05,Credit Card,Delivered
O007135,2025-02-21,C0648,P0122,E008,1,0.1,UPI,Delivered
O007386,2025-02-21,C0622,P0126,E040,3,0.05,Net Banking,Delivered
O008539,2025-02-21,C0325,P0188,E048,3,0.0,Debit Card,Delivered
O008609,2025-02-21,C0357,P0070,E016,5,0.1,Debit Card,Delivered
O001454,2025-02-22,C0890,P0162,E038,4,0.0,UPI,Shipped
O003308,2025-02-22,C0964,P0027,E043,8,0.15,UPI,Delivered
O004260,2025-02-22,C0291,P0055,E038,4,0.2,Cash on Delivery,Delivered
O009999,2025-02-22,C0168,P0119,E044,3,0.0,Credit Card,Delivered
O000580,2025-02-23,C0675,P0057,E023,5,0.0,Credit Card,Delivered
O000742,2025-02-23,C0637,P0060,E049,2,0.05,Net Banking,Delivered
O003801,2025-02-23,C0611,P0169,E013,1,0.15,Credit Card,Delivered
O004435,2025-02-23,C0107,P0104,E004,3,0.0,Cash on Delivery,Delivered
O004493,2025-02-23,C0232,P0152,E043,3,0.0,Credit Card,Delivered
O007301,2025-02-23,C0419,P0146,E013,3,0.0,Credit Card,Delivered
O009604,2025-02-23,C0650,P0066,E009,1,0.0,Credit Card,Shipped
O000017,2025-02-24,C0904,P0056,E011,5,0.0,UPI,Delivered
O000335,2025-02-24,C0342,P0047,E022,1,0.1,Credit Card,Delivered
O003133,2025-02-24,C0591,P0141,E005,10,0.05,Credit Card,Delivered
O003283,2025-02-24,C0088,P0142,E014,4,0.15,Credit Card,Delivered
O007433,2025-02-24,C0459,P0031,E036,1,0.05,Credit Card,Delivered
O007559,2025-02-24,C0976,P0032,E037,2,0.0,Net Banking,Cancelled
O008218,2025-02-24,C0450,P0050,E013,3,0.0,Credit Card,Returned
O009843,2025-02-24,C0052,P0056,E039,1,0.02,UPI,Shipped
O000915,2025-02-25,C0259,P0071,E035,5,0.05,Credit Card,Returned
O002661,2025-02-25,C0206,P0124,E036,1,0.02,Net Banking,Shipped
O003251,2025-02-25,C0958,P0057,E009,1,0.0,Net Banking,Delivered
O003963,2025-02-25,C0824,P0194,E022,1,0.0,UPI,Delivered
O005167,2025-02-25,C0671,P0199,E015,3,0.0,Cash on Delivery,Delivered
O006706,2025-02-25,C0781,P0017,E028,4,0.0,Credit Card,Cancelled
O006865,2025-02-25,C0480,P0071,E050,2,0.2,UPI,Delivered
O007024,2025-02-25,C0399,P0053,E013,8,0.05,Cash on Delivery,Delivered
O008292,2025-02-25,C0537,P0179,E038,4,0.0,Debit Card,Delivered
O008751,2025-02-25,C0561,P0030,E004,2,0.1,Credit Card,Delivered
O009255,2025-02-25,C0725,P0191,E042,5,0.0,UPI,Delivered
O000097,2025-02-26,C0129,P0092,E014,4,0.0,Credit Card,Delivered
O002814,2025-02-26,C0450,P0008,E007,8,0.0,Net Banking,Delivered
O004199,2025-02-26,C0598,P0132,E013,1,0.0,UPI,Shipped
O004698,2025-02-26,C0698,P0123,E009,4,0.1,Credit Card,Delivered
O005086,2025-02-26,C0720,P0069,E033,2,0.05,UPI,Delivered
O005242,2025-02-26,C0288,P0125,E042,2,0.0,Net Banking,Returned
O005854,2025-02-26,C0869,P0094,E011,1,0.1,Credit Card,Delivered
O007682,2025-02-26,C0117,P0077,E010,1,0.02,Cash on Delivery,Delivered
O008411,2025-02-26,C0101,P0063,E002,1,0.15,Debit Card,Cancelled
O008981,2025-02-26,C0187,P0174,E049,1,0.05,Debit Card,Delivered
O000823,2025-02-27,C0693,P0016,E027,1,0.1,Net Banking,Delivered
O001344,2025-02-27,C0064,P0055,E006,2,0.0,Net Banking,Delivered
O001370,2025-02-27,C0189,P0118,E050,6,0.0,Net Banking,Delivered
O001740,2025-02-27,C0276,P0002,E019,5,0.05,Net Banking,Delivered
O002624,2025-02-27,C0201,P0007,E046,6,0.0,UPI,Delivered
O003853,2025-02-27,C0099,P0127,E033,1,0.15,Net Banking,Delivered
O004448,2025-02-27,C0312,P0017,E048,4,0.05,Net Banking,Delivered
O005256,2025-02-27,C0764,P0142,E042,1,0.05,Debit Card,Delivered
O005669,2025-02-27,C0641,P0088,E042,1,0.15,UPI,Delivered
O006198,2025-02-27,C0149,P0066,E017,1,0.05,UPI,Delivered
O006322,2025-02-27,C0453,P0101,E036,3,0.1,UPI,Delivered
O006516,2025-02-27,C0382,P0092,E019,3,0.1,Cash on Delivery,Cancelled
O007948,2025-02-27,C0465,P0126,E002,4,0.0,UPI,Delivered
O009001,2025-02-27,C0298,P0121,E024,2,0.02,UPI,Delivered
O009421,2025-02-27,C0744,P0197,E044,2,0.05,Credit Card,Delivered
O009649,2025-02-27,C0938,P0184,E019,5,0.0,Cash on Delivery,Delivered
O000827,2025-02-28,C0800,P0073,E010,8,0.0,Credit Card,Delivered
O000961,2025-02-28,C0957,P0118,E015,3,0.0,Cash on Delivery,Cancelled
O001134,2025-02-28,C0644,P0145,E002,2,0.0,Net Banking,Delivered
O002562,2025-02-28,C0497,P0022,E019,2,0.05,Cash on Delivery,Cancelled
O008224,2025-02-28,C0232,P0138,E047,1,0.0,Credit Card,Delivered
O008538,2025-02-28,C0248,P0116,E045,3,0.0,Credit Card,Delivered
O009284,2025-02-28,C0258,P0120,E023,8,0.0,Credit Card,Delivered
O000614,2025-03-01,C0399,P0082,E031,2,0.02,Debit Card,Shipped
O001571,2025-03-01,C0733,P0088,E015,2,0.0,Credit Card,Delivered
O001682,2025-03-01,C0106,P0048,E013,2,0.0,Credit Card,Shipped
O002617,2025-03-01,C0596,P0068,E039,1,0.05,Cash on Delivery,Returned
O003632,2025-03-01,C0793,P0111,E023,2,0.05,UPI,Delivered
O003666,2025-03-01,C0054,P0193,E044,2,0.05,Credit Card,Delivered
O006596,2025-03-01,C0194,P0148,E016,2,0.05,Net Banking,Delivered
O008501,2025-03-01,C0747,P0099,E010,4,0.1,UPI,Delivered
O009719,2025-03-01,C0096,P0037,E021,6,0.0,Debit Card,Delivered
O000758,2025-03-02,C0533,P0074,E044,4,0.1,UPI,Delivered
O000988,2025-03-02,C0551,P0148,E027,1,0.1,UPI,Returned
O001422,2025-03-02,C0222,P0035,E034,2,0.05,Net Banking,Delivered
O002455,2025-03-02,C0135,P0069,E010,4,0.02,UPI,Delivered
O002912,2025-03-02,C0211,P0114,E043,1,0.1,Net Banking,Delivered
O004498,2025-03-02,C0366,P0014,E010,4,0.2,Credit Card,Delivered
O004889,2025-03-02,C0741,P0197,E040,1,0.02,Net Banking,Delivered
O005165,2025-03-02,C0715,P0144,E031,4,0.05,Net Banking,Cancelled
O006397,2025-03-02,C0357,P0163,E018,2,0.0,UPI,Delivered
O007830,2025-03-02,C0514,P0142,E045,1,0.0,Credit Card,Delivered
O008817,2025-03-02,C0872,P0030,E024,6,0.02,Cash on Delivery,Delivered
O000382,2025-03-03,C0042,P0017,E022,3,0.1,Credit Card,Shipped
O000830,2025-03-03,C0633,P0077,E041,3,0.1,Credit Card,Delivered
O001874,2025-03-03,C0211,P0182,E020,4,0.05,Net Banking,Delivered
O003997,2025-03-03,C0101,P0078,E002,2,0.15,UPI,Delivered
O004265,2025-03-03,C0426,P0046,E008,2,0.2,Cash on Delivery,Delivered
O004505,2025-03-03,C0685,P0192,E004,8,0.05,UPI,Cancelled
O004913,2025-03-03,C0634,P0155,E028,1,0.0,Debit Card,Delivered
O009339,2025-03-03,C0397,P0008,E006,1,0.05,Debit Card,Shipped
O002312,2025-03-04,C0027,P0023,E025,2,0.2,Debit Card,Delivered
O003545,2025-03-04,C0147,P0134,E050,1,0.02,UPI,Cancelled
O003819,2025-03-04,C0561,P0073,E006,2,0.0,Debit Card,Shipped
O003873,2025-03-04,C0395,P0180,E049,2,0.05,Cash on Delivery,Returned
O004063,2025-03-04,C0992,P0115,E011,1,0.0,Credit Card,Delivered
O005647,2025-03-04,C0187,P0199,E044,2,0.05,Net Banking,Delivered
O006661,2025-03-04,C0956,P0083,E018,6,0.05,UPI,Delivered
O007168,2025-03-04,C0176,P0162,E017,1,0.0,Debit Card,Delivered
O007427,2025-03-04,C0939,P0005,E030,1,0.05,Net Banking,Delivered
O007457,2025-03-04,C0759,P0189,E014,5,0.02,Net Banking,Delivered
O008321,2025-03-04,C0617,P0103,E037,2,0.02,Credit Card,Shipped
O008427,2025-03-04,C0700,P0134,E049,3,0.1,Credit Card,Delivered
O000204,2025-03-05,C0206,P0009,E034,3,0.0,UPI,Delivered
O000302,2025-03-05,C0427,P0187,E027,3,0.15,UPI,Delivered
O000364,2025-03-05,C0577,P0177,E024,1,0.02,Net Banking,Delivered
O001117,2025-03-05,C0477,P0187,E035,2,0.0,Credit Card,Delivered
O001798,2025-03-05,C0805,P0031,E024,1,0.05,Net Banking,Shipped
O002367,2025-03-05,C0884,P0172,E050,4,0.0,UPI,Delivered
O003093,2025-03-05,C0655,P0039,E014,3,0.0,UPI,Delivered
O003940,2025-03-05,C0856,P0029,E039,10,0.2,Net Banking,Delivered
O005436,2025-03-05,C0953,P0136,E045,10,0.02,Cash on Delivery,Delivered
O005461,2025-03-05,C0283,P0076,E038,2,0.0,UPI,Returned
O005803,2025-03-05,C0062,P0007,E035,4,0.1,Debit Card,Delivered
O007313,2025-03-05,C0054,P0009,E028,4,0.2,Net Banking,Delivered
O007958,2025-03-05,C0603,P0178,E042,1,0.05,UPI,Delivered
O009492,2025-03-05,C0381,P0120,E033,1,0.02,UPI,Delivered
O001690,2025-03-06,C0725,P0133,E040,5,0.0,UPI,Delivered
O002387,2025-03-06,C0339,P0032,E025,8,0.0,Cash on Delivery,Delivered
O002902,2025-03-06,C0794,P0163,E030,2,0.0,Net Banking,Delivered
O003739,2025-03-06,C0513,P0020,E030,1,0.05,Net Banking,Cancelled
O003987,2025-03-06,C0875,P0050,E033,2,0.05,Net Banking,Delivered
O004369,2025-03-06,C0339,P0078,E042,10,0.0,Credit Card,Delivered
O005255,2025-03-06,C0879,P0139,E049,1,0.02,Debit Card,Returned
O005488,2025-03-06,C0884,P0113,E045,1,0.0,Net Banking,Shipped
O005634,2025-03-06,C0634,P0151,E005,2,0.0,Credit Card,Delivered
O007483,2025-03-06,C0094,P0158,E020,3,0.05,Cash on Delivery,Delivered
O009618,2025-03-06,C0964,P0128,E033,3,0.0,Net Banking,Delivered
O009725,2025-03-06,C0771,P0106,E021,1,0.02,UPI,Delivered
O000206,2025-03-07,C0060,P0048,E020,1,0.1,UPI,Delivered
O001041,2025-03-07,C0514,P0175,E012,6,0.0,Credit Card,Delivered
O001660,2025-03-07,C0260,P0104,E023,1,0.05,Credit Card,Returned
O003784,2025-03-07,C0238,P0097,E024,1,0.05,Debit Card,Delivered
O004388,2025-03-07,C0520,P0083,E012,1,0.0,Cash on Delivery,Delivered
O004697,2025-03-07,C0552,P0125,E047,2,0.05,Debit Card,Shipped
O007600,2025-03-07,C0198,P0076,E044,8,0.05,UPI,Delivered
O007849,2025-03-07,C0992,P0077,E041,1,0.1,Cash on Delivery,Delivered
O009061,2025-03-07,C0913,P0176,E023,4,0.0,UPI,Returned
O001277,2025-03-08,C0605,P0147,E050,1,0.0,Debit Card,Delivered
O001679,2025-03-08,C0446,P0093,E024,2,0.02,UPI,Delivered
O001710,2025-03-08,C0418,P0061,E007,5,0.0,Credit Card,Delivered
O002556,2025-03-08,C0664,P0013,E034,2,0.0,Debit Card,Delivered
O002938,2025-03-08,C0999,P0092,E002,1,0.0,UPI,Delivered
O004083,2025-03-08,C0802,P0147,E040,1,0.05,Cash on Delivery,Cancelled
O004886,2025-03-08,C0001,P0125,E041,4,0.1,Debit Card,Delivered
O007615,2025-03-08,C0372,P0145,E043,3,0.05,UPI,Delivered
O007783,2025-03-08,C0814,P0167,E001,3,0.1,UPI,Delivered
O008131,2025-03-08,C0609,P0048,E025,1,0.05,Credit Card,Delivered
O009663,2025-03-08,C0486,P0158,E022,1,0.05,Net Banking,Delivered
O000636,2025-03-09,C0853,P0009,E009,2,0.0,Credit Card,Delivered
O000698,2025-03-09,C0167,P0098,E031,3,0.0,UPI,Delivered
O000977,2025-03-09,C0910,P0076,E035,1,0.0,Cash on Delivery,Delivered
O001093,2025-03-09,C0867,P0070,E024,1,0.0,Credit Card,Delivered
O005431,2025-03-09,C0818,P0049,E012,5,0.1,Credit Card,Delivered
O008222,2025-03-09,C0088,P0106,E034,1,0.0,UPI,Cancelled
O000761,2025-03-10,C0964,P0019,E028,1,0.0,Net Banking,Delivered
O000867,2025-03-10,C0801,P0052,E044,2,0.0,UPI,Delivered
O003248,2025-03-10,C0374,P0096,E001,8,0.05,Net Banking,Delivered
O004049,2025-03-10,C0844,P0080,E008,1,0.05,UPI,Cancelled
O005598,2025-03-10,C0293,P0117,E018,1,0.05,UPI,Delivered
O005741,2025-03-10,C0655,P0100,E028,2,0.15,Net Banking,Delivered
O007373,2025-03-10,C0693,P0109,E014,4,0.2,UPI,Delivered
O007657,2025-03-10,C0563,P0093,E035,1,0.0,Credit Card,Delivered
O009963,2025-03-10,C0875,P0119,E044,5,0.0,Credit Card,Cancelled
O000373,2025-03-11,C0658,P0105,E021,4,0.1,Cash on Delivery,Delivered
O000842,2025-03-11,C0168,P0146,E031,2,0.0,Cash on Delivery,Delivered
O002452,2025-03-11,C0317,P0174,E032,1,0.15,Debit Card,Delivered
O003138,2025-03-11,C0448,P0111,E031,1,0.05,UPI,Delivered
O003346,2025-03-11,C0223,P0052,E029,8,0.0,Cash on Delivery,Delivered
O003381,2025-03-11,C0348,P0055,E038,4,0.0,UPI,Delivered
O005509,2025-03-11,C0263,P0104,E045,1,0.0,UPI,Delivered
O005569,2025-03-11,C0634,P0009,E006,4,0.05,Credit Card,Returned
O006365,2025-03-11,C0665,P0083,E033,10,0.0,UPI,Delivered
O006494,2025-03-11,C0360,P0026,E013,4,0.05,Cash on Delivery,Delivered
O006614,2025-03-11,C0745,P0074,E026,4,0.15,Debit Card,Delivered
O007317,2025-03-11,C0992,P0090,E018,5,0.0,Net Banking,Shipped
O001060,2025-03-12,C0021,P0035,E040,1,0.02,Net Banking,Shipped
O001769,2025-03-12,C0299,P0050,E006,1,0.05,Net Banking,Delivered
O001947,2025-03-12,C0892,P0184,E046,2,0.05,Cash on Delivery,Delivered
O002571,2025-03-12,C0622,P0109,E042,1,0.02,UPI,Delivered
O002785,2025-03-12,C0745,P0177,E029,1,0.2,Debit Card,Delivered
O003716,2025-03-12,C0812,P0076,E039,3,0.05,UPI,Delivered
O004478,2025-03-12,C0806,P0127,E018,1,0.0,Debit Card,Cancelled
O006370,2025-03-12,C0562,P0123,E024,4,0.02,Cash on Delivery,Delivered
O006593,2025-03-12,C0518,P0087,E036,3,0.15,Credit Card,Delivered
O008159,2025-03-12,C0317,P0105,E024,4,0.0,Debit Card,Delivered
O009441,2025-03-12,C0186,P0055,E010,1,0.1,Credit Card,Delivered
O000341,2025-03-13,C0346,P0082,E047,3,0.0,UPI,Delivered
O000539,2025-03-13,C0121,P0128,E006,2,0.05,UPI,Cancelled
O000587,2025-03-13,C0776,P0176,E016,1,0.0,Credit Card,Delivered
O000805,2025-03-13,C0245,P0020,E046,1,0.05,UPI,Delivered
O001095,2025-03-13,C0400,P0132,E034,4,0.15,Credit Card,Delivered
O002029,2025-03-13,C0733,P0037,E047,2,0.0,UPI,Delivered
O002147,2025-03-13,C0877,P0173,E036,2,0.05,Net Banking,Cancelled
O002639,2025-03-13,C0404,P0120,E028,4,0.0,Net Banking,Delivered
O004032,2025-03-13,C0563,P0098,E040,2,0.05,Debit Card,Delivered
O004908,2025-03-13,C0658,P0160,E031,4,0.0,Net Banking,Delivered
O006296,2025-03-13,C0281,P0060,E048,3,0.0,Debit Card,Delivered
O006682,2025-03-13,C0091,P0044,E002,3,0.05,Cash on Delivery,Delivered
O007108,2025-03-13,C0733,P0064,E010,1,0.0,Net Banking,Delivered
O008635,2025-03-13,C0425,P0188,E029,10,0.0,UPI,Delivered
O008761,2025-03-13,C0399,P0066,E019,1,0.2,Cash on Delivery,Delivered
O009153,2025-03-13,C0914,P0007,E028,1,0.0,UPI,Returned
O009772,2025-03-13,C0130,P0025,E041,2,0.05,Debit Card,Delivered
O000110,2025-03-14,C0272,P0172,E033,1,0.0,Net Banking,Delivered
O000967,2025-03-14,C0999,P0129,E018,1,0.1,Credit Card,Delivered
O001264,2025-03-14,C0492,P0052,E001,2,0.1,UPI,Returned
O001373,2025-03-14,C0492,P0124,E036,4,0.02,UPI,Cancelled
O001846,2025-03-14,C0606,P0173,E014,1,0.02,UPI,Delivered
O002007,2025-03-14,C0028,P0092,E011,6,0.02,UPI,Delivered
O002790,2025-03-14,C0526,P0144,E020,1,0.0,Debit Card,Delivered
O004093,2025-03-14,C0054,P0171,E023,6,0.1,Debit Card,Delivered
O006912,2025-03-14,C0931,P0124,E007,1,0.02,Cash on Delivery,Returned
O007062,2025-03-14,C0951,P0135,E021,3,0.05,Credit Card,Delivered
O007207,2025-03-14,C0501,P0021,E049,1,0.1,Debit Card,Delivered
O007694,2025-03-14,C0953,P0118,E004,1,0.0,Credit Card,Delivered
O007981,2025-03-14,C0670,P0001,E039,2,0.0,Cash on Delivery,Returned
O008957,2025-03-14,C0649,P0116,E044,2,0.02,Credit Card,Delivered
O009862,2025-03-14,C0731,P0185,E049,1,0.2,Credit Card,Delivered
O000142,2025-03-15,C0125,P0049,E038,2,0.0,Cash on Delivery,Delivered
O000287,2025-03-15,C0249,P0065,E025,1,0.05,UPI,Delivered
O000391,2025-03-15,C0331,P0110,E025,2,0.0,Debit Card,Delivered
O005695,2025-03-15,C0088,P0196,E024,2,0.0,UPI,Delivered
O006953,2025-03-15,C0991,P0097,E033,1,0.0,UPI,Delivered
O007329,2025-03-15,C0931,P0172,E026,1,0.0,Debit Card,Delivered
O008893,2025-03-15,C0125,P0008,E024,1,0.05,UPI,Delivered
O009331,2025-03-15,C0632,P0130,E004,3,0.0,Debit Card,Delivered
O009812,2025-03-15,C0793,P0062,E027,2,0.1,Net Banking,Delivered
O001158,2025-03-16,C0335,P0169,E028,1,0.15,Debit Card,Delivered
O003335,2025-03-16,C0057,P0131,E047,2,0.02,UPI,Delivered
O005187,2025-03-16,C0852,P0193,E041,2,0.05,Cash on Delivery,Shipped
O006462,2025-03-16,C0217,P0069,E040,1,0.15,Cash on Delivery,Delivered
O007951,2025-03-16,C0016,P0141,E006,4,0.0,UPI,Delivered
O009485,2025-03-16,C0456,P0156,E021,3,0.0,Credit Card,Delivered
O000035,2025-03-17,C0322,P0003,E018,2,0.1,Net Banking,Delivered
O001196,2025-03-17,C0583,P0114,E013,8,0.15,Credit Card,Delivered
O003650,2025-03-17,C0562,P0006,E027,1,0.02,Credit Card,Delivered
O008993,2025-03-17,C0958,P0137,E032,2,0.0,Net Banking,Delivered
O009238,2025-03-17,C0806,P0012,E048,3,0.0,Debit Card,Delivered
O000759,2025-03-18,C0203,P0192,E020,2,0.02,Net Banking,Delivered
O000968,2025-03-18,C0915,P0181,E031,2,0.0,UPI,Cancelled
O001332,2025-03-18,C0433,P0104,E018,2,0.0,Net Banking,Delivered
O003277,2025-03-18,C0323,P0188,E019,4,0.0,Debit Card,Delivered
O003593,2025-03-18,C0660,P0136,E048,1,0.0,UPI,Cancelled
O005723,2025-03-18,C0984,P0198,E004,4,0.15,Credit Card,Delivered
O006171,2025-03-18,C0776,P0166,E033,2,0.05,Credit Card,Delivered
O006701,2025-03-18,C0470,P0145,E012,4,0.02,Cash on Delivery,Returned
O006834,2025-03-18,C0002,P0165,E033,1,0.05,Debit Card,Delivered
O007067,2025-03-18,C0283,P0142,E048,6,0.0,Debit Card,Cancelled
O008307,2025-03-18,C0233,P0143,E049,2,0.0,Net Banking,Delivered
O008856,2025-03-18,C0992,P0167,E032,1,0.1,Cash on Delivery,Delivered
O009468,2025-03-18,C0960,P0128,E005,3,0.0,Net Banking,Delivered
O000021,2025-03-19,C0964,P0019,E024,10,0.02,UPI,Delivered
O000837,2025-03-19,C0977,P0170,E026,1,0.0,UPI,Delivered
O003299,2025-03-19,C0976,P0038,E044,1,0.2,UPI,Cancelled
O006037,2025-03-19,C0497,P0041,E041,4,0.1,Net Banking,Delivered
O006152,2025-03-19,C0079,P0008,E040,2,0.1,Credit Card,Delivered
O006610,2025-03-19,C0065,P0065,E050,2,0.05,Net Banking,Delivered
O006950,2025-03-19,C0324,P0088,E037,10,0.2,Credit Card,Cancelled
O007673,2025-03-19,C0837,P0035,E046,1,0.0,UPI,Delivered
O009694,2025-03-19,C0162,P0014,E002,1,0.02,Credit Card,Returned
O000191,2025-03-20,C0801,P0161,E001,8,0.0,Debit Card,Delivered
O003393,2025-03-20,C0132,P0103,E018,1,0.0,UPI,Delivered
O003635,2025-03-20,C0405,P0144,E020,5,0.0,UPI,Returned
O004079,2025-03-20,C0185,P0153,E025,1,0.0,UPI,Shipped
O005417,2025-03-20,C0697,P0013,E005,2,0.1,Debit Card,Delivered
O006794,2025-03-20,C0552,P0048,E027,1,0.0,Debit Card,Cancelled
O007976,2025-03-20,C0526,P0130,E045,4,0.05,Credit Card,Delivered
O008392,2025-03-20,C0169,P0193,E032,3,0.2,UPI,Shipped
O008688,2025-03-20,C0957,P0181,E037,2,0.05,Net Banking,Delivered
O009010,2025-03-20,C0984,P0152,E028,1,0.05,Credit Card,Shipped
O009134,2025-03-20,C0907,P0144,E023,2,0.0,Credit Card,Delivered
O000047,2025-03-21,C0061,P0171,E002,1,0.05,Net Banking,Delivered
O000533,2025-03-21,C0342,P0145,E038,1,0.0,Credit Card,Delivered
O001020,2025-03-21,C0657,P0169,E017,3,0.05,UPI,Cancelled
O001214,2025-03-21,C0207,P0199,E034,3,0.1,Debit Card,Delivered
O001296,2025-03-21,C0429,P0039,E016,2,0.05,Debit Card,Delivered
O001423,2025-03-21,C0222,P0068,E032,8,0.02,Debit Card,Delivered
O003198,2025-03-21,C0421,P0055,E027,2,0.0,UPI,Delivered
O004862,2025-03-21,C0646,P0035,E017,10,0.1,UPI,Delivered
O005651,2025-03-21,C0387,P0086,E001,8,0.02,Debit Card,Cancelled
O008009,2025-03-21,C0347,P0002,E039,1,0.0,Debit Card,Delivered
O008419,2025-03-21,C0685,P0139,E028,1,0.15,Net Banking,Cancelled
O008983,2025-03-21,C0757,P0049,E033,3,0.0,UPI,Delivered
O009496,2025-03-21,C0507,P0097,E005,2,0.05,Credit Card,Delivered
O000693,2025-03-22,C0995,P0038,E028,1,0.0,Credit Card,Delivered
O006032,2025-03-22,C0372,P0128,E018,6,0.0,UPI,Shipped
O006393,2025-03-22,C0634,P0128,E007,1,0.02,UPI,Delivered
O006401,2025-03-22,C0336,P0047,E003,2,0.0,Net Banking,Delivered
O006551,2025-03-22,C0562,P0063,E049,2,0.05,UPI,Delivered
O008834,2025-03-22,C0497,P0076,E048,3,0.1,Net Banking,Delivered
O008969,2025-03-22,C0725,P0144,E031,2,0.2,Debit Card,Delivered
O009384,2025-03-22,C0897,P0148,E010,1,0.0,Debit Card,Delivered
O009537,2025-03-22,C0170,P0154,E017,2,0.1,Debit Card,Delivered
O002083,2025-03-23,C0355,P0131,E035,1,0.05,Cash on Delivery,Delivered
O003629,2025-03-23,C0135,P0006,E028,1,0.02,Cash on Delivery,Delivered
O005223,2025-03-23,C0088,P0196,E045,8,0.1,Credit Card,Delivered
O006141,2025-03-23,C0655,P0165,E045,6,0.05,UPI,Delivered
O006210,2025-03-23,C0681,P0121,E037,1,0.02,UPI,Cancelled
O006528,2025-03-23,C0015,P0108,E039,4,0.05,Net Banking,Delivered
O008657,2025-03-23,C0725,P0195,E046,1,0.05,UPI,Delivered
O000247,2025-03-24,C0738,P0034,E048,1,0.15,Credit Card,Cancelled
O001680,2025-03-24,C0657,P0174,E013,6,0.05,UPI,Delivered
O001836,2025-03-24,C0858,P0092,E020,1,0.0,UPI,Shipped
O003175,2025-03-24,C0434,P0068,E011,6,0.0,Credit Card,Delivered
O004960,2025-03-24,C0725,P0140,E028,4,0.0,UPI,Delivered
O005341,2025-03-24,C0855,P0099,E021,1,0.02,Debit Card,Returned
O005893,2025-03-24,C0225,P0029,E027,1,0.0,Credit Card,Delivered
O006241,2025-03-24,C0639,P0107,E050,8,0.2,UPI,Delivered
O008602,2025-03-24,C0285,P0122,E016,1,0.05,Net Banking,Delivered
O009202,2025-03-24,C0926,P0120,E008,3,0.05,Credit Card,Shipped
O000151,2025-03-25,C0744,P0189,E037,4,0.1,Debit Card,Delivered
O001636,2025-03-25,C0472,P0100,E028,3,0.0,Net Banking,Delivered
O002683,2025-03-25,C0444,P0056,E040,2,0.0,Credit Card,Delivered
O002859,2025-03-25,C0463,P0083,E006,2,0.02,Net Banking,Delivered
O002908,2025-03-25,C0400,P0136,E002,6,0.05,UPI,Delivered
O002996,2025-03-25,C0281,P0006,E032,1,0.05,Credit Card,Delivered
O003609,2025-03-25,C0362,P0067,E003,1,0.0,Cash on Delivery,Delivered
O006205,2025-03-25,C0698,P0012,E037,4,0.0,Net Banking,Delivered
O006679,2025-03-25,C0992,P0008,E027,3,0.1,UPI,Delivered
O006866,2025-03-25,C0426,P0097,E032,4,0.1,Debit Card,Delivered
O008212,2025-03-25,C0586,P0031,E023,1,0.0,UPI,Delivered
O009856,2025-03-25,C0064,P0175,E039,6,0.05,Net Banking,Delivered
O000052,2025-03-26,C0101,P0198,E015,1,0.1,Credit Card,Delivered
O002110,2025-03-26,C0040,P0200,E032,1,0.0,Net Banking,Delivered
O002212,2025-03-26,C0178,P0145,E035,4,0.1,Cash on Delivery,Delivered
O003329,2025-03-26,C0911,P0078,E044,1,0.2,UPI,Delivered
O003389,2025-03-26,C0382,P0153,E041,2,0.1,Credit Card,Delivered
O003829,2025-03-26,C0105,P0033,E018,2,0.0,Cash on Delivery,Delivered
O004279,2025-03-26,C0594,P0116,E040,1,0.1,Cash on Delivery,Delivered
O005710,2025-03-26,C0859,P0188,E004,2,0.0,Net Banking,Shipped
O005894,2025-03-26,C0977,P0102,E005,1,0.0,Cash on Delivery,Delivered
O006426,2025-03-26,C0664,P0072,E019,1,0.1,Cash on Delivery,Delivered
O006793,2025-03-26,C0789,P0098,E014,4,0.02,Debit Card,Cancelled
O009620,2025-03-26,C0390,P0073,E023,5,0.1,Net Banking,Delivered
O009771,2025-03-26,C0524,P0183,E049,3,0.05,UPI,Delivered
O000075,2025-03-27,C0957,P0108,E007,3,0.0,Net Banking,Shipped
O001470,2025-03-27,C0208,P0036,E025,8,0.0,Debit Card,Delivered
O002037,2025-03-27,C0367,P0176,E041,1,0.1,Net Banking,Delivered
O002494,2025-03-27,C0273,P0151,E031,4,0.0,Debit Card,Delivered
O003022,2025-03-27,C0694,P0142,E048,2,0.1,UPI,Delivered
O003077,2025-03-27,C0340,P0110,E023,4,0.15,Net Banking,Returned
O004296,2025-03-27,C0959,P0019,E024,3,0.0,UPI,Delivered
O004981,2025-03-27,C0920,P0146,E011,1,0.05,UPI,Returned
O005572,2025-03-27,C0471,P0010,E018,3,0.02,Net Banking,Delivered
O005869,2025-03-27,C0001,P0187,E026,3,0.15,Credit Card,Delivered
O007070,2025-03-27,C0708,P0066,E003,4,0.05,UPI,Delivered
O007143,2025-03-27,C0228,P0081,E011,1,0.1,UPI,Shipped
O009119,2025-03-27,C0584,P0198,E015,8,0.05,Debit Card,Delivered
O000525,2025-03-28,C0816,P0176,E005,1,0.05,Credit Card,Delivered
O001695,2025-03-28,C0855,P0043,E039,3,0.15,UPI,Shipped
O001705,2025-03-28,C0931,P0038,E025,1,0.02,Credit Card,Delivered
O001809,2025-03-28,C0789,P0038,E003,1,0.0,Credit Card,Delivered
O002482,2025-03-28,C0087,P0065,E025,2,0.2,Credit Card,Delivered
O003254,2025-03-28,C0283,P0158,E037,2,0.1,Credit Card,Delivered
O006506,2025-03-28,C0069,P0143,E029,2,0.0,Debit Card,Delivered
O001647,2025-03-29,C0696,P0071,E026,4,0.0,UPI,Cancelled
O005768,2025-03-29,C0173,P0193,E014,5,0.0,UPI,Delivered
O006673,2025-03-29,C0704,P0044,E044,2,0.05,Net Banking,Delivered
O008300,2025-03-29,C0818,P0138,E006,2,0.0,Cash on Delivery,Returned
O009348,2025-03-29,C0972,P0098,E042,2,0.1,Credit Card,Delivered
O009678,2025-03-29,C0379,P0092,E004,4,0.0,Cash on Delivery,Delivered
O009761,2025-03-29,C0682,P0133,E038,1,0.0,UPI,Delivered
O000283,2025-03-30,C0424,P0184,E023,5,0.0,Net Banking,Delivered
O000818,2025-03-30,C0787,P0037,E010,4,0.0,Debit Card,Delivered
O002065,2025-03-30,C0111,P0025,E018,1,0.1,UPI,Delivered
O002778,2025-03-30,C0665,P0044,E002,3,0.1,Credit Card,Delivered
O003222,2025-03-30,C0812,P0136,E041,4,0.15,UPI,Delivered
O005473,2025-03-30,C0823,P0132,E012,4,0.05,UPI,Delivered
O006227,2025-03-30,C0953,P0013,E036,4,0.0,Debit Card,Cancelled
O007746,2025-03-30,C0999,P0165,E015,3,0.1,Credit Card,Delivered
O000280,2025-03-31,C0960,P0111,E020,2,0.0,Credit Card,Delivered
O002348,2025-03-31,C0401,P0068,E017,5,0.02,UPI,Shipped
O003908,2025-03-31,C0331,P0002,E018,1,0.1,Net Banking,Delivered
O004008,2025-03-31,C0830,P0142,E046,1,0.05,Debit Card,Delivered
O004793,2025-03-31,C0438,P0072,E038,5,0.0,Cash on Delivery,Delivered
O007995,2025-03-31,C0288,P0022,E007,3,0.0,Credit Card,Delivered
O001257,2025-04-01,C0329,P0021,E038,5,0.0,UPI,Shipped
O002945,2025-04-01,C0392,P0198,E023,1,0.05,Debit Card,Cancelled
O005026,2025-04-01,C0495,P0168,E002,4,0.02,Debit Card,Delivered
O007419,2025-04-01,C0866,P0061,E043,4,0.05,Credit Card,Delivered
O008337,2025-04-01,C0666,P0123,E001,1,0.1,Credit Card,Delivered
O008424,2025-04-01,C0087,P0042,E033,2,0.1,Debit Card,Delivered
O008566,2025-04-01,C0281,P0013,E025,1,0.05,Credit Card,Delivered
O009254,2025-04-01,C0957,P0030,E029,1,0.02,Cash on Delivery,Delivered
O000754,2025-04-02,C0747,P0164,E023,1,0.0,Debit Card,Shipped
O002399,2025-04-02,C0888,P0188,E004,1,0.02,Net Banking,Delivered
O006348,2025-04-02,C0855,P0168,E038,3,0.02,UPI,Delivered
O007492,2025-04-02,C0716,P0061,E049,4,0.1,Credit Card,Delivered
O009014,2025-04-02,C0022,P0046,E009,2,0.0,Net Banking,Shipped
O009654,2025-04-02,C0622,P0040,E034,1,0.0,Credit Card,Cancelled
O009816,2025-04-02,C0276,P0119,E050,1,0.02,Cash on Delivery,Delivered
O009860,2025-04-02,C0693,P0125,E020,5,0.0,Net Banking,Delivered
O000434,2025-04-03,C0702,P0177,E041,2,0.0,Debit Card,Delivered
O000688,2025-04-03,C0818,P0095,E012,2,0.2,Credit Card,Delivered
O001837,2025-04-03,C0332,P0046,E009,2,0.15,Debit Card,Delivered
O004949,2025-04-03,C0755,P0104,E022,8,0.0,Credit Card,Delivered
O005478,2025-04-03,C0099,P0054,E042,1,0.0,Net Banking,Delivered
O006690,2025-04-03,C0560,P0060,E019,3,0.05,Net Banking,Delivered
O007189,2025-04-03,C0362,P0129,E030,2,0.05,UPI,Delivered
O008208,2025-04-03,C0532,P0054,E018,10,0.1,UPI,Returned
O009152,2025-04-03,C0151,P0055,E041,2,0.1,Debit Card,Delivered
O009542,2025-04-03,C0375,P0076,E045,4,0.0,Debit Card,Delivered
O001901,2025-04-04,C0400,P0085,E046,1,0.05,Debit Card,Delivered
O003579,2025-04-04,C0724,P0002,E018,1,0.02,Cash on Delivery,Delivered
O004352,2025-04-04,C0399,P0002,E010,2,0.05,Debit Card,Returned
O004842,2025-04-04,C0643,P0042,E022,4,0.0,Net Banking,Delivered
O006654,2025-04-04,C0021,P0177,E002,5,0.1,Net Banking,Delivered
O007732,2025-04-04,C0957,P0175,E029,4,0.2,UPI,Delivered
O008614,2025-04-04,C0463,P0156,E005,1,0.15,Net Banking,Delivered
O009329,2025-04-04,C0571,P0147,E025,2,0.1,Net Banking,Delivered
O000938,2025-04-05,C0198,P0029,E027,1,0.05,Debit Card,Delivered
O001127,2025-04-05,C0450,P0108,E009,10,0.0,Debit Card,Delivered
O002575,2025-04-05,C0055,P0071,E029,1,0.0,UPI,Delivered
O002976,2025-04-05,C0380,P0019,E005,1,0.0,UPI,Delivered
O004229,2025-04-05,C0872,P0127,E047,2,0.05,UPI,Delivered
O004452,2025-04-05,C0958,P0005,E010,8,0.1,Debit Card,Delivered
O006870,2025-04-05,C0362,P0021,E009,1,0.1,Debit Card,Delivered
O008517,2025-04-05,C0999,P0141,E040,4,0.02,UPI,Delivered
O008708,2025-04-05,C0260,P0060,E018,2,0.1,Cash on Delivery,Delivered
O008924,2025-04-05,C0763,P0104,E024,2,0.1,Net Banking,Shipped
O000723,2025-04-06,C0350,P0197,E016,3,0.02,Credit Card,Delivered
O001573,2025-04-06,C0771,P0098,E005,2,0.05,Debit Card,Delivered
O001946,2025-04-06,C0389,P0028,E002,2,0.2,UPI,Delivered
O002823,2025-04-06,C0901,P0129,E031,1,0.0,Debit Card,Delivered
O003010,2025-04-06,C0111,P0030,E003,1,0.0,UPI,Delivered
O003151,2025-04-06,C0558,P0051,E010,1,0.0,UPI,Delivered
O003200,2025-04-06,C0459,P0194,E034,2,0.0,Debit Card,Delivered
O005692,2025-04-06,C0656,P0079,E013,1,0.05,Credit Card,Delivered
O006306,2025-04-06,C0999,P0156,E028,2,0.0,Net Banking,Delivered
O006837,2025-04-06,C0812,P0183,E034,2,0.02,Cash on Delivery,Delivered
O000764,2025-04-07,C0999,P0028,E021,5,0.02,Debit Card,Delivered
O001206,2025-04-07,C0911,P0197,E026,1,0.1,Credit Card,Delivered
O002637,2025-04-07,C0528,P0014,E044,4,0.2,Credit Card,Delivered
O004245,2025-04-07,C0907,P0116,E019,10,0.0,Cash on Delivery,Delivered
O005616,2025-04-07,C0122,P0110,E047,1,0.0,Debit Card,Returned
O005631,2025-04-07,C0278,P0197,E045,5,0.02,Cash on Delivery,Delivered
O006060,2025-04-07,C0602,P0195,E026,2,0.1,Debit Card,Delivered
O007114,2025-04-07,C0776,P0109,E005,5,0.02,Cash on Delivery,Delivered
O007387,2025-04-07,C0201,P0164,E032,1,0.15,UPI,Delivered
O008401,2025-04-07,C0819,P0193,E027,6,0.05,Net Banking,Delivered
O008565,2025-04-07,C0334,P0105,E005,4,0.1,Debit Card,Cancelled
O000474,2025-04-08,C0020,P0028,E043,2,0.0,UPI,Delivered
O005347,2025-04-08,C0426,P0061,E024,1,0.0,Net Banking,Delivered
O005815,2025-04-08,C0878,P0083,E044,8,0.15,UPI,Cancelled
O006425,2025-04-08,C0481,P0169,E040,2,0.0,UPI,Delivered
O006630,2025-04-08,C0527,P0091,E006,1,0.0,Debit Card,Delivered
O007066,2025-04-08,C0064,P0104,E008,1,0.0,UPI,Delivered
O008141,2025-04-08,C0942,P0042,E048,5,0.0,Net Banking,Delivered
O008283,2025-04-08,C0736,P0026,E038,4,0.1,Credit Card,Delivered
O008287,2025-04-08,C0801,P0035,E045,3,0.05,Net Banking,Delivered
O009253,2025-04-08,C0513,P0099,E033,4,0.02,UPI,Delivered
O000070,2025-04-09,C0675,P0062,E010,3,0.05,Credit Card,Delivered
O000707,2025-04-09,C0960,P0107,E032,2,0.05,UPI,Delivered
O001906,2025-04-09,C0308,P0016,E013,1,0.15,UPI,Delivered
O002688,2025-04-09,C0381,P0161,E009,4,0.05,Credit Card,Delivered
O004376,2025-04-09,C0405,P0070,E038,4,0.05,Credit Card,Delivered
O005744,2025-04-09,C0606,P0124,E050,4,0.0,UPI,Delivered
O007823,2025-04-09,C0732,P0038,E013,2,0.1,Credit Card,Delivered
O008723,2025-04-09,C0528,P0088,E034,5,0.0,Net Banking,Delivered
O009004,2025-04-09,C0088,P0005,E047,4,0.1,Cash on Delivery,Delivered
O001665,2025-04-10,C0166,P0069,E014,4,0.1,Credit Card,Delivered
O001712,2025-04-10,C0586,P0075,E014,2,0.0,UPI,Cancelled
O001962,2025-04-10,C0618,P0083,E041,2,0.05,Debit Card,Delivered
O002184,2025-04-10,C0661,P0175,E011,1,0.02,Net Banking,Cancelled
O004295,2025-04-10,C0533,P0063,E013,2,0.05,Cash on Delivery,Delivered
O004399,2025-04-10,C0926,P0073,E046,2,0.0,Credit Card,Delivered
O005635,2025-04-10,C0421,P0145,E049,6,0.0,Debit Card,Delivered
O005847,2025-04-10,C0801,P0121,E033,2,0.05,Debit Card,Delivered
O006307,2025-04-10,C0603,P0097,E032,1,0.0,Net Banking,Delivered
O006784,2025-04-10,C0148,P0192,E008,1,0.1,UPI,Returned
O007368,2025-04-10,C0691,P0188,E046,3,0.2,Credit Card,Delivered
O007490,2025-04-10,C0244,P0035,E032,4,0.0,Credit Card,Cancelled
O009115,2025-04-10,C0514,P0150,E027,3,0.0,Cash on Delivery,Delivered
O000065,2025-04-11,C0660,P0145,E033,6,0.05,Net Banking,Delivered
O000998,2025-04-11,C0394,P0009,E003,1,0.05,Credit Card,Delivered
O001182,2025-04-11,C0928,P0140,E024,1,0.15,Cash on Delivery,Delivered
O009063,2025-04-11,C0365,P0139,E034,2,0.1,Debit Card,Delivered
O009168,2025-04-11,C0732,P0097,E001,1,0.05,UPI,Delivered
O000779,2025-04-12,C0251,P0052,E046,8,0.0,Credit Card,Shipped
O002487,2025-04-12,C0754,P0040,E013,2,0.2,Credit Card,Shipped
O003561,2025-04-12,C0016,P0006,E043,4,0.02,UPI,Shipped
O006191,2025-04-12,C0235,P0082,E032,1,0.05,Credit Card,Delivered
O006574,2025-04-12,C0683,P0013,E041,2,0.1,UPI,Delivered
O006656,2025-04-12,C0415,P0022,E001,1,0.0,Debit Card,Delivered
O007129,2025-04-12,C0848,P0058,E025,4,0.0,UPI,Delivered
O007956,2025-04-12,C0773,P0123,E010,1,0.0,Net Banking,Delivered
O001697,2025-04-13,C0859,P0185,E001,2,0.0,UPI,Delivered
O002983,2025-04-13,C0244,P0051,E042,2,0.15,Credit Card,Delivered
O003041,2025-04-13,C0507,P0073,E013,4,0.05,Credit Card,Delivered
O003148,2025-04-13,C0323,P0157,E034,1,0.05,Credit Card,Delivered
O003574,2025-04-13,C0754,P0138,E044,2,0.02,Credit Card,Delivered
O003674,2025-04-13,C0623,P0145,E038,2,0.0,Credit Card,Delivered
O004677,2025-04-13,C0332,P0065,E024,3,0.1,Debit Card,Delivered
O005062,2025-04-13,C0551,P0012,E050,6,0.05,Net Banking,Delivered
O007162,2025-04-13,C0771,P0018,E004,3,0.05,Debit Card,Delivered
O007677,2025-04-13,C0710,P0161,E018,2,0.05,Credit Card,Cancelled
O008480,2025-04-13,C0679,P0104,E004,1,0.02,Cash on Delivery,Delivered
O009513,2025-04-13,C0558,P0054,E040,1,0.05,Credit Card,Cancelled
O009550,2025-04-13,C0566,P0068,E034,8,0.0,UPI,Returned
O009794,2025-04-13,C0665,P0069,E010,4,0.02,UPI,Delivered
O000226,2025-04-14,C0364,P0143,E037,3,0.02,Debit Card,Delivered
O000704,2025-04-14,C0587,P0187,E040,3,0.05,Net Banking,Delivered
O005705,2025-04-14,C0617,P0040,E029,2,0.1,UPI,Delivered
O006039,2025-04-14,C0531,P0002,E048,1,0.02,Credit Card,Delivered
O006526,2025-04-14,C0551,P0020,E024,8,0.05,Cash on Delivery,Delivered
O007365,2025-04-14,C0020,P0166,E014,1,0.0,UPI,Cancelled
O007592,2025-04-14,C0083,P0061,E018,1,0.05,Net Banking,Delivered
O009038,2025-04-14,C0176,P0176,E013,3,0.02,Net Banking,Delivered
O009594,2025-04-14,C0552,P0039,E050,5,0.2,UPI,Delivered
O009726,2025-04-14,C0896,P0086,E019,1,0.05,Credit Card,Delivered
O000312,2025-04-15,C0468,P0118,E036,4,0.02,Net Banking,Delivered
O001521,2025-04-15,C0683,P0068,E033,2,0.0,Credit Card,Returned
O003079,2025-04-15,C0907,P0072,E029,2,0.1,UPI,Delivered
O004511,2025-04-15,C0071,P0032,E029,2,0.1,Debit Card,Delivered
O004797,2025-04-15,C0322,P0085,E014,2,0.1,UPI,Delivered
O005025,2025-04-15,C0675,P0164,E034,1,0.1,UPI,Cancelled
O006269,2025-04-15,C0397,P0175,E031,3,0.05,Cash on Delivery,Delivered
O006700,2025-04-15,C0414,P0011,E034,5,0.02,UPI,Delivered
O008166,2025-04-15,C0913,P0195,E002,2,0.1,Debit Card,Delivered
O008384,2025-04-15,C0044,P0074,E034,2,0.0,Cash on Delivery,Delivered
O008878,2025-04-15,C0578,P0029,E038,4,0.0,Credit Card,Delivered
O009662,2025-04-15,C0434,P0161,E028,1,0.05,Cash on Delivery,Delivered
O000153,2025-04-16,C0674,P0169,E010,6,0.0,Cash on Delivery,Delivered
O000543,2025-04-16,C0907,P0157,E050,1,0.05,Credit Card,Delivered
O000881,2025-04-16,C0794,P0185,E007,1,0.1,UPI,Delivered
O000904,2025-04-16,C0994,P0113,E019,1,0.02,Credit Card,Delivered
O001012,2025-04-16,C0745,P0013,E015,1,0.0,Net Banking,Delivered
O002052,2025-04-16,C0179,P0190,E046,5,0.0,UPI,Delivered
O002371,2025-04-16,C0399,P0115,E018,5,0.05,Net Banking,Shipped
O004028,2025-04-16,C0725,P0182,E006,2,0.0,Debit Card,Delivered
O004109,2025-04-16,C0641,P0155,E010,3,0.0,Debit Card,Delivered
O005124,2025-04-16,C0079,P0185,E013,1,0.0,Net Banking,Delivered
O006070,2025-04-16,C0784,P0148,E023,4,0.05,UPI,Delivered
O007709,2025-04-16,C0266,P0163,E017,4,0.0,Credit Card,Delivered
O008020,2025-04-16,C0528,P0118,E015,1,0.0,UPI,Delivered
O009659,2025-04-16,C0950,P0123,E019,5,0.05,Net Banking,Returned
O009693,2025-04-16,C0189,P0194,E009,3,0.0,Credit Card,Delivered
O000262,2025-04-17,C0603,P0038,E006,4,0.0,UPI,Delivered
O001369,2025-04-17,C0649,P0021,E037,10,0.1,UPI,Delivered
O003302,2025-04-17,C0758,P0082,E028,4,0.05,UPI,Delivered
O003884,2025-04-17,C0102,P0146,E003,3,0.1,UPI,Delivered
O005326,2025-04-17,C0827,P0107,E005,3,0.1,Debit Card,Delivered
O006124,2025-04-17,C0264,P0178,E045,4,0.0,Credit Card,Delivered
O006204,2025-04-17,C0208,P0024,E023,4,0.1,Net Banking,Delivered
O007596,2025-04-17,C0402,P0028,E020,1,0.05,Debit Card,Delivered
O007723,2025-04-17,C0243,P0109,E010,1,0.1,Credit Card,Shipped
O008024,2025-04-17,C0999,P0014,E020,1,0.02,Net Banking,Cancelled
O008108,2025-04-17,C0801,P0109,E039,3,0.15,UPI,Delivered
O000400,2025-04-18,C0561,P0042,E048,3,0.0,UPI,Delivered
O000997,2025-04-18,C0617,P0114,E036,1,0.0,Net Banking,Delivered
O001436,2025-04-18,C0662,P0148,E038,3,0.0,Credit Card,Delivered
O001607,2025-04-18,C0206,P0029,E017,5,0.05,Credit Card,Delivered
O001859,2025-04-18,C0322,P0006,E025,1,0.0,Net Banking,Delivered
O001930,2025-04-18,C0815,P0194,E010,1,0.05,Debit Card,Delivered
O003296,2025-04-18,C0400,P0194,E036,3,0.0,Credit Card,Delivered
O005211,2025-04-18,C0092,P0131,E039,4,0.02,Credit Card,Delivered
O006273,2025-04-18,C0979,P0021,E011,2,0.15,Net Banking,Shipped
O007645,2025-04-18,C0497,P0136,E039,5,0.1,UPI,Delivered
O007913,2025-04-18,C0772,P0101,E022,4,0.05,Net Banking,Delivered
O003213,2025-04-19,C0208,P0151,E018,3,0.05,Debit Card,Delivered
O003262,2025-04-19,C0189,P0159,E019,1,0.15,UPI,Cancelled
O005232,2025-04-19,C0816,P0134,E021,4,0.0,Debit Card,Delivered
O005236,2025-04-19,C0680,P0001,E032,2,0.0,Debit Card,Delivered
O009231,2025-04-19,C0072,P0199,E021,1,0.05,Debit Card,Delivered
O000791,2025-04-20,C0915,P0147,E019,5,0.15,Debit Card,Cancelled
O000874,2025-04-20,C0759,P0111,E039,2,0.0,Cash on Delivery,Delivered
O002642,2025-04-20,C0693,P0073,E019,2,0.0,UPI,Delivered
O004821,2025-04-20,C0237,P0181,E013,6,0.0,Cash on Delivery,Delivered
O004868,2025-04-20,C0222,P0162,E037,4,0.1,Debit Card,Delivered
O005102,2025-04-20,C0124,P0014,E013,5,0.05,UPI,Returned
O005209,2025-04-20,C0837,P0125,E001,2,0.1,Credit Card,Delivered
O005392,2025-04-20,C0909,P0051,E026,1,0.02,Credit Card,Delivered
O005957,2025-04-20,C0806,P0120,E019,3,0.0,Debit Card,Delivered
O007607,2025-04-20,C0837,P0021,E015,10,0.15,Cash on Delivery,Delivered
O008084,2025-04-20,C0551,P0088,E004,4,0.0,UPI,Delivered
O008642,2025-04-20,C0931,P0158,E040,1,0.0,Debit Card,Delivered
O000932,2025-04-21,C0239,P0109,E023,4,0.2,Cash on Delivery,Delivered
O001378,2025-04-21,C0895,P0150,E029,1,0.0,Credit Card,Shipped
O001872,2025-04-21,C0927,P0052,E009,5,0.02,Net Banking,Delivered
O003866,2025-04-21,C0225,P0063,E034,2,0.0,Net Banking,Delivered
O006234,2025-04-21,C0007,P0178,E033,8,0.1,Net Banking,Delivered
O000205,2025-04-22,C0486,P0196,E012,4,0.2,UPI,Delivered
O000702,2025-04-22,C0121,P0121,E022,1,0.0,Credit Card,Cancelled
O005447,2025-04-22,C0731,P0071,E046,4,0.05,Credit Card,Delivered
O005682,2025-04-22,C0551,P0001,E025,5,0.0,Credit Card,Delivered
O005750,2025-04-22,C0501,P0191,E028,8,0.1,Debit Card,Delivered
O005853,2025-04-22,C0551,P0023,E034,5,0.0,Net Banking,Delivered
O006031,2025-04-22,C0807,P0141,E021,3,0.15,UPI,Delivered
O007514,2025-04-22,C0008,P0007,E040,3,0.02,Net Banking,Delivered
O007821,2025-04-22,C0412,P0006,E045,6,0.1,Credit Card,Delivered
O008117,2025-04-22,C0853,P0199,E047,2,0.2,Credit Card,Cancelled
O009106,2025-04-22,C0844,P0184,E026,4,0.05,UPI,Delivered
O009122,2025-04-22,C0962,P0157,E035,1,0.02,Net Banking,Delivered
O010000,2025-04-22,C0201,P0092,E024,1,0.02,UPI,Cancelled
O000301,2025-04-23,C0062,P0127,E025,4,0.0,Credit Card,Delivered
O001174,2025-04-23,C0733,P0075,E004,8,0.0,Debit Card,Shipped
O001371,2025-04-23,C0302,P0174,E036,1,0.05,UPI,Delivered
O001893,2025-04-23,C0620,P0077,E046,1,0.0,UPI,Delivered
O002185,2025-04-23,C0755,P0175,E003,1,0.2,Cash on Delivery,Delivered
O002343,2025-04-23,C0776,P0060,E001,2,0.05,Debit Card,Delivered
O003374,2025-04-23,C0950,P0016,E040,4,0.2,Cash on Delivery,Delivered
O003782,2025-04-23,C0586,P0171,E038,1,0.0,UPI,Delivered
O003994,2025-04-23,C0528,P0061,E050,1,0.1,Net Banking,Delivered
O004189,2025-04-23,C0741,P0096,E002,8,0.02,UPI,Delivered
O004931,2025-04-23,C0039,P0024,E023,3,0.2,Cash on Delivery,Delivered
O007004,2025-04-23,C0022,P0143,E047,8,0.05,Credit Card,Delivered
O008707,2025-04-23,C0128,P0075,E021,1,0.0,UPI,Delivered
O008914,2025-04-23,C0957,P0071,E018,2,0.0,Cash on Delivery,Delivered
O009734,2025-04-23,C0480,P0061,E002,6,0.02,UPI,Delivered
O000553,2025-04-24,C0268,P0159,E023,4,0.05,UPI,Delivered
O001018,2025-04-24,C0964,P0193,E045,3,0.0,UPI,Returned
O002148,2025-04-24,C0848,P0104,E024,5,0.05,UPI,Delivered
O002333,2025-04-24,C0224,P0133,E017,1,0.2,Net Banking,Delivered
O003562,2025-04-24,C0335,P0038,E002,2,0.15,Debit Card,Delivered
O005562,2025-04-24,C0351,P0017,E033,2,0.1,Net Banking,Delivered
O006899,2025-04-24,C0247,P0084,E008,1,0.05,Credit Card,Delivered
O007354,2025-04-24,C0061,P0162,E001,2,0.0,Credit Card,Shipped
O007593,2025-04-24,C0710,P0094,E037,2,0.02,Credit Card,Returned
O008160,2025-04-24,C0960,P0074,E016,5,0.0,Cash on Delivery,Delivered
O008275,2025-04-24,C0963,P0037,E002,3,0.15,Credit Card,Delivered
O008936,2025-04-24,C0449,P0038,E033,6,0.1,Credit Card,Delivered
O000309,2025-04-25,C0206,P0109,E006,1,0.1,UPI,Delivered
O000750,2025-04-25,C0293,P0146,E006,3,0.05,Debit Card,Shipped
O000966,2025-04-25,C0063,P0031,E034,4,0.05,Debit Card,Delivered
O001195,2025-04-25,C0869,P0170,E008,3,0.02,UPI,Shipped
O001526,2025-04-25,C0413,P0108,E033,3,0.05,Cash on Delivery,Shipped
O001646,2025-04-25,C0816,P0156,E027,3,0.02,Credit Card,Delivered
O001983,2025-04-25,C0125,P0079,E048,4,0.15,Credit Card,Delivered
O002398,2025-04-25,C0134,P0161,E028,3,0.05,Credit Card,Delivered
O003535,2025-04-25,C0794,P0037,E026,2,0.0,Credit Card,Delivered
O003712,2025-04-25,C0554,P0095,E020,3,0.02,Credit Card,Delivered
O004118,2025-04-25,C0657,P0161,E031,3,0.0,UPI,Delivered
O004666,2025-04-25,C0310,P0120,E011,1,0.05,Credit Card,Delivered
O008324,2025-04-25,C0689,P0057,E013,2,0.15,Cash on Delivery,Cancelled
O008627,2025-04-25,C0624,P0036,E022,2,0.0,UPI,Delivered
O009360,2025-04-25,C0403,P0030,E047,2,0.1,Credit Card,Delivered
O009466,2025-04-25,C0286,P0149,E036,2,0.0,Net Banking,Delivered
O001218,2025-04-26,C0180,P0071,E045,1,0.1,Net Banking,Delivered
O002341,2025-04-26,C0801,P0069,E029,2,0.02,Debit Card,Shipped
O003685,2025-04-26,C0679,P0021,E019,5,0.1,Debit Card,Delivered
O004234,2025-04-26,C0824,P0013,E028,4,0.05,Credit Card,Shipped
O004255,2025-04-26,C0224,P0006,E035,1,0.15,UPI,Delivered
O004992,2025-04-26,C0501,P0054,E002,2,0.1,UPI,Delivered
O007276,2025-04-26,C0664,P0097,E029,1,0.02,Credit Card,Shipped
O007348,2025-04-26,C0465,P0003,E041,3,0.05,Net Banking,Delivered
O007782,2025-04-26,C0799,P0113,E009,2,0.02,Credit Card,Delivered
O007979,2025-04-26,C0019,P0042,E019,8,0.0,Net Banking,Cancelled
O009529,2025-04-26,C0096,P0159,E024,3,0.1,UPI,Delivered
O009684,2025-04-26,C0837,P0027,E026,5,0.05,UPI,Delivered
O000615,2025-04-27,C0731,P0180,E038,1,0.02,UPI,Delivered
O002749,2025-04-27,C0181,P0106,E041,1,0.1,Net Banking,Delivered
O002803,2025-04-27,C0275,P0046,E038,1,0.02,Cash on Delivery,Delivered
O003640,2025-04-27,C0877,P0067,E003,3,0.0,UPI,Cancelled
O005253,2025-04-27,C0446,P0135,E046,4,0.0,UPI,Delivered
O008714,2025-04-27,C0867,P0044,E014,8,0.0,Credit Card,Delivered
O009595,2025-04-27,C0792,P0061,E005,5,0.0,Debit Card,Delivered
O009601,2025-04-27,C0207,P0187,E033,1,0.15,UPI,Delivered
O009871,2025-04-27,C0610,P0042,E036,1,0.05,Debit Card,Delivered
O001061,2025-04-28,C0462,P0018,E040,1,0.0,Net Banking,Delivered
O001358,2025-04-28,C0211,P0191,E006,3,0.05,Cash on Delivery,Delivered
O003332,2025-04-28,C0434,P0119,E025,6,0.15,Credit Card,Delivered
O003506,2025-04-28,C0679,P0162,E020,1,0.05,Credit Card,Delivered
O004333,2025-04-28,C0905,P0166,E019,5,0.0,Debit Card,Delivered
O004602,2025-04-28,C0763,P0008,E040,1,0.0,Cash on Delivery,Delivered
O007028,2025-04-28,C0496,P0161,E022,1,0.0,Debit Card,Delivered
O007399,2025-04-28,C0438,P0101,E048,1,0.0,Net Banking,Delivered
O009443,2025-04-28,C0372,P0137,E011,4,0.1,UPI,Delivered
O009787,2025-04-28,C0802,P0061,E018,1,0.0,Credit Card,Delivered
O009835,2025-04-28,C0670,P0176,E011,3,0.02,UPI,Delivered
O000016,2025-04-29,C0355,P0155,E041,1,0.1,UPI,Delivered
O000337,2025-04-29,C0150,P0159,E041,4,0.2,UPI,Delivered
O001480,2025-04-29,C0175,P0033,E010,1,0.05,Debit Card,Shipped
O002722,2025-04-29,C0405,P0065,E047,10,0.2,Credit Card,Delivered
O002804,2025-04-29,C0372,P0048,E034,1,0.0,Net Banking,Delivered
O003497,2025-04-29,C0517,P0147,E007,4,0.05,UPI,Returned
O004188,2025-04-29,C0634,P0154,E005,5,0.05,UPI,Delivered
O005273,2025-04-29,C0206,P0045,E004,1,0.05,UPI,Delivered
O006957,2025-04-29,C0914,P0106,E022,3,0.0,Credit Card,Delivered
O008471,2025-04-29,C0201,P0087,E002,2,0.0,UPI,Delivered
O003108,2025-04-30,C0859,P0077,E039,3,0.15,Net Banking,Delivered
O005319,2025-04-30,C0419,P0170,E011,10,0.0,Debit Card,Cancelled
O005583,2025-04-30,C0022,P0153,E049,10,0.1,UPI,Delivered
O006407,2025-04-30,C0744,P0101,E032,5,0.0,Debit Card,Returned
O007072,2025-04-30,C0327,P0077,E044,1,0.0,Credit Card,Shipped
O007467,2025-04-30,C0724,P0099,E044,1,0.15,UPI,Delivered
O007960,2025-04-30,C0685,P0039,E013,2,0.1,Net Banking,Shipped
O008253,2025-04-30,C0871,P0119,E015,4,0.15,Net Banking,Delivered
O008777,2025-04-30,C0978,P0063,E014,4,0.15,UPI,Delivered
O009444,2025-04-30,C0950,P0189,E016,3,0.0,Net Banking,Delivered
O009811,2025-04-30,C0329,P0061,E012,5,0.0,Cash on Delivery,Delivered
O000523,2025-05-01,C0332,P0182,E019,3,0.05,UPI,Delivered
O001850,2025-05-01,C0363,P0162,E008,1,0.0,Debit Card,Delivered
O002155,2025-05-01,C0424,P0017,E037,1,0.05,Cash on Delivery,Delivered
O002305,2025-05-01,C0813,P0186,E039,3,0.0,Net Banking,Delivered
O008462,2025-05-01,C0346,P0019,E044,2,0.02,Net Banking,Cancelled
O009311,2025-05-01,C0022,P0027,E005,2,0.0,Net Banking,Delivered
O000343,2025-05-02,C0708,P0014,E036,2,0.02,UPI,Delivered
O005564,2025-05-02,C0667,P0049,E014,2,0.1,Net Banking,Cancelled
O007864,2025-05-02,C0801,P0163,E010,5,0.05,Debit Card,Returned
O007870,2025-05-02,C0444,P0161,E024,2,0.05,Debit Card,Delivered
O008837,2025-05-02,C0318,P0135,E042,1,0.0,Net Banking,Shipped
O009792,2025-05-02,C0098,P0139,E040,5,0.1,Credit Card,Delivered
O000086,2025-05-03,C0931,P0007,E028,1,0.15,Cash on Delivery,Delivered
O001388,2025-05-03,C0021,P0110,E023,8,0.05,Credit Card,Delivered
O002034,2025-05-03,C0637,P0091,E007,2,0.15,Cash on Delivery,Delivered
O002299,2025-05-03,C0627,P0019,E048,2,0.05,UPI,Delivered
O004457,2025-05-03,C0930,P0149,E044,1,0.05,Net Banking,Cancelled
O007178,2025-05-03,C0370,P0118,E029,2,0.05,Cash on Delivery,Delivered
O008018,2025-05-03,C0765,P0082,E017,4,0.0,UPI,Delivered
O008590,2025-05-03,C0694,P0157,E045,3,0.05,UPI,Delivered
O008735,2025-05-03,C0092,P0103,E028,8,0.0,Credit Card,Delivered
O009128,2025-05-03,C0812,P0077,E009,1,0.15,Credit Card,Delivered
O009378,2025-05-03,C0866,P0059,E047,6,0.05,Net Banking,Delivered
O001073,2025-05-04,C0205,P0074,E042,5,0.2,Net Banking,Delivered
O002288,2025-05-04,C0873,P0130,E013,6,0.0,Net Banking,Delivered
O003659,2025-05-04,C0551,P0199,E022,3,0.05,Credit Card,Delivered
O004692,2025-05-04,C0556,P0184,E041,2,0.15,Credit Card,Delivered
O004801,2025-05-04,C0362,P0121,E031,3,0.02,Credit Card,Delivered
O006341,2025-05-04,C0562,P0128,E045,3,0.0,UPI,Delivered
O007989,2025-05-04,C0606,P0073,E012,2,0.05,Debit Card,Delivered
O009424,2025-05-04,C0914,P0152,E049,1,0.1,UPI,Cancelled
O009665,2025-05-04,C0779,P0089,E044,3,0.1,Net Banking,Delivered
O009762,2025-05-04,C0912,P0097,E014,2,0.05,UPI,Delivered
O000721,2025-05-05,C0385,P0095,E035,1,0.1,Cash on Delivery,Delivered
O001026,2025-05-05,C0997,P0106,E048,1,0.0,Credit Card,Delivered
O001129,2025-05-05,C0340,P0038,E008,1,0.2,Net Banking,Delivered
O004604,2025-05-05,C0327,P0068,E001,3,0.1,UPI,Delivered
O004607,2025-05-05,C0230,P0037,E025,1,0.05,Net Banking,Delivered
O004776,2025-05-05,C0628,P0054,E035,1,0.0,Debit Card,Delivered
O005107,2025-05-05,C0260,P0113,E030,1,0.0,Credit Card,Returned
O005801,2025-05-05,C0779,P0123,E040,3,0.0,Credit Card,Delivered
O006363,2025-05-05,C0007,P0005,E031,4,0.0,Debit Card,Delivered
O006504,2025-05-05,C0412,P0027,E020,8,0.02,UPI,Delivered
O006686,2025-05-05,C0992,P0033,E033,5,0.02,Cash on Delivery,Delivered
O006954,2025-05-05,C0370,P0098,E014,8,0.05,UPI,Delivered
O000473,2025-05-06,C0869,P0026,E008,6,0.02,Cash on Delivery,Delivered
O000906,2025-05-06,C0667,P0037,E009,1,0.2,Credit Card,Delivered
O001169,2025-05-06,C0986,P0121,E048,3,0.05,Credit Card,Delivered
O001555,2025-05-06,C0210,P0013,E041,10,0.05,Credit Card,Delivered
O001610,2025-05-06,C0224,P0057,E025,3,0.15,Debit Card,Delivered
O002099,2025-05-06,C0527,P0186,E047,1,0.05,Cash on Delivery,Delivered
O003119,2025-05-06,C0561,P0102,E006,1,0.05,Cash on Delivery,Delivered
O003252,2025-05-06,C0665,P0121,E038,10,0.0,Net Banking,Delivered
O003495,2025-05-06,C0074,P0196,E042,2,0.0,Net Banking,Delivered
O003913,2025-05-06,C0064,P0190,E044,5,0.0,Debit Card,Delivered
O004861,2025-05-06,C0951,P0168,E037,2,0.0,UPI,Returned
O007418,2025-05-06,C0097,P0190,E044,5,0.15,Credit Card,Delivered
O008655,2025-05-06,C0403,P0069,E034,1,0.1,Credit Card,Delivered
O008951,2025-05-06,C0748,P0010,E007,1,0.1,Net Banking,Delivered
O009381,2025-05-06,C0306,P0003,E018,3,0.1,Cash on Delivery,Delivered
O002352,2025-05-07,C0476,P0068,E004,3,0.05,Net Banking,Shipped
O002435,2025-05-07,C0405,P0148,E012,1,0.0,Debit Card,Delivered
O005238,2025-05-07,C0528,P0105,E039,4,0.05,UPI,Delivered
O005933,2025-05-07,C0169,P0199,E020,2,0.02,Net Banking,Delivered
O005955,2025-05-07,C0525,P0070,E045,1,0.1,Credit Card,Delivered
O006413,2025-05-07,C0957,P0110,E033,2,0.0,UPI,Delivered
O006606,2025-05-07,C0744,P0017,E046,2,0.05,Credit Card,Delivered
O008378,2025-05-07,C0646,P0190,E028,2,0.15,Credit Card,Delivered
O008543,2025-05-07,C0308,P0158,E026,2,0.05,UPI,Delivered
O009058,2025-05-07,C0692,P0053,E039,5,0.0,Cash on Delivery,Delivered
O000452,2025-05-08,C0535,P0044,E008,5,0.05,Debit Card,Delivered
O002237,2025-05-08,C0910,P0188,E044,1,0.0,UPI,Delivered
O002337,2025-05-08,C0253,P0078,E036,2,0.02,UPI,Delivered
O002746,2025-05-08,C0648,P0023,E006,3,0.05,Net Banking,Delivered
O004289,2025-05-08,C0906,P0097,E017,1,0.02,Cash on Delivery,Delivered
O005009,2025-05-08,C0771,P0085,E036,3,0.1,Credit Card,Delivered
O007185,2025-05-08,C0650,P0178,E024,1,0.02,UPI,Delivered
O009886,2025-05-08,C0660,P0193,E017,10,0.1,Credit Card,Delivered
O001108,2025-05-09,C0725,P0054,E022,1,0.05,Credit Card,Delivered
O005452,2025-05-09,C0181,P0111,E039,2,0.02,UPI,Cancelled
O005482,2025-05-09,C0171,P0071,E027,3,0.0,UPI,Delivered
O006091,2025-05-09,C0879,P0061,E038,1,0.15,Credit Card,Delivered
O006352,2025-05-09,C0766,P0012,E038,4,0.1,Cash on Delivery,Delivered
O007388,2025-05-09,C0915,P0043,E048,8,0.0,Credit Card,Returned
O007816,2025-05-09,C0134,P0059,E012,2,0.02,Debit Card,Returned
O008057,2025-05-09,C0669,P0024,E044,1,0.0,Net Banking,Shipped
O008442,2025-05-09,C0812,P0131,E043,4,0.0,Debit Card,Delivered
O009607,2025-05-09,C0783,P0152,E044,2,0.05,Credit Card,Delivered
O001608,2025-05-10,C0740,P0114,E022,2,0.0,Debit Card,Delivered
O001737,2025-05-10,C0720,P0107,E011,2,0.0,Net Banking,Delivered
O001796,2025-05-10,C0554,P0087,E018,5,0.02,UPI,Delivered
O002041,2025-05-10,C0364,P0044,E007,4,0.0,Cash on Delivery,Delivered
O003667,2025-05-10,C0551,P0073,E005,6,0.02,Credit Card,Delivered
O004246,2025-05-10,C0198,P0068,E045,1,0.05,Debit Card,Delivered
O005010,2025-05-10,C0434,P0004,E022,1,0.05,UPI,Delivered
O007106,2025-05-10,C0311,P0178,E007,1,0.0,Net Banking,Delivered
O007398,2025-05-10,C0079,P0141,E046,8,0.0,Debit Card,Delivered
O000653,2025-05-11,C0211,P0129,E016,1,0.1,Credit Card,Delivered
O001125,2025-05-11,C0954,P0040,E039,1,0.15,Cash on Delivery,Delivered
O001914,2025-05-11,C0771,P0143,E037,5,0.1,UPI,Delivered
O002335,2025-05-11,C0665,P0156,E036,3,0.0,UPI,Delivered
O002682,2025-05-11,C0432,P0101,E005,4,0.2,Net Banking,Delivered
O003069,2025-05-11,C0689,P0164,E007,1,0.1,Credit Card,Delivered
O003859,2025-05-11,C0430,P0020,E026,2,0.02,Debit Card,Delivered
O005145,2025-05-11,C0490,P0032,E014,1,0.0,UPI,Cancelled
O005153,2025-05-11,C0317,P0178,E010,3,0.1,Cash on Delivery,Delivered
O005292,2025-05-11,C0679,P0118,E043,4,0.1,UPI,Delivered
O006478,2025-05-11,C0882,P0009,E030,1,0.05,UPI,Delivered
O007196,2025-05-11,C0787,P0113,E023,1,0.05,Debit Card,Delivered
O007331,2025-05-11,C0148,P0136,E032,6,0.05,Credit Card,Delivered
O008944,2025-05-11,C0211,P0027,E038,8,0.02,Credit Card,Delivered
O009081,2025-05-11,C0377,P0031,E044,1,0.0,Net Banking,Delivered
O009171,2025-05-11,C0046,P0145,E022,2,0.0,Debit Card,Delivered
O009956,2025-05-11,C0236,P0127,E002,1,0.0,Credit Card,Shipped
O000209,2025-05-12,C0497,P0047,E040,2,0.1,Cash on Delivery,Delivered
O000664,2025-05-12,C0364,P0137,E027,1,0.05,UPI,Delivered
O000981,2025-05-12,C0201,P0008,E012,1,0.0,Cash on Delivery,Cancelled
O001144,2025-05-12,C0394,P0044,E050,1,0.1,UPI,Delivered
O002104,2025-05-12,C0665,P0141,E016,3,0.1,UPI,Returned
O002295,2025-05-12,C0171,P0125,E024,4,0.15,Net Banking,Delivered
O005391,2025-05-12,C0301,P0106,E036,3,0.0,Credit Card,Delivered
O007138,2025-05-12,C0577,P0020,E010,1,0.2,Net Banking,Delivered
O007476,2025-05-12,C0412,P0035,E027,10,0.1,Net Banking,Shipped
O007516,2025-05-12,C0614,P0044,E027,3,0.02,Credit Card,Delivered
O008762,2025-05-12,C0966,P0151,E029,3,0.0,Credit Card,Delivered
O009214,2025-05-12,C0859,P0197,E049,4,0.1,UPI,Returned
O009911,2025-05-12,C0533,P0128,E036,1,0.2,Net Banking,Delivered
O000126,2025-05-13,C0525,P0046,E038,2,0.02,UPI,Delivered
O000390,2025-05-13,C0858,P0170,E012,6,0.1,Cash on Delivery,Delivered
O001427,2025-05-13,C0662,P0051,E044,1,0.0,Credit Card,Delivered
O001851,2025-05-13,C0248,P0164,E012,1,0.05,Credit Card,Delivered
O002030,2025-05-13,C0996,P0192,E035,1,0.05,UPI,Delivered
O002308,2025-05-13,C0094,P0083,E007,8,0.05,Credit Card,Cancelled
O002320,2025-05-13,C0647,P0011,E018,1,0.1,UPI,Delivered
O002775,2025-05-13,C0102,P0066,E011,3,0.0,Net Banking,Delivered
O003261,2025-05-13,C0041,P0137,E009,2,0.05,Cash on Delivery,Shipped
O003606,2025-05-13,C0119,P0027,E025,1,0.02,Net Banking,Delivered
O003652,2025-05-13,C0664,P0060,E011,8,0.0,Credit Card,Delivered
O003704,2025-05-13,C0883,P0106,E027,2,0.0,Cash on Delivery,Cancelled
O004496,2025-05-13,C0222,P0014,E048,2,0.1,UPI,Delivered
O005324,2025-05-13,C0657,P0078,E005,1,0.0,Net Banking,Shipped
O007629,2025-05-13,C0827,P0141,E024,1,0.0,UPI,Cancelled
O008449,2025-05-13,C0232,P0084,E027,1,0.05,Credit Card,Delivered
O008879,2025-05-13,C0645,P0061,E024,1,0.0,UPI,Delivered
O009029,2025-05-13,C0050,P0069,E027,1,0.02,Credit Card,Delivered
O009177,2025-05-13,C0782,P0098,E002,1,0.0,UPI,Delivered
O000089,2025-05-14,C0489,P0146,E016,1,0.05,UPI,Delivered
O000098,2025-05-14,C0057,P0052,E032,1,0.1,Cash on Delivery,Delivered
O002448,2025-05-14,C0436,P0060,E027,4,0.0,Debit Card,Delivered
O003143,2025-05-14,C0730,P0116,E020,2,0.0,Credit Card,Delivered
O003815,2025-05-14,C0165,P0146,E005,2,0.05,Credit Card,Delivered
O005469,2025-05-14,C0493,P0200,E023,1,0.02,UPI,Delivered
O006515,2025-05-14,C0625,P0049,E032,2,0.1,Debit Card,Delivered
O006952,2025-05-14,C0808,P0116,E005,10,0.05,Cash on Delivery,Delivered
O007502,2025-05-14,C0346,P0145,E024,2,0.0,Net Banking,Shipped
O008339,2025-05-14,C0312,P0047,E009,1,0.1,Debit Card,Returned
O000197,2025-05-15,C0243,P0072,E006,3,0.05,Cash on Delivery,Delivered
O003771,2025-05-15,C0054,P0100,E038,1,0.0,Credit Card,Delivered
O005764,2025-05-15,C0588,P0015,E031,1,0.02,Credit Card,Delivered
O007832,2025-05-15,C0634,P0115,E036,8,0.1,Net Banking,Delivered
O008973,2025-05-15,C0248,P0077,E004,2,0.1,Cash on Delivery,Delivered
O009547,2025-05-15,C0922,P0121,E037,3,0.0,Net Banking,Delivered
O009672,2025-05-15,C0474,P0010,E013,3,0.0,UPI,Returned
O000934,2025-05-16,C0201,P0197,E035,4,0.0,Credit Card,Delivered
O001716,2025-05-16,C0135,P0038,E008,4,0.1,Net Banking,Delivered
O002369,2025-05-16,C0249,P0124,E026,1,0.0,Net Banking,Shipped
O002528,2025-05-16,C0986,P0132,E010,2,0.05,Credit Card,Delivered
O002910,2025-05-16,C0171,P0057,E008,2,0.02,Net Banking,Delivered
O003394,2025-05-16,C0180,P0077,E014,4,0.05,UPI,Cancelled
O003641,2025-05-16,C0918,P0154,E020,4,0.05,Debit Card,Delivered
O005738,2025-05-16,C0030,P0185,E021,4,0.0,Cash on Delivery,Returned
O006167,2025-05-16,C0327,P0177,E023,5,0.0,Credit Card,Delivered
O006891,2025-05-16,C0549,P0137,E034,2,0.0,Debit Card,Delivered
O007357,2025-05-16,C0383,P0173,E025,2,0.2,Debit Card,Delivered
O008011,2025-05-16,C0455,P0002,E037,4,0.05,Cash on Delivery,Delivered
O009023,2025-05-16,C0356,P0076,E012,6,0.05,Credit Card,Returned
O009201,2025-05-16,C0490,P0080,E017,1,0.2,Debit Card,Delivered
O000141,2025-05-17,C0420,P0154,E024,3,0.0,UPI,Delivered
O000537,2025-05-17,C0779,P0099,E012,10,0.1,Net Banking,Delivered
O000734,2025-05-17,C0702,P0026,E044,3,0.15,Cash on Delivery,Delivered
O001307,2025-05-17,C0944,P0107,E039,1,0.02,Credit Card,Delivered
O001444,2025-05-17,C0835,P0093,E046,1,0.05,UPI,Delivered
O002405,2025-05-17,C0210,P0169,E041,1,0.0,Net Banking,Delivered
O003310,2025-05-17,C0462,P0142,E014,1,0.05,UPI,Delivered
O004059,2025-05-17,C0473,P0100,E042,4,0.02,Net Banking,Delivered
O006079,2025-05-17,C0392,P0038,E028,5,0.05,Credit Card,Delivered
O006262,2025-05-17,C0204,P0167,E016,3,0.0,Credit Card,Delivered
O007210,2025-05-17,C0745,P0101,E015,2,0.05,Net Banking,Delivered
O008240,2025-05-17,C0147,P0109,E047,5,0.0,Credit Card,Cancelled
O009400,2025-05-17,C0372,P0040,E012,5,0.05,Credit Card,Delivered
O001130,2025-05-18,C0391,P0093,E043,8,0.05,UPI,Delivered
O004444,2025-05-18,C0425,P0146,E017,6,0.15,Debit Card,Delivered
O005466,2025-05-18,C0622,P0070,E032,3,0.0,UPI,Delivered
O005697,2025-05-18,C0108,P0181,E001,1,0.0,Cash on Delivery,Delivered
O006240,2025-05-18,C0550,P0183,E006,4,0.0,Cash on Delivery,Delivered
O007425,2025-05-18,C0646,P0190,E007,2,0.02,UPI,Returned
O007648,2025-05-18,C0678,P0102,E046,1,0.0,UPI,Returned
O007946,2025-05-18,C0894,P0135,E035,3,0.05,UPI,Delivered
O008144,2025-05-18,C0848,P0122,E032,1,0.05,Cash on Delivery,Delivered
O008361,2025-05-18,C0812,P0006,E023,1,0.0,Credit Card,Delivered
O009319,2025-05-18,C0964,P0062,E047,3,0.02,Credit Card,Delivered
O000246,2025-05-19,C0859,P0188,E038,1,0.0,Net Banking,Delivered
O000277,2025-05-19,C0696,P0171,E006,4,0.0,Cash on Delivery,Delivered
O000558,2025-05-19,C0405,P0162,E022,1,0.1,Cash on Delivery,Delivered
O002638,2025-05-19,C0332,P0138,E022,4,0.0,Credit Card,Delivered
O002802,2025-05-19,C0497,P0174,E049,2,0.0,Net Banking,Delivered
O002857,2025-05-19,C0422,P0095,E023,4,0.05,Net Banking,Delivered
O004082,2025-05-19,C0067,P0109,E001,4,0.0,UPI,Delivered
O004669,2025-05-19,C0492,P0002,E037,2,0.0,UPI,Delivered
O006134,2025-05-19,C0088,P0135,E049,1,0.15,Credit Card,Delivered
O009633,2025-05-19,C0531,P0183,E012,8,0.05,Debit Card,Delivered
O000087,2025-05-20,C0869,P0108,E044,1,0.0,Credit Card,Delivered
O000501,2025-05-20,C0142,P0061,E002,4,0.0,UPI,Delivered
O000687,2025-05-20,C0837,P0033,E047,2,0.2,Net Banking,Delivered
O002485,2025-05-20,C0591,P0145,E021,2,0.0,Net Banking,Delivered
O003046,2025-05-20,C0391,P0133,E040,1,0.0,UPI,Delivered
O003453,2025-05-20,C0497,P0075,E043,1,0.1,Cash on Delivery,Delivered
O004813,2025-05-20,C0420,P0064,E014,2,0.1,Cash on Delivery,Delivered
O005502,2025-05-20,C0634,P0053,E003,8,0.0,Credit Card,Delivered
O007175,2025-05-20,C0471,P0076,E021,2,0.05,Cash on Delivery,Delivered
O008371,2025-05-20,C0873,P0049,E048,2,0.05,Debit Card,Delivered
O008380,2025-05-20,C0973,P0148,E048,1,0.0,Net Banking,Delivered
O009769,2025-05-20,C0679,P0091,E032,2,0.1,Credit Card,Delivered
O000496,2025-05-21,C0700,P0176,E009,1,0.2,Credit Card,Delivered
O002889,2025-05-21,C0696,P0121,E022,2,0.2,UPI,Delivered
O002992,2025-05-21,C0842,P0200,E002,6,0.0,Credit Card,Delivered
O003102,2025-05-21,C0456,P0150,E031,1,0.1,Credit Card,Shipped
O003201,2025-05-21,C0745,P0032,E028,2,0.05,UPI,Delivered
O003555,2025-05-21,C0893,P0112,E015,1,0.05,UPI,Cancelled
O005578,2025-05-21,C0561,P0012,E024,3,0.0,UPI,Returned
O005774,2025-05-21,C0913,P0035,E025,1,0.1,Cash on Delivery,Delivered
O008679,2025-05-21,C0027,P0137,E024,8,0.2,UPI,Delivered
O008927,2025-05-21,C0718,P0137,E045,2,0.0,Credit Card,Delivered
O000195,2025-05-22,C0835,P0017,E006,1,0.0,UPI,Delivered
O002234,2025-05-22,C0247,P0052,E021,1,0.05,Cash on Delivery,Delivered
O002321,2025-05-22,C0029,P0156,E023,2,0.0,UPI,Delivered
O002810,2025-05-22,C0870,P0194,E002,2,0.02,UPI,Delivered
O003212,2025-05-22,C0622,P0151,E016,10,0.05,Credit Card,Delivered
O000264,2025-05-23,C0186,P0046,E006,3,0.15,Credit Card,Shipped
O001099,2025-05-23,C0202,P0115,E050,2,0.1,Net Banking,Delivered
O002707,2025-05-23,C0946,P0134,E035,4,0.02,Cash on Delivery,Delivered
O004471,2025-05-23,C0097,P0035,E016,1,0.0,Credit Card,Delivered
O004648,2025-05-23,C0021,P0090,E006,2,0.02,Debit Card,Delivered
O004658,2025-05-23,C0974,P0072,E021,1,0.15,Credit Card,Delivered
O006814,2025-05-23,C0558,P0022,E032,1,0.05,Net Banking,Shipped
O008628,2025-05-23,C0603,P0195,E040,6,0.05,Net Banking,Delivered
O000103,2025-05-24,C0234,P0022,E001,1,0.0,Debit Card,Cancelled
O000329,2025-05-24,C0611,P0007,E022,3,0.0,Debit Card,Returned
O000739,2025-05-24,C0775,P0082,E037,3,0.0,Debit Card,Delivered
O003155,2025-05-24,C0884,P0084,E009,1,0.0,Cash on Delivery,Returned
O003734,2025-05-24,C0825,P0168,E039,5,0.0,Net Banking,Delivered
O003878,2025-05-24,C0818,P0146,E008,4,0.05,Net Banking,Delivered
O004135,2025-05-24,C0977,P0176,E004,6,0.15,Credit Card,Delivered
O005092,2025-05-24,C0376,P0160,E029,5,0.0,Credit Card,Delivered
O005283,2025-05-24,C0933,P0083,E034,2,0.1,Credit Card,Returned
O007049,2025-05-24,C0784,P0090,E023,1,0.05,Cash on Delivery,Delivered
O007619,2025-05-24,C0611,P0118,E037,2,0.05,UPI,Delivered
O007903,2025-05-24,C0928,P0191,E018,2,0.0,Credit Card,Delivered
O008093,2025-05-24,C0269,P0152,E042,4,0.05,Debit Card,Delivered
O009024,2025-05-24,C0334,P0135,E003,1,0.0,UPI,Delivered
O002729,2025-05-25,C0174,P0174,E020,4,0.05,Net Banking,Delivered
O003343,2025-05-25,C0455,P0077,E039,5,0.15,UPI,Delivered
O003794,2025-05-25,C0629,P0065,E010,2,0.0,Debit Card,Shipped
O004763,2025-05-25,C0334,P0156,E012,2,0.0,UPI,Cancelled
O006484,2025-05-25,C0248,P0105,E003,2,0.05,UPI,Delivered
O007362,2025-05-25,C0637,P0085,E042,2,0.05,Credit Card,Delivered
O007500,2025-05-25,C0712,P0184,E043,1,0.1,Credit Card,Delivered
O008487,2025-05-25,C0784,P0070,E036,4,0.05,Net Banking,Delivered
O001617,2025-05-26,C0079,P0033,E012,4,0.02,Net Banking,Returned
O001764,2025-05-26,C0272,P0080,E004,1,0.15,Cash on Delivery,Delivered
O002951,2025-05-26,C0594,P0153,E050,3,0.0,UPI,Returned
O003110,2025-05-26,C0953,P0115,E027,2,0.0,UPI,Cancelled
O003297,2025-05-26,C0015,P0011,E020,3,0.05,Net Banking,Shipped
O004050,2025-05-26,C0223,P0148,E023,3,0.02,UPI,Delivered
O005051,2025-05-26,C0697,P0010,E018,3,0.0,Credit Card,Delivered
O005217,2025-05-26,C0671,P0082,E027,4,0.0,Net Banking,Cancelled
O007194,2025-05-26,C0473,P0033,E025,1,0.05,Net Banking,Delivered
O007661,2025-05-26,C0505,P0045,E003,2,0.0,UPI,Returned
O008536,2025-05-26,C0612,P0179,E010,4,0.05,UPI,Delivered
O001669,2025-05-27,C0410,P0166,E040,2,0.05,Cash on Delivery,Delivered
O002714,2025-05-27,C0322,P0200,E010,3,0.1,Credit Card,Delivered
O003061,2025-05-27,C0969,P0166,E037,1,0.02,UPI,Delivered
O003221,2025-05-27,C0915,P0161,E034,2,0.02,Credit Card,Delivered
O003781,2025-05-27,C0434,P0009,E019,1,0.05,Credit Card,Cancelled
O008090,2025-05-27,C0701,P0146,E012,3,0.1,Net Banking,Delivered
O009011,2025-05-27,C0836,P0076,E043,2,0.0,Credit Card,Delivered
O009183,2025-05-27,C0656,P0105,E047,5,0.15,Credit Card,Shipped
O000404,2025-05-28,C0097,P0151,E038,10,0.05,Credit Card,Delivered
O003931,2025-05-28,C0028,P0033,E047,2,0.1,UPI,Shipped
O004426,2025-05-28,C0552,P0025,E023,2,0.05,UPI,Returned
O004944,2025-05-28,C0611,P0045,E040,1,0.02,Credit Card,Delivered
O006703,2025-05-28,C0953,P0195,E008,1,0.0,Debit Card,Delivered
O007848,2025-05-28,C0905,P0191,E023,8,0.05,Net Banking,Delivered
O008994,2025-05-28,C0112,P0090,E008,1,0.0,Credit Card,Delivered
O009190,2025-05-28,C0545,P0038,E046,2,0.05,Credit Card,Delivered
O000053,2025-05-29,C0672,P0029,E019,1,0.05,UPI,Delivered
O000214,2025-05-29,C0288,P0053,E004,1,0.0,Cash on Delivery,Returned
O001517,2025-05-29,C0431,P0100,E022,3,0.2,Cash on Delivery,Delivered
O001763,2025-05-29,C0042,P0079,E024,1,0.05,Credit Card,Delivered
O002644,2025-05-29,C0223,P0170,E017,3,0.0,UPI,Delivered
O003324,2025-05-29,C0129,P0027,E047,8,0.05,Cash on Delivery,Delivered
O004314,2025-05-29,C0887,P0082,E049,3,0.15,UPI,Delivered
O005037,2025-05-29,C0322,P0095,E045,1,0.1,UPI,Cancelled
O005800,2025-05-29,C0419,P0035,E010,1,0.0,Debit Card,Shipped
O006589,2025-05-29,C0960,P0196,E014,3,0.02,UPI,Delivered
O006913,2025-05-29,C0405,P0183,E032,1,0.0,Credit Card,Delivered
O009227,2025-05-29,C0334,P0133,E047,10,0.05,UPI,Delivered
O002826,2025-05-30,C0281,P0139,E003,4,0.2,Debit Card,Delivered
O002982,2025-05-30,C0694,P0105,E033,1,0.1,Credit Card,Delivered
O003415,2025-05-30,C0771,P0072,E018,3,0.1,Credit Card,Delivered
O004002,2025-05-30,C0856,P0161,E012,1,0.02,UPI,Delivered
O006010,2025-05-30,C0458,P0009,E049,4,0.1,UPI,Delivered
O007641,2025-05-30,C0283,P0055,E050,1,0.1,Credit Card,Shipped
O007889,2025-05-30,C0268,P0004,E020,1,0.1,Net Banking,Delivered
O008473,2025-05-30,C0029,P0117,E010,4,0.0,Cash on Delivery,Delivered
O008885,2025-05-30,C0730,P0136,E036,2,0.0,UPI,Delivered
O000505,2025-05-31,C0709,P0082,E002,2,0.02,Credit Card,Delivered
O000613,2025-05-31,C0309,P0006,E019,1,0.1,Cash on Delivery,Delivered
O001856,2025-05-31,C0895,P0160,E014,3,0.0,Debit Card,Delivered
O004932,2025-05-31,C0213,P0132,E035,2,0.05,Credit Card,Delivered
O005094,2025-05-31,C0997,P0193,E044,4,0.05,UPI,Delivered
O006316,2025-05-31,C0054,P0021,E029,4,0.0,Cash on Delivery,Delivered
O006473,2025-05-31,C0634,P0083,E036,1,0.1,UPI,Returned
O007153,2025-05-31,C0318,P0026,E001,1,0.05,Cash on Delivery,Delivered
O007254,2025-05-31,C0514,P0101,E048,1,0.0,Cash on Delivery,Delivered
O008114,2025-05-31,C0111,P0090,E009,6,0.1,Debit Card,Delivered
O008319,2025-05-31,C0883,P0184,E036,2,0.05,Credit Card,Delivered
O009578,2025-05-31,C0973,P0142,E014,1,0.0,Debit Card,Delivered
O002186,2025-06-01,C0211,P0133,E037,3,0.0,UPI,Delivered
O003050,2025-06-01,C0550,P0184,E042,2,0.1,UPI,Delivered
O003541,2025-06-01,C0928,P0099,E019,2,0.0,Credit Card,Delivered
O005044,2025-06-01,C0037,P0149,E021,10,0.05,Net Banking,Shipped
O005935,2025-06-01,C0599,P0162,E033,2,0.0,UPI,Delivered
O005965,2025-06-01,C0847,P0072,E021,3,0.05,Cash on Delivery,Delivered
O006976,2025-06-01,C0931,P0001,E008,1,0.15,UPI,Delivered
O007263,2025-06-01,C0611,P0120,E010,3,0.05,Credit Card,Delivered
O008200,2025-06-01,C0115,P0172,E005,4,0.1,Cash on Delivery,Returned
O008908,2025-06-01,C0217,P0148,E021,4,0.15,UPI,Delivered
O009399,2025-06-01,C0856,P0040,E050,1,0.0,Cash on Delivery,Delivered
O001083,2025-06-02,C0335,P0084,E027,1,0.15,Cash on Delivery,Delivered
O001501,2025-06-02,C0552,P0065,E050,2,0.02,UPI,Delivered
O002149,2025-06-02,C0013,P0018,E017,3,0.0,Credit Card,Delivered
O002216,2025-06-02,C0527,P0194,E039,2,0.15,Credit Card,Delivered
O003074,2025-06-02,C0563,P0093,E034,1,0.0,Net Banking,Delivered
O003266,2025-06-02,C0094,P0102,E006,1,0.1,UPI,Delivered
O004398,2025-06-02,C0489,P0051,E023,5,0.05,Debit Card,Returned
O005704,2025-06-02,C0679,P0128,E002,3,0.0,UPI,Delivered
O005912,2025-06-02,C0689,P0184,E009,3,0.05,Credit Card,Delivered
O006042,2025-06-02,C0923,P0125,E023,3,0.1,Cash on Delivery,Delivered
O007499,2025-06-02,C0333,P0040,E021,2,0.05,Debit Card,Returned
O007690,2025-06-02,C0071,P0196,E013,5,0.0,UPI,Delivered
O009045,2025-06-02,C0185,P0051,E041,5,0.05,Net Banking,Cancelled
O009322,2025-06-02,C0135,P0087,E014,1,0.0,Net Banking,Returned
O009716,2025-06-02,C0984,P0175,E047,5,0.05,Cash on Delivery,Delivered
O009910,2025-06-02,C0883,P0009,E017,2,0.05,Credit Card,Delivered
O003390,2025-06-03,C0716,P0157,E031,1,0.05,Net Banking,Delivered
O003620,2025-06-03,C0222,P0128,E044,3,0.0,UPI,Returned
O004635,2025-06-03,C0133,P0193,E036,3,0.05,Credit Card,Delivered
O005220,2025-06-03,C0853,P0051,E028,10,0.0,Credit Card,Delivered
O005268,2025-06-03,C0609,P0156,E035,2,0.05,Net Banking,Shipped
O005338,2025-06-03,C0383,P0166,E022,2,0.2,Net Banking,Delivered
O005396,2025-06-03,C0655,P0024,E013,2,0.15,Cash on Delivery,Delivered
O008145,2025-06-03,C0947,P0162,E045,2,0.02,Debit Card,Delivered
O009807,2025-06-03,C0046,P0155,E044,1,0.15,Debit Card,Delivered
O000127,2025-06-04,C0435,P0069,E048,3,0.02,Credit Card,Delivered
O004989,2025-06-04,C0534,P0161,E048,3,0.1,UPI,Delivered
O005152,2025-06-04,C0578,P0091,E050,1,0.1,Debit Card,Delivered
O005429,2025-06-04,C0748,P0054,E043,1,0.0,UPI,Delivered
O000125,2025-06-05,C0596,P0118,E034,4,0.0,UPI,Cancelled
O000172,2025-06-05,C0657,P0164,E003,5,0.05,Cash on Delivery,Returned
O000502,2025-06-05,C0869,P0140,E018,1,0.1,Credit Card,Delivered
O001038,2025-06-05,C0167,P0054,E003,2,0.2,Credit Card,Shipped
O002340,2025-06-05,C0997,P0113,E007,6,0.0,Net Banking,Delivered
O003577,2025-06-05,C0765,P0031,E035,5,0.0,Credit Card,Delivered
O003706,2025-06-05,C0812,P0174,E028,1,0.15,UPI,Delivered
O003773,2025-06-05,C0390,P0068,E016,3,0.0,Credit Card,Delivered
O004624,2025-06-05,C0554,P0168,E032,1,0.05,UPI,Delivered
O006373,2025-06-05,C0325,P0089,E010,1,0.0,UPI,Delivered
O006423,2025-06-05,C0637,P0149,E004,4,0.05,Debit Card,Delivered
O007086,2025-06-05,C0185,P0107,E018,1,0.02,Credit Card,Delivered
O007179,2025-06-05,C0020,P0174,E018,4,0.05,UPI,Delivered
O007992,2025-06-05,C0312,P0188,E007,1,0.05,Cash on Delivery,Delivered
O009625,2025-06-05,C0551,P0143,E025,1,0.1,Cash on Delivery,Delivered
O009813,2025-06-05,C0122,P0198,E016,5,0.02,Net Banking,Delivered
O000018,2025-06-06,C0442,P0105,E022,6,0.0,Cash on Delivery,Delivered
O002686,2025-06-06,C0816,P0052,E028,3,0.15,Credit Card,Delivered
O003470,2025-06-06,C0632,P0179,E047,1,0.1,Credit Card,Delivered
O003930,2025-06-06,C0618,P0177,E020,3,0.0,Net Banking,Delivered
O003934,2025-06-06,C0653,P0088,E045,1,0.1,Credit Card,Delivered
O004574,2025-06-06,C0748,P0152,E028,6,0.0,Credit Card,Delivered
O005030,2025-06-06,C0073,P0105,E017,2,0.0,Credit Card,Delivered
O005225,2025-06-06,C0278,P0150,E038,3,0.2,Debit Card,Delivered
O008335,2025-06-06,C0047,P0121,E025,2,0.05,Credit Card,Delivered
O000307,2025-06-07,C0534,P0158,E032,3,0.1,Cash on Delivery,Delivered
O001892,2025-06-07,C0456,P0113,E039,6,0.0,UPI,Delivered
O005887,2025-06-07,C0791,P0166,E023,1,0.15,Debit Card,Delivered
O005964,2025-06-07,C0635,P0090,E040,3,0.0,UPI,Delivered
O007172,2025-06-07,C0783,P0096,E036,3,0.05,Debit Card,Delivered
O007452,2025-06-07,C0801,P0200,E004,10,0.0,UPI,Delivered
O007647,2025-06-07,C0283,P0148,E026,2,0.0,Cash on Delivery,Delivered
O008966,2025-06-07,C0227,P0056,E018,3,0.2,Credit Card,Delivered
O009415,2025-06-07,C0081,P0012,E008,2,0.1,UPI,Delivered
O009451,2025-06-07,C0969,P0111,E015,1,0.0,Net Banking,Delivered
O009589,2025-06-07,C0171,P0062,E014,3,0.0,Credit Card,Returned
O001230,2025-06-08,C0664,P0126,E044,5,0.0,Credit Card,Delivered
O001700,2025-06-08,C0349,P0198,E017,5,0.05,Credit Card,Delivered
O001898,2025-06-08,C0532,P0146,E046,4,0.02,Cash on Delivery,Delivered
O005298,2025-06-08,C0837,P0051,E028,4,0.02,UPI,Delivered
O005845,2025-06-08,C0088,P0070,E048,3,0.15,UPI,Delivered
O006498,2025-06-08,C0784,P0079,E035,5,0.1,Debit Card,Delivered
O007053,2025-06-08,C0171,P0018,E050,2,0.1,Debit Card,Cancelled
O007238,2025-06-08,C0837,P0079,E022,2,0.0,Net Banking,Delivered
O007432,2025-06-08,C0378,P0099,E019,5,0.05,UPI,Delivered
O007651,2025-06-08,C0578,P0198,E046,2,0.05,Net Banking,Delivered
O009398,2025-06-08,C0214,P0109,E022,1,0.0,UPI,Delivered
O001098,2025-06-09,C0774,P0104,E001,1,0.0,Debit Card,Delivered
O004164,2025-06-09,C0679,P0186,E027,1,0.02,Debit Card,Delivered
O004323,2025-06-09,C0949,P0082,E015,3,0.05,Credit Card,Delivered
O004521,2025-06-09,C0258,P0101,E042,5,0.02,Credit Card,Delivered
O006228,2025-06-09,C0382,P0058,E040,5,0.1,Net Banking,Delivered
O008225,2025-06-09,C0195,P0153,E046,3,0.0,UPI,Delivered
O008443,2025-06-09,C0308,P0196,E006,1,0.0,UPI,Delivered
O008454,2025-06-09,C0983,P0185,E047,1,0.0,Credit Card,Delivered
O008570,2025-06-09,C0720,P0126,E009,2,0.0,Credit Card,Delivered
O000043,2025-06-10,C0683,P0179,E044,3,0.0,Net Banking,Delivered
O000113,2025-06-10,C0257,P0007,E044,10,0.0,Cash on Delivery,Cancelled
O000131,2025-06-10,C0232,P0112,E007,3,0.0,Debit Card,Delivered
O000529,2025-06-10,C0671,P0008,E001,8,0.0,Debit Card,Delivered
O000706,2025-06-10,C0675,P0199,E028,5,0.15,Net Banking,Delivered
O001678,2025-06-10,C0670,P0110,E008,1,0.0,Net Banking,Returned
O001952,2025-06-10,C0710,P0149,E023,2,0.2,Credit Card,Delivered
O002602,2025-06-10,C0273,P0136,E049,8,0.05,Debit Card,Delivered
O002923,2025-06-10,C0027,P0086,E046,1,0.02,UPI,Shipped
O006861,2025-06-10,C0760,P0062,E039,10,0.0,Debit Card,Delivered
O008279,2025-06-10,C0222,P0185,E034,2,0.0,Cash on Delivery,Delivered
O001396,2025-06-11,C0174,P0200,E006,1,0.2,Credit Card,Delivered
O004302,2025-06-11,C0596,P0119,E033,1,0.0,Credit Card,Delivered
O005890,2025-06-11,C0094,P0125,E047,2,0.0,Cash on Delivery,Shipped
O006917,2025-06-11,C0917,P0030,E016,6,0.02,Debit Card,Cancelled
O009892,2025-06-11,C0603,P0003,E026,2,0.0,Credit Card,Delivered
O009917,2025-06-11,C0614,P0041,E038,2,0.15,UPI,Delivered
O000872,2025-06-12,C0702,P0004,E010,1,0.1,UPI,Delivered
O003655,2025-06-12,C0205,P0024,E016,4,0.15,Cash on Delivery,Delivered
O005155,2025-06-12,C0588,P0003,E022,4,0.0,Debit Card,Delivered
O006021,2025-06-12,C0997,P0184,E007,3,0.0,Debit Card,Delivered
O006376,2025-06-12,C0931,P0026,E047,1,0.05,Net Banking,Delivered
O006785,2025-06-12,C0641,P0047,E015,1,0.05,Credit Card,Delivered
O006876,2025-06-12,C0426,P0178,E046,1,0.0,Credit Card,Delivered
O006924,2025-06-12,C0882,P0069,E041,1,0.0,Cash on Delivery,Delivered
O008624,2025-06-12,C0223,P0134,E003,2,0.1,Debit Card,Delivered
O009006,2025-06-12,C0044,P0194,E023,2,0.02,UPI,Delivered
O009211,2025-06-12,C0793,P0136,E033,4,0.0,UPI,Delivered
O000150,2025-06-13,C0104,P0191,E046,2,0.0,Credit Card,Delivered
O000624,2025-06-13,C0779,P0177,E027,2,0.1,UPI,Delivered
O000645,2025-06-13,C0317,P0110,E001,8,0.02,Net Banking,Delivered
O000975,2025-06-13,C0664,P0067,E046,2,0.0,Debit Card,Delivered
O002250,2025-06-13,C0665,P0161,E025,1,0.05,UPI,Delivered
O004282,2025-06-13,C0688,P0178,E036,5,0.05,Net Banking,Delivered
O007132,2025-06-13,C0309,P0111,E050,6,0.02,UPI,Delivered
O009671,2025-06-13,C0271,P0161,E034,3,0.1,Credit Card,Delivered
O009712,2025-06-13,C0902,P0079,E028,3,0.0,Cash on Delivery,Cancelled
O002591,2025-06-14,C0138,P0049,E050,2,0.0,Debit Card,Cancelled
O002830,2025-06-14,C0334,P0176,E014,3,0.05,UPI,Delivered
O002969,2025-06-14,C0378,P0004,E005,3,0.0,Debit Card,Delivered
O002997,2025-06-14,C0995,P0010,E011,1,0.0,Cash on Delivery,Delivered
O005332,2025-06-14,C0338,P0049,E034,1,0.02,Net Banking,Delivered
O006095,2025-06-14,C0699,P0178,E004,3,0.0,Credit Card,Cancelled
O006915,2025-06-14,C0441,P0156,E021,2,0.1,Debit Card,Delivered
O007182,2025-06-14,C0347,P0147,E018,3,0.05,Credit Card,Delivered
O008732,2025-06-14,C0704,P0168,E003,3,0.05,Net Banking,Delivered
O008791,2025-06-14,C0275,P0109,E046,2,0.02,Cash on Delivery,Delivered
O002040,2025-06-15,C0842,P0145,E025,3,0.2,UPI,Delivered
O002176,2025-06-15,C0366,P0092,E008,2,0.0,UPI,Delivered
O002523,2025-06-15,C0959,P0137,E029,5,0.1,Debit Card,Delivered
O002679,2025-06-15,C0021,P0018,E050,5,0.05,UPI,Shipped
O003665,2025-06-15,C0665,P0191,E018,1,0.1,Cash on Delivery,Cancelled
O005618,2025-06-15,C0657,P0085,E041,2,0.1,Debit Card,Delivered
O008455,2025-06-15,C0932,P0166,E029,5,0.0,Cash on Delivery,Delivered
O009740,2025-06-15,C0403,P0198,E043,5,0.05,Debit Card,Delivered
O000746,2025-06-16,C0745,P0035,E013,6,0.0,Credit Card,Delivered
O001473,2025-06-16,C0944,P0168,E035,5,0.15,Debit Card,Delivered
O002232,2025-06-16,C0003,P0039,E035,2,0.1,UPI,Delivered
O003747,2025-06-16,C0492,P0158,E040,3,0.05,UPI,Delivered
O004366,2025-06-16,C0151,P0198,E008,2,0.05,Debit Card,Delivered
O005157,2025-06-16,C0956,P0017,E046,4,0.05,Credit Card,Shipped
O005715,2025-06-16,C0928,P0152,E012,2,0.0,UPI,Delivered
O005838,2025-06-16,C0901,P0041,E022,1,0.0,UPI,Returned
O007027,2025-06-16,C0450,P0121,E047,3,0.02,Debit Card,Delivered
O007094,2025-06-16,C0094,P0159,E016,3,0.05,Net Banking,Delivered
O008134,2025-06-16,C0502,P0174,E050,2,0.1,Cash on Delivery,Delivered
O008231,2025-06-16,C0466,P0180,E008,3,0.0,UPI,Delivered
O008305,2025-06-16,C0997,P0171,E024,6,0.02,UPI,Cancelled
O008728,2025-06-16,C0300,P0046,E029,8,0.1,Debit Card,Returned
O008996,2025-06-16,C0620,P0049,E007,1,0.02,Net Banking,Delivered
O009059,2025-06-16,C0691,P0190,E012,3,0.1,Credit Card,Delivered
O000780,2025-06-17,C0099,P0083,E028,3,0.2,Credit Card,Delivered
O001021,2025-06-17,C0712,P0124,E036,2,0.0,Cash on Delivery,Delivered
O003820,2025-06-17,C0307,P0072,E024,1,0.0,Credit Card,Delivered
O005077,2025-06-17,C0886,P0120,E012,1,0.05,Cash on Delivery,Delivered
O005080,2025-06-17,C0462,P0018,E044,2,0.0,Credit Card,Cancelled
O006694,2025-06-17,C0889,P0111,E012,3,0.05,Credit Card,Cancelled
O007843,2025-06-17,C0797,P0097,E026,6,0.1,Credit Card,Delivered
O008075,2025-06-17,C0135,P0031,E009,5,0.0,Net Banking,Delivered
O009054,2025-06-17,C0935,P0112,E008,1,0.05,UPI,Delivered
O000123,2025-06-18,C0814,P0018,E014,1,0.1,Credit Card,Delivered
O000749,2025-06-18,C0179,P0155,E014,3,0.0,Debit Card,Delivered
O002044,2025-06-18,C0765,P0070,E026,5,0.05,Credit Card,Shipped
O002573,2025-06-18,C0790,P0083,E020,3,0.0,Credit Card,Delivered
O003743,2025-06-18,C0893,P0187,E016,8,0.1,UPI,Delivered
O004984,2025-06-18,C0311,P0008,E011,10,0.1,Net Banking,Shipped
O005064,2025-06-18,C0928,P0126,E014,4,0.05,Credit Card,Delivered
O005973,2025-06-18,C0054,P0042,E023,1,0.1,Cash on Delivery,Delivered
O006217,2025-06-18,C0003,P0045,E047,1,0.0,Credit Card,Delivered
O006451,2025-06-18,C0462,P0101,E013,1,0.0,Cash on Delivery,Delivered
O000175,2025-06-19,C0104,P0030,E017,1,0.0,UPI,Delivered
O000357,2025-06-19,C0680,P0054,E010,2,0.0,Debit Card,Delivered
O002240,2025-06-19,C1000,P0146,E014,1,0.0,Debit Card,Delivered
O002516,2025-06-19,C0745,P0023,E047,4,0.05,Cash on Delivery,Delivered
O004381,2025-06-19,C0798,P0128,E031,1,0.0,Debit Card,Delivered
O004419,2025-06-19,C0135,P0175,E013,1,0.0,Debit Card,Returned
O004820,2025-06-19,C0916,P0189,E015,2,0.05,Debit Card,Delivered
O004956,2025-06-19,C0960,P0062,E049,5,0.0,UPI,Delivered
O005790,2025-06-19,C0878,P0003,E011,1,0.05,Cash on Delivery,Delivered
O005968,2025-06-19,C0494,P0053,E004,6,0.1,Credit Card,Delivered
O006093,2025-06-19,C0551,P0184,E009,6,0.02,Credit Card,Delivered
O006536,2025-06-19,C0999,P0126,E014,4,0.2,Cash on Delivery,Delivered
O009088,2025-06-19,C0064,P0179,E038,3,0.02,Net Banking,Cancelled
O009833,2025-06-19,C0807,P0175,E035,1,0.05,Credit Card,Cancelled
O000306,2025-06-20,C0172,P0066,E026,2,0.05,UPI,Delivered
O001248,2025-06-20,C0047,P0164,E045,1,0.1,UPI,Delivered
O002782,2025-06-20,C0050,P0008,E025,2,0.0,UPI,Delivered
O003403,2025-06-20,C0092,P0168,E038,1,0.0,Credit Card,Cancelled
O003799,2025-06-20,C0251,P0120,E029,1,0.1,Debit Card,Returned
O004623,2025-06-20,C0646,P0060,E016,2,0.0,Credit Card,Delivered
O005314,2025-06-20,C0470,P0143,E028,5,0.05,UPI,Delivered
O007146,2025-06-20,C0420,P0015,E047,3,0.0,Debit Card,Shipped
O007991,2025-06-20,C0583,P0024,E005,2,0.0,Debit Card,Delivered
O008712,2025-06-20,C0584,P0070,E032,2,0.0,Credit Card,Delivered
O009442,2025-06-20,C0598,P0179,E027,2,0.1,UPI,Delivered
O000023,2025-06-21,C0877,P0187,E023,1,0.05,Net Banking,Delivered
O000416,2025-06-21,C0743,P0084,E042,4,0.0,Credit Card,Cancelled
O002279,2025-06-21,C0077,P0046,E014,4,0.0,Credit Card,Delivered
O003303,2025-06-21,C0591,P0064,E044,2,0.15,Cash on Delivery,Shipped
O003563,2025-06-21,C0350,P0158,E045,4,0.0,Net Banking,Delivered
O003949,2025-06-21,C0312,P0128,E008,1,0.0,Net Banking,Delivered
O005683,2025-06-21,C0662,P0105,E032,1,0.02,UPI,Delivered
O006264,2025-06-21,C0913,P0162,E037,4,0.1,Credit Card,Delivered
O006908,2025-06-21,C0944,P0014,E008,6,0.0,Cash on Delivery,Delivered
O007017,2025-06-21,C0189,P0021,E017,2,0.0,Credit Card,Delivered
O007314,2025-06-21,C0609,P0154,E043,3,0.02,UPI,Delivered
O007511,2025-06-21,C0421,P0001,E018,6,0.0,UPI,Delivered
O000273,2025-06-22,C0528,P0067,E007,2,0.0,Credit Card,Delivered
O000628,2025-06-22,C0952,P0041,E017,4,0.05,Credit Card,Delivered
O002265,2025-06-22,C0185,P0114,E033,5,0.15,UPI,Shipped
O002626,2025-06-22,C0997,P0056,E049,2,0.0,Debit Card,Delivered
O003465,2025-06-22,C0572,P0002,E038,2,0.15,Credit Card,Delivered
O005407,2025-06-22,C0801,P0183,E019,2,0.2,Cash on Delivery,Delivered
O005534,2025-06-22,C0818,P0022,E022,1,0.0,UPI,Delivered
O005865,2025-06-22,C0761,P0123,E039,5,0.15,UPI,Shipped
O006928,2025-06-22,C0975,P0038,E005,2,0.05,Credit Card,Delivered
O007574,2025-06-22,C0604,P0146,E033,3,0.05,UPI,Delivered
O009763,2025-06-22,C0186,P0021,E019,1,0.0,UPI,Delivered
O000290,2025-06-23,C0223,P0006,E007,3,0.15,Net Banking,Delivered
O001699,2025-06-23,C0419,P0188,E039,5,0.05,UPI,Delivered
O002506,2025-06-23,C0125,P0103,E028,2,0.05,Cash on Delivery,Delivered
O003021,2025-06-23,C0728,P0196,E017,2,0.1,Credit Card,Delivered
O003224,2025-06-23,C0997,P0083,E043,5,0.1,Debit Card,Delivered
O003305,2025-06-23,C0935,P0079,E015,8,0.0,Credit Card,Delivered
O003353,2025-06-23,C0903,P0107,E025,1,0.05,Net Banking,Cancelled
O003578,2025-06-23,C0571,P0012,E038,4,0.05,Cash on Delivery,Delivered
O004141,2025-06-23,C0080,P0034,E033,3,0.1,UPI,Cancelled
O004656,2025-06-23,C0107,P0145,E024,1,0.1,Credit Card,Returned
O005329,2025-06-23,C0060,P0187,E026,3,0.0,Debit Card,Delivered
O005383,2025-06-23,C0847,P0172,E028,3,0.05,Debit Card,Delivered
O005967,2025-06-23,C0769,P0151,E039,1,0.0,UPI,Delivered
O008430,2025-06-23,C0486,P0098,E044,2,0.02,Net Banking,Delivered
O008926,2025-06-23,C0370,P0157,E014,1,0.2,Credit Card,Delivered
O000395,2025-06-24,C0285,P0196,E016,1,0.15,Credit Card,Returned
O000466,2025-06-24,C0365,P0055,E007,1,0.05,Debit Card,Delivered
O002125,2025-06-24,C0135,P0147,E039,2,0.0,Debit Card,Delivered
O002319,2025-06-24,C0679,P0007,E040,2,0.0,Credit Card,Delivered
O004777,2025-06-24,C0444,P0071,E006,8,0.15,Debit Card,Delivered
O005979,2025-06-24,C0599,P0172,E007,4,0.0,Credit Card,Delivered
O006509,2025-06-24,C0002,P0006,E008,1,0.05,Credit Card,Delivered
O007050,2025-06-24,C0428,P0192,E011,2,0.0,UPI,Delivered
O007662,2025-06-24,C0459,P0120,E023,10,0.0,UPI,Delivered
O008188,2025-06-24,C0243,P0074,E035,2,0.05,Cash on Delivery,Cancelled
O008821,2025-06-24,C0400,P0197,E012,1,0.02,Cash on Delivery,Shipped
O008904,2025-06-24,C0995,P0133,E005,4,0.2,UPI,Cancelled
O009244,2025-06-24,C0092,P0005,E048,3,0.05,Credit Card,Delivered
O009480,2025-06-24,C0997,P0046,E027,1,0.0,UPI,Delivered
O001950,2025-06-25,C0562,P0157,E006,10,0.05,Net Banking,Delivered
O002166,2025-06-25,C0198,P0044,E036,3,0.05,UPI,Delivered
O002484,2025-06-25,C0913,P0171,E047,4,0.1,Credit Card,Delivered
O002878,2025-06-25,C0334,P0117,E035,2,0.02,Net Banking,Delivered
O003005,2025-06-25,C0407,P0121,E016,1,0.0,Cash on Delivery,Cancelled
O003229,2025-06-25,C0648,P0087,E018,2,0.02,UPI,Delivered
O003508,2025-06-25,C0852,P0186,E031,1,0.02,Debit Card,Delivered
O003717,2025-06-25,C0088,P0080,E019,2,0.0,Debit Card,Delivered
O004606,2025-06-25,C0620,P0011,E013,6,0.05,Credit Card,Delivered
O004736,2025-06-25,C0018,P0190,E031,6,0.1,UPI,Cancelled
O005265,2025-06-25,C0093,P0004,E025,1,0.0,Debit Card,Delivered
O007352,2025-06-25,C0434,P0187,E030,1,0.2,UPI,Delivered
O008082,2025-06-25,C0853,P0156,E004,1,0.05,UPI,Delivered
O009652,2025-06-25,C0971,P0072,E036,4,0.0,Net Banking,Delivered
O001180,2025-06-26,C0622,P0074,E003,1,0.1,UPI,Delivered
O001249,2025-06-26,C0207,P0029,E033,3,0.1,UPI,Delivered
O001320,2025-06-26,C0241,P0115,E030,1,0.02,Debit Card,Delivered
O001434,2025-06-26,C0818,P0128,E021,1,0.0,UPI,Delivered
O002721,2025-06-26,C0955,P0094,E046,2,0.1,Cash on Delivery,Delivered
O003008,2025-06-26,C0384,P0139,E002,2,0.1,Debit Card,Cancelled
O003116,2025-06-26,C0378,P0136,E037,2,0.05,Debit Card,Delivered
O003163,2025-06-26,C0097,P0105,E016,3,0.05,Cash on Delivery,Cancelled
O004907,2025-06-26,C0728,P0002,E037,4,0.02,Credit Card,Delivered
O007241,2025-06-26,C0495,P0028,E048,2,0.05,Cash on Delivery,Delivered
O008033,2025-06-26,C0741,P0106,E001,1,0.0,Net Banking,Delivered
O000045,2025-06-27,C0051,P0013,E034,5,0.02,Debit Card,Delivered
O002005,2025-06-27,C0285,P0064,E040,4,0.0,Net Banking,Delivered
O002226,2025-06-27,C0953,P0004,E029,3,0.0,Debit Card,Returned
O002547,2025-06-27,C0333,P0154,E037,6,0.1,Debit Card,Delivered
O004148,2025-06-27,C0101,P0035,E048,4,0.05,UPI,Delivered
O004477,2025-06-27,C0450,P0032,E027,3,0.0,Net Banking,Returned
O005052,2025-06-27,C0486,P0148,E020,2,0.15,UPI,Delivered
O006657,2025-06-27,C0562,P0146,E029,2,0.05,Net Banking,Delivered
O007786,2025-06-27,C0734,P0155,E004,2,0.05,Cash on Delivery,Delivered
O008362,2025-06-27,C0131,P0076,E030,1,0.02,Cash on Delivery,Delivered
O009086,2025-06-27,C0227,P0156,E044,1,0.0,Credit Card,Delivered
O009147,2025-06-27,C0414,P0045,E025,1,0.05,Credit Card,Delivered
O001869,2025-06-28,C0286,P0159,E021,4,0.02,Debit Card,Delivered
O003568,2025-06-28,C0722,P0176,E003,2,0.05,Net Banking,Delivered
O003700,2025-06-28,C0901,P0082,E031,2,0.05,UPI,Delivered
O003959,2025-06-28,C0443,P0129,E026,4,0.1,Credit Card,Delivered
O004235,2025-06-28,C0217,P0073,E023,2,0.15,Cash on Delivery,Cancelled
O004339,2025-06-28,C0628,P0199,E019,1,0.02,Credit Card,Delivered
O004414,2025-06-28,C0063,P0044,E028,3,0.2,UPI,Delivered
O004468,2025-06-28,C0589,P0091,E036,1,0.0,Credit Card,Delivered
O005231,2025-06-28,C0984,P0007,E037,1,0.02,Debit Card,Returned
O005889,2025-06-28,C0859,P0112,E033,3,0.0,Net Banking,Delivered
O006463,2025-06-28,C0606,P0042,E008,8,0.0,Cash on Delivery,Delivered
O006992,2025-06-28,C0928,P0033,E037,1,0.0,Credit Card,Delivered
O008203,2025-06-28,C0587,P0055,E011,5,0.05,Credit Card,Returned
O001760,2025-06-29,C0298,P0017,E016,4,0.2,UPI,Delivered
O002608,2025-06-29,C0491,P0134,E004,1,0.15,Debit Card,Delivered
O003944,2025-06-29,C0357,P0027,E007,2,0.05,Credit Card,Delivered
O004544,2025-06-29,C0491,P0199,E003,1,0.02,Cash on Delivery,Delivered
O005159,2025-06-29,C0648,P0066,E013,2,0.0,Net Banking,Delivered
O006628,2025-06-29,C0603,P0053,E021,3,0.0,UPI,Delivered
O006978,2025-06-29,C0186,P0025,E010,5,0.0,UPI,Delivered
O007721,2025-06-29,C0486,P0011,E034,1,0.05,Credit Card,Delivered
O009101,2025-06-29,C0488,P0169,E047,1,0.0,Debit Card,Delivered
O009548,2025-06-29,C0492,P0014,E005,8,0.0,UPI,Delivered
O000031,2025-06-30,C0665,P0073,E018,4,0.05,Credit Card,Delivered
O000956,2025-06-30,C0262,P0101,E049,1,0.0,Debit Card,Delivered
O001306,2025-06-30,C0438,P0127,E015,5,0.0,Credit Card,Delivered
O001568,2025-06-30,C0487,P0060,E043,2,0.0,UPI,Shipped
O004343,2025-06-30,C0863,P0025,E030,5,0.02,Debit Card,Delivered
O004869,2025-06-30,C0167,P0057,E009,1,0.05,Debit Card,Delivered
O007310,2025-06-30,C0126,P0168,E041,1,0.0,UPI,Delivered
O007973,2025-06-30,C0668,P0138,E050,5,0.1,Cash on Delivery,Delivered
O008674,2025-06-30,C0398,P0043,E001,3,0.05,Credit Card,Delivered
O009411,2025-06-30,C0779,P0139,E002,1,0.02,Net Banking,Delivered
O000117,2025-07-01,C0012,P0090,E009,1,0.05,Credit Card,Delivered
O000294,2025-07-01,C0201,P0190,E047,1,0.1,Credit Card,Delivered
O000811,2025-07-01,C0956,P0186,E022,1,0.05,Net Banking,Delivered
O001287,2025-07-01,C0101,P0164,E032,3,0.2,Credit Card,Delivered
O001865,2025-07-01,C0167,P0080,E014,4,0.0,UPI,Delivered
O004831,2025-07-01,C0037,P0076,E017,3,0.05,Credit Card,Delivered
O006404,2025-07-01,C0070,P0107,E014,2,0.02,Net Banking,Delivered
O008948,2025-07-01,C0856,P0065,E044,4,0.2,UPI,Delivered
O009583,2025-07-01,C0332,P0127,E039,2,0.0,Debit Card,Delivered
O009713,2025-07-01,C0257,P0117,E001,1,0.02,Net Banking,Returned
O000014,2025-07-02,C0285,P0053,E024,1,0.0,Credit Card,Cancelled
O001603,2025-07-02,C0109,P0182,E022,2,0.02,Cash on Delivery,Delivered
O001888,2025-07-02,C0332,P0079,E012,2,0.0,Cash on Delivery,Delivered
O001997,2025-07-02,C0636,P0051,E036,1,0.02,Debit Card,Delivered
O004006,2025-07-02,C0876,P0094,E032,2,0.0,Net Banking,Delivered
O007305,2025-07-02,C0328,P0069,E026,5,0.02,Debit Card,Delivered
O009837,2025-07-02,C0490,P0092,E004,10,0.05,UPI,Delivered
O001541,2025-07-03,C0650,P0199,E025,2,0.0,UPI,Delivered
O001556,2025-07-03,C0761,P0041,E046,1,0.15,UPI,Shipped
O001844,2025-07-03,C0125,P0012,E033,5,0.1,Debit Card,Delivered
O001963,2025-07-03,C0988,P0156,E039,1,0.1,Credit Card,Delivered
O003792,2025-07-03,C0425,P0102,E012,5,0.1,Debit Card,Cancelled
O004534,2025-07-03,C0114,P0199,E038,3,0.02,Credit Card,Delivered
O005076,2025-07-03,C0801,P0017,E011,2,0.1,Debit Card,Delivered
O005483,2025-07-03,C0817,P0164,E041,3,0.1,UPI,Delivered
O005691,2025-07-03,C0736,P0121,E036,3,0.05,Net Banking,Delivered
O005713,2025-07-03,C0329,P0047,E040,1,0.0,Net Banking,Returned
O006805,2025-07-03,C0755,P0167,E038,1,0.0,Credit Card,Delivered
O008123,2025-07-03,C0273,P0154,E025,1,0.1,Credit Card,Delivered
O008247,2025-07-03,C0268,P0099,E035,4,0.0,UPI,Delivered
O008898,2025-07-03,C0065,P0034,E014,3,0.0,Credit Card,Delivered
O000979,2025-07-04,C0354,P0012,E030,1,0.0,UPI,Delivered
O001417,2025-07-04,C0290,P0098,E046,3,0.05,Cash on Delivery,Shipped
O001717,2025-07-04,C0112,P0096,E006,1,0.1,Debit Card,Returned
O002418,2025-07-04,C0745,P0164,E034,2,0.0,Debit Card,Shipped
O002931,2025-07-04,C0612,P0098,E023,1,0.15,Net Banking,Delivered
O003320,2025-07-04,C0911,P0099,E010,4,0.15,Net Banking,Delivered
O003692,2025-07-04,C0524,P0101,E048,2,0.05,Credit Card,Delivered
O003813,2025-07-04,C0317,P0120,E039,1,0.0,Credit Card,Delivered
O004094,2025-07-04,C0459,P0189,E019,2,0.0,Credit Card,Delivered
O004592,2025-07-04,C0421,P0136,E040,8,0.05,Debit Card,Delivered
O005462,2025-07-04,C0179,P0196,E050,1,0.0,Net Banking,Delivered
O005735,2025-07-04,C0533,P0056,E002,5,0.02,Credit Card,Delivered
O006985,2025-07-04,C0435,P0099,E013,4,0.0,Cash on Delivery,Delivered
O008023,2025-07-04,C0936,P0172,E027,3,0.0,UPI,Cancelled
O009314,2025-07-04,C0195,P0097,E030,6,0.0,Debit Card,Delivered
O009530,2025-07-04,C0384,P0191,E039,3,0.05,Cash on Delivery,Delivered
O009785,2025-07-04,C0092,P0125,E020,1,0.02,UPI,Delivered
O002095,2025-07-05,C0416,P0058,E031,5,0.0,UPI,Cancelled
O002524,2025-07-05,C0685,P0097,E033,3,0.0,UPI,Delivered
O004968,2025-07-05,C0694,P0047,E028,3,0.0,UPI,Shipped
O005471,2025-07-05,C0859,P0120,E016,8,0.05,Debit Card,Cancelled
O009108,2025-07-05,C0765,P0179,E037,1,0.15,Cash on Delivery,Shipped
O009683,2025-07-05,C0846,P0185,E039,1,0.02,Credit Card,Delivered
O009912,2025-07-05,C0294,P0089,E031,5,0.02,Net Banking,Delivered
O009924,2025-07-05,C0384,P0139,E028,3,0.1,Cash on Delivery,Delivered
O009947,2025-07-05,C0914,P0002,E039,2,0.02,UPI,Cancelled
O001300,2025-07-06,C0239,P0173,E046,2,0.0,Cash on Delivery,Delivered
O001935,2025-07-06,C0405,P0014,E047,1,0.02,UPI,Delivered
O002533,2025-07-06,C0665,P0046,E012,2,0.02,Net Banking,Delivered
O002622,2025-07-06,C0928,P0148,E043,5,0.0,Credit Card,Delivered
O002771,2025-07-06,C0998,P0087,E020,3,0.02,Net Banking,Delivered
O002961,2025-07-06,C0900,P0041,E048,1,0.05,UPI,Delivered
O004331,2025-07-06,C0280,P0088,E033,2,0.05,Net Banking,Delivered
O005079,2025-07-06,C0401,P0048,E030,5,0.02,Net Banking,Delivered
O005895,2025-07-06,C0946,P0072,E006,3,0.0,Credit Card,Delivered
O005926,2025-07-06,C0162,P0187,E030,2,0.0,Credit Card,Cancelled
O005951,2025-07-06,C0610,P0073,E005,2,0.0,Debit Card,Delivered
O007166,2025-07-06,C0879,P0114,E050,1,0.0,Credit Card,Delivered
O007517,2025-07-06,C0639,P0043,E019,1,0.1,Debit Card,Delivered
O009848,2025-07-06,C0631,P0059,E014,1,0.02,Net Banking,Delivered
O001376,2025-07-07,C0032,P0125,E038,1,0.0,Credit Card,Delivered
O001661,2025-07-07,C0670,P0145,E001,1,0.02,Debit Card,Delivered
O002145,2025-07-07,C0384,P0178,E037,10,0.05,Debit Card,Delivered
O002659,2025-07-07,C0952,P0086,E045,1,0.0,Debit Card,Delivered
O006568,2025-07-07,C0249,P0081,E010,4,0.05,UPI,Delivered
O007218,2025-07-07,C0448,P0054,E036,1,0.0,UPI,Delivered
O008839,2025-07-07,C0292,P0043,E014,6,0.05,Credit Card,Delivered
O009394,2025-07-07,C0562,P0167,E001,1,0.0,Credit Card,Delivered
O000084,2025-07-08,C0973,P0163,E014,4,0.02,Debit Card,Cancelled
O004320,2025-07-08,C0307,P0187,E047,10,0.0,Debit Card,Delivered
O005106,2025-07-08,C0844,P0071,E007,1,0.1,Credit Card,Returned
O007715,2025-07-08,C0437,P0054,E046,1,0.05,UPI,Shipped
O009587,2025-07-08,C0185,P0163,E038,2,0.0,Credit Card,Shipped
O001318,2025-07-09,C0219,P0005,E019,1,0.0,Credit Card,Delivered
O001681,2025-07-09,C0938,P0176,E036,5,0.1,Credit Card,Delivered
O003118,2025-07-09,C0761,P0146,E049,1,0.0,Net Banking,Delivered
O003807,2025-07-09,C0627,P0169,E042,1,0.0,Debit Card,Delivered
O003924,2025-07-09,C0853,P0020,E043,3,0.05,Debit Card,Shipped
O004038,2025-07-09,C0773,P0072,E018,5,0.1,Credit Card,Delivered
O004412,2025-07-09,C0583,P0199,E032,1,0.1,Net Banking,Delivered
O008185,2025-07-09,C0957,P0073,E048,1,0.2,Credit Card,Delivered
O008349,2025-07-09,C0860,P0044,E030,6,0.15,Credit Card,Delivered
O000439,2025-07-10,C0239,P0189,E042,3,0.02,UPI,Delivered
O002325,2025-07-10,C0940,P0169,E022,2,0.05,Credit Card,Delivered
O003785,2025-07-10,C0901,P0007,E017,5,0.02,Debit Card,Shipped
O007288,2025-07-10,C0697,P0090,E007,3,0.0,Credit Card,Delivered
O007654,2025-07-10,C0275,P0148,E021,6,0.02,UPI,Delivered
O007772,2025-07-10,C0646,P0128,E005,1,0.2,Net Banking,Delivered
O000655,2025-07-11,C0125,P0198,E023,2,0.0,UPI,Delivered
O001824,2025-07-11,C0778,P0115,E026,1,0.1,Debit Card,Delivered
O003227,2025-07-11,C0693,P0162,E050,3,0.02,Cash on Delivery,Delivered
O004362,2025-07-11,C0726,P0015,E040,1,0.02,Credit Card,Delivered
O005765,2025-07-11,C0922,P0106,E045,1,0.0,Net Banking,Delivered
O005996,2025-07-11,C0997,P0039,E002,2,0.0,Net Banking,Delivered
O007322,2025-07-11,C0228,P0118,E039,4,0.05,UPI,Delivered
O007625,2025-07-11,C0960,P0053,E036,4,0.0,Cash on Delivery,Delivered
O008661,2025-07-11,C0366,P0043,E044,2,0.0,Credit Card,Delivered
O001163,2025-07-12,C0679,P0023,E010,2,0.05,UPI,Delivered
O002843,2025-07-12,C0891,P0019,E008,4,0.15,Credit Card,Delivered
O004360,2025-07-12,C0159,P0146,E044,5,0.05,UPI,Delivered
O004646,2025-07-12,C0761,P0056,E015,8,0.1,Debit Card,Delivered
O005160,2025-07-12,C0001,P0169,E017,4,0.1,Debit Card,Cancelled
O005477,2025-07-12,C0203,P0194,E026,8,0.0,Debit Card,Delivered
O005892,2025-07-12,C0606,P0069,E021,1,0.05,Credit Card,Delivered
O005929,2025-07-12,C0911,P0039,E041,1,0.0,UPI,Delivered
O006177,2025-07-12,C0414,P0160,E045,2,0.2,Debit Card,Returned
O007213,2025-07-12,C0619,P0128,E034,3,0.05,Net Banking,Delivered
O008659,2025-07-12,C0339,P0095,E003,2,0.05,UPI,Delivered
O009091,2025-07-12,C0277,P0030,E031,5,0.0,UPI,Shipped
O009717,2025-07-12,C0848,P0041,E013,4,0.05,Credit Card,Delivered
O000846,2025-07-13,C0176,P0072,E041,1,0.15,UPI,Returned
O001167,2025-07-13,C0438,P0157,E045,4,0.0,Cash on Delivery,Delivered
O001666,2025-07-13,C0264,P0002,E017,2,0.0,UPI,Delivered
O004708,2025-07-13,C0073,P0137,E046,1,0.1,Credit Card,Delivered
O004864,2025-07-13,C0654,P0023,E031,1,0.1,UPI,Delivered
O005203,2025-07-13,C0468,P0002,E045,1,0.0,UPI,Delivered
O006792,2025-07-13,C0419,P0164,E046,1,0.0,Cash on Delivery,Delivered
O007239,2025-07-13,C0028,P0101,E034,2,0.2,UPI,Delivered
O009521,2025-07-13,C0503,P0109,E028,3,0.0,UPI,Returned
O000132,2025-07-14,C0021,P0039,E044,3,0.0,Net Banking,Cancelled
O000184,2025-07-14,C0839,P0168,E002,6,0.05,UPI,Delivered
O001585,2025-07-14,C0104,P0198,E022,1,0.0,UPI,Delivered
O001825,2025-07-14,C0372,P0190,E018,1,0.02,Net Banking,Shipped
O002140,2025-07-14,C0759,P0099,E045,1,0.1,UPI,Shipped
O007982,2025-07-14,C0764,P0056,E030,1,0.1,UPI,Delivered
O008146,2025-07-14,C0489,P0188,E032,1,0.0,Net Banking,Delivered
O009338,2025-07-14,C0035,P0175,E041,3,0.0,Credit Card,Delivered
O009906,2025-07-14,C0907,P0184,E006,1,0.05,Credit Card,Delivered
O000305,2025-07-15,C0471,P0001,E010,10,0.05,Net Banking,Delivered
O002202,2025-07-15,C0018,P0152,E006,2,0.1,Net Banking,Delivered
O002349,2025-07-15,C0622,P0009,E031,1,0.15,UPI,Delivered
O003128,2025-07-15,C0828,P0171,E020,1,0.1,Credit Card,Returned
O004385,2025-07-15,C0223,P0078,E006,3,0.0,UPI,Delivered
O005069,2025-07-15,C0931,P0093,E021,2,0.1,Credit Card,Cancelled
O005822,2025-07-15,C0680,P0142,E018,1,0.15,Credit Card,Delivered
O005862,2025-07-15,C0383,P0142,E050,3,0.05,Cash on Delivery,Delivered
O006028,2025-07-15,C0797,P0050,E042,1,0.05,UPI,Delivered
O007538,2025-07-15,C0049,P0066,E048,5,0.2,Net Banking,Delivered
O008105,2025-07-15,C0990,P0100,E036,1,0.0,Cash on Delivery,Delivered
O009545,2025-07-15,C0444,P0084,E050,1,0.02,Credit Card,Delivered
O001776,2025-07-16,C0852,P0186,E005,4,0.0,Debit Card,Delivered
O002188,2025-07-16,C0675,P0008,E047,3,0.15,Credit Card,Delivered
O002531,2025-07-16,C0381,P0093,E049,3,0.0,Debit Card,Delivered
O003197,2025-07-16,C0602,P0053,E026,2,0.05,UPI,Delivered
O005638,2025-07-16,C0277,P0081,E021,2,0.05,Debit Card,Cancelled
O005992,2025-07-16,C0802,P0198,E012,1,0.02,Credit Card,Delivered
O006270,2025-07-16,C0967,P0077,E023,6,0.1,Credit Card,Delivered
O006436,2025-07-16,C0028,P0148,E042,2,0.0,UPI,Delivered
O007937,2025-07-16,C0082,P0024,E003,6,0.15,Credit Card,Delivered
O000167,2025-07-17,C0892,P0065,E041,1,0.1,Credit Card,Delivered
O000950,2025-07-17,C0629,P0179,E043,2,0.0,Debit Card,Delivered
O001429,2025-07-17,C0964,P0015,E031,1,0.2,Debit Card,Delivered
O002238,2025-07-17,C0966,P0049,E004,4,0.0,UPI,Delivered
O002274,2025-07-17,C0984,P0077,E002,2,0.0,UPI,Delivered
O003240,2025-07-17,C0383,P0162,E031,5,0.0,Net Banking,Delivered
O004190,2025-07-17,C0287,P0140,E042,3,0.0,Debit Card,Delivered
O006008,2025-07-17,C0928,P0123,E048,10,0.0,Net Banking,Cancelled
O006475,2025-07-17,C0873,P0064,E040,2,0.0,UPI,Delivered
O006766,2025-07-17,C0596,P0136,E044,2,0.02,Cash on Delivery,Delivered
O007390,2025-07-17,C0178,P0002,E025,1,0.0,Credit Card,Cancelled
O009865,2025-07-17,C0404,P0122,E037,2,0.1,Debit Card,Delivered
O000728,2025-07-18,C0355,P0034,E018,3,0.05,UPI,Delivered
O001170,2025-07-18,C0696,P0052,E035,1,0.2,UPI,Delivered
O001782,2025-07-18,C0531,P0182,E018,8,0.02,Net Banking,Delivered
O002017,2025-07-18,C0784,P0163,E002,3,0.0,UPI,Delivered
O002306,2025-07-18,C0578,P0022,E008,8,0.0,Credit Card,Delivered
O005308,2025-07-18,C0350,P0196,E020,2,0.0,Debit Card,Delivered
O005361,2025-07-18,C0169,P0014,E029,1,0.05,Debit Card,Shipped
O005988,2025-07-18,C0161,P0083,E045,2,0.05,UPI,Delivered
O006076,2025-07-18,C0954,P0009,E017,6,0.1,Cash on Delivery,Cancelled
O007875,2025-07-18,C0198,P0129,E012,5,0.2,Debit Card,Delivered
O008268,2025-07-18,C0173,P0178,E037,2,0.0,Debit Card,Delivered
O009085,2025-07-18,C0755,P0108,E018,3,0.1,UPI,Delivered
O001614,2025-07-19,C0706,P0065,E024,2,0.1,Net Banking,Delivered
O001807,2025-07-19,C0044,P0188,E040,4,0.0,UPI,Cancelled
O002354,2025-07-19,C0681,P0011,E007,4,0.05,Cash on Delivery,Cancelled
O003158,2025-07-19,C0964,P0044,E049,2,0.0,Debit Card,Delivered
O003500,2025-07-19,C0023,P0137,E029,3,0.1,Net Banking,Cancelled
O003758,2025-07-19,C0007,P0085,E014,2,0.2,Credit Card,Delivered
O003988,2025-07-19,C0064,P0138,E043,4,0.1,Net Banking,Delivered
O004601,2025-07-19,C0630,P0048,E019,5,0.05,Credit Card,Delivered
O006492,2025-07-19,C0189,P0193,E036,6,0.1,Cash on Delivery,Delivered
O008071,2025-07-19,C0324,P0131,E016,1,0.15,Debit Card,Delivered
O008110,2025-07-19,C0514,P0070,E036,3,0.1,UPI,Delivered
O009299,2025-07-19,C0250,P0153,E018,5,0.0,Net Banking,Delivered
O000520,2025-07-20,C0609,P0071,E006,8,0.05,Cash on Delivery,Delivered
O000940,2025-07-20,C0671,P0024,E026,1,0.02,Credit Card,Delivered
O001090,2025-07-20,C0768,P0091,E045,2,0.0,UPI,Delivered
O001990,2025-07-20,C0992,P0107,E002,2,0.1,Debit Card,Delivered
O002600,2025-07-20,C0466,P0072,E044,4,0.0,Debit Card,Cancelled
O002800,2025-07-20,C0249,P0151,E028,1,0.02,Credit Card,Delivered
O003475,2025-07-20,C0964,P0075,E026,4,0.0,UPI,Delivered
O004518,2025-07-20,C0544,P0109,E045,3,0.15,Net Banking,Delivered
O005315,2025-07-20,C0326,P0042,E041,5,0.0,Credit Card,Cancelled
O005544,2025-07-20,C0227,P0119,E011,2,0.0,Net Banking,Delivered
O005896,2025-07-20,C0856,P0127,E016,2,0.05,Net Banking,Delivered
O006541,2025-07-20,C0726,P0051,E011,3,0.2,Credit Card,Delivered
O006850,2025-07-20,C0439,P0099,E041,1,0.0,Credit Card,Delivered
O006960,2025-07-20,C0125,P0082,E037,2,0.0,UPI,Delivered
O000022,2025-07-21,C0125,P0108,E034,3,0.0,UPI,Delivered
O001464,2025-07-21,C0707,P0007,E036,8,0.05,Cash on Delivery,Delivered
O001993,2025-07-21,C0113,P0016,E020,1,0.05,Net Banking,Delivered
O002098,2025-07-21,C0164,P0018,E018,1,0.05,Net Banking,Delivered
O002728,2025-07-21,C0854,P0012,E006,3,0.05,Credit Card,Returned
O004209,2025-07-21,C0203,P0176,E003,2,0.0,UPI,Cancelled
O004520,2025-07-21,C0002,P0036,E016,6,0.05,Net Banking,Delivered
O009076,2025-07-21,C0953,P0154,E039,5,0.05,Cash on Delivery,Delivered
O000634,2025-07-22,C0961,P0168,E044,1,0.0,Debit Card,Shipped
O002124,2025-07-22,C0480,P0077,E028,5,0.0,Credit Card,Delivered
O002363,2025-07-22,C0745,P0152,E004,3,0.05,UPI,Delivered
O002581,2025-07-22,C0177,P0088,E003,5,0.05,Debit Card,Delivered
O003208,2025-07-22,C0466,P0135,E017,1,0.0,UPI,Cancelled
O003322,2025-07-22,C0350,P0037,E035,1,0.0,Cash on Delivery,Delivered
O004269,2025-07-22,C0462,P0172,E049,10,0.02,Credit Card,Delivered
O005603,2025-07-22,C0822,P0001,E002,2,0.0,Net Banking,Delivered
O006057,2025-07-22,C0879,P0045,E038,1,0.0,Credit Card,Delivered
O006432,2025-07-22,C0081,P0152,E016,1,0.2,Credit Card,Delivered
O007269,2025-07-22,C0363,P0147,E011,1,0.05,Credit Card,Delivered
O007281,2025-07-22,C0093,P0144,E040,1,0.02,Debit Card,Delivered
O007453,2025-07-22,C0724,P0031,E025,1,0.05,Cash on Delivery,Delivered
O007669,2025-07-22,C0190,P0167,E008,2,0.0,UPI,Delivered
O008869,2025-07-22,C0050,P0008,E034,3,0.1,Credit Card,Delivered
O000907,2025-07-23,C0761,P0139,E022,1,0.0,Credit Card,Delivered
O003097,2025-07-23,C0376,P0185,E045,4,0.0,UPI,Delivered
O003970,2025-07-23,C0358,P0033,E018,5,0.0,UPI,Delivered
O004461,2025-07-23,C0096,P0048,E050,3,0.0,UPI,Cancelled
O004815,2025-07-23,C0662,P0092,E042,1,0.1,UPI,Delivered
O005717,2025-07-23,C0135,P0168,E036,1,0.05,Net Banking,Delivered
O006011,2025-07-23,C0984,P0197,E042,5,0.15,Cash on Delivery,Delivered
O007150,2025-07-23,C0108,P0162,E026,6,0.0,UPI,Cancelled
O007810,2025-07-23,C0813,P0017,E015,1,0.0,Net Banking,Delivered
O008846,2025-07-23,C0848,P0186,E007,4,0.05,Net Banking,Returned
O008974,2025-07-23,C0021,P0153,E010,1,0.0,UPI,Delivered
O003927,2025-07-24,C0372,P0165,E035,2,0.0,UPI,Delivered
O004590,2025-07-24,C0399,P0068,E017,1,0.05,Credit Card,Returned
O005290,2025-07-24,C0107,P0192,E022,3,0.05,UPI,Delivered
O006581,2025-07-24,C0578,P0102,E007,8,0.05,UPI,Delivered
O006819,2025-07-24,C0689,P0166,E017,1,0.02,UPI,Cancelled
O006873,2025-07-24,C0930,P0064,E036,4,0.0,UPI,Delivered
O008912,2025-07-24,C0189,P0161,E017,3,0.05,Cash on Delivery,Delivered
O008967,2025-07-24,C0472,P0010,E049,2,0.1,Debit Card,Delivered
O009657,2025-07-24,C0665,P0021,E027,1,0.0,Net Banking,Delivered
O009696,2025-07-24,C0999,P0145,E006,2,0.0,Debit Card,Delivered
O000239,2025-07-25,C0444,P0151,E043,4,0.1,UPI,Delivered
O000695,2025-07-25,C0425,P0016,E039,3,0.1,Debit Card,Delivered
O001448,2025-07-25,C0401,P0178,E013,1,0.0,Net Banking,Delivered
O001718,2025-07-25,C0334,P0046,E050,4,0.2,Net Banking,Returned
O002710,2025-07-25,C0430,P0027,E021,6,0.0,UPI,Delivered
O002770,2025-07-25,C0816,P0107,E020,4,0.0,UPI,Delivered
O003631,2025-07-25,C0872,P0075,E012,1,0.05,Net Banking,Delivered
O005645,2025-07-25,C0874,P0153,E020,2,0.1,UPI,Returned
O007018,2025-07-25,C0531,P0051,E017,3,0.05,Cash on Delivery,Delivered
O007737,2025-07-25,C0699,P0018,E011,2,0.0,Debit Card,Cancelled
O007750,2025-07-25,C0380,P0016,E046,1,0.05,Credit Card,Delivered
O009155,2025-07-25,C0630,P0084,E006,4,0.02,Debit Card,Delivered
O000041,2025-07-26,C0573,P0128,E042,2,0.1,Net Banking,Delivered
O000054,2025-07-26,C0624,P0138,E032,1,0.05,Net Banking,Cancelled
O000488,2025-07-26,C0176,P0083,E017,2,0.05,Debit Card,Delivered
O001244,2025-07-26,C0641,P0009,E042,1,0.05,Debit Card,Delivered
O002141,2025-07-26,C0285,P0112,E037,3,0.0,Credit Card,Returned
O003445,2025-07-26,C0283,P0018,E001,5,0.2,Credit Card,Delivered
O004728,2025-07-26,C0992,P0009,E012,5,0.1,UPI,Delivered
O006388,2025-07-26,C0438,P0073,E037,1,0.0,Credit Card,Shipped
O007205,2025-07-26,C0875,P0159,E044,6,0.0,UPI,Delivered
O007758,2025-07-26,C0019,P0023,E007,8,0.05,UPI,Delivered
O007904,2025-07-26,C0043,P0105,E036,6,0.0,Net Banking,Delivered
O008005,2025-07-26,C0001,P0195,E042,4,0.02,Cash on Delivery,Returned
O008270,2025-07-26,C0319,P0175,E045,2,0.15,Debit Card,Delivered
O009131,2025-07-26,C0149,P0188,E014,3,0.0,UPI,Delivered
O009481,2025-07-26,C0606,P0131,E032,3,0.0,Cash on Delivery,Delivered
O009560,2025-07-26,C0952,P0072,E043,2,0.05,Cash on Delivery,Delivered
O009821,2025-07-26,C0346,P0021,E034,2,0.1,UPI,Delivered
O009991,2025-07-26,C0561,P0094,E047,1,0.05,Credit Card,Delivered
O000949,2025-07-27,C0831,P0198,E040,1,0.05,Credit Card,Delivered
O002078,2025-07-27,C0650,P0138,E034,2,0.1,Credit Card,Delivered
O003587,2025-07-27,C0745,P0135,E028,1,0.0,Credit Card,Shipped
O003647,2025-07-27,C0192,P0181,E021,4,0.2,Cash on Delivery,Delivered
O003951,2025-07-27,C0359,P0091,E011,1,0.05,UPI,Delivered
O004768,2025-07-27,C0428,P0048,E045,10,0.05,Net Banking,Delivered
O004807,2025-07-27,C0764,P0010,E009,3,0.05,Debit Card,Delivered
O005402,2025-07-27,C0738,P0192,E022,3,0.05,Credit Card,Delivered
O005664,2025-07-27,C0562,P0052,E019,5,0.0,Cash on Delivery,Delivered
O006345,2025-07-27,C0596,P0144,E050,1,0.1,UPI,Delivered
O006676,2025-07-27,C0696,P0179,E030,4,0.15,Debit Card,Delivered
O007892,2025-07-27,C0126,P0157,E003,1,0.0,Net Banking,Delivered
O008755,2025-07-27,C0079,P0129,E043,3,0.05,Debit Card,Delivered
O009097,2025-07-27,C0647,P0177,E008,2,0.1,Cash on Delivery,Returned
O009621,2025-07-27,C0701,P0132,E036,2,0.15,Credit Card,Delivered
O001513,2025-07-28,C0753,P0149,E002,5,0.05,Debit Card,Cancelled
O001563,2025-07-28,C0134,P0010,E032,1,0.0,UPI,Delivered
O004558,2025-07-28,C0536,P0044,E008,1,0.0,Debit Card,Delivered
O006542,2025-07-28,C0493,P0069,E001,1,0.1,UPI,Delivered
O007459,2025-07-28,C0412,P0123,E022,1,0.0,Credit Card,Delivered
O008664,2025-07-28,C0248,P0036,E020,5,0.15,Cash on Delivery,Delivered
O009474,2025-07-28,C0210,P0138,E038,3,0.0,UPI,Delivered
O009609,2025-07-28,C0101,P0162,E023,4,0.05,UPI,Delivered
O001465,2025-07-29,C0527,P0090,E021,1,0.15,Net Banking,Delivered
O004833,2025-07-29,C0291,P0168,E018,2,0.0,Credit Card,Delivered
O006162,2025-07-29,C0799,P0177,E021,6,0.0,Cash on Delivery,Delivered
O006556,2025-07-29,C0526,P0012,E021,1,0.05,Net Banking,Delivered
O007112,2025-07-29,C0748,P0114,E028,6,0.02,UPI,Cancelled
O007578,2025-07-29,C0226,P0175,E003,6,0.0,UPI,Delivered
O007703,2025-07-29,C0923,P0057,E032,5,0.05,Credit Card,Shipped
O000680,2025-07-30,C0191,P0080,E018,1,0.02,Cash on Delivery,Delivered
O001069,2025-07-30,C0082,P0094,E002,5,0.0,Net Banking,Delivered
O001794,2025-07-30,C0224,P0144,E041,2,0.05,Credit Card,Delivered
O002713,2025-07-30,C0280,P0152,E028,2,0.15,UPI,Delivered
O002808,2025-07-30,C0325,P0031,E026,2,0.02,Credit Card,Delivered
O002811,2025-07-30,C0460,P0026,E040,1,0.0,Credit Card,Delivered
O007127,2025-07-30,C0044,P0014,E018,4,0.05,UPI,Delivered
O007295,2025-07-30,C0742,P0200,E005,10,0.1,Credit Card,Delivered
O008906,2025-07-30,C0956,P0064,E026,2,0.02,UPI,Delivered
O009160,2025-07-30,C0650,P0124,E021,2,0.15,Debit Card,Delivered
O009756,2025-07-30,C0991,P0178,E004,1,0.0,UPI,Delivered
O009958,2025-07-30,C0950,P0191,E014,3,0.02,Debit Card,Delivered
O009969,2025-07-30,C0333,P0126,E049,3,0.2,Cash on Delivery,Returned
O000267,2025-07-31,C0360,P0155,E035,5,0.02,Cash on Delivery,Delivered
O000590,2025-07-31,C0969,P0084,E019,4,0.1,Credit Card,Delivered
O001771,2025-07-31,C0200,P0040,E005,3,0.0,UPI,Delivered
O002358,2025-07-31,C0620,P0089,E018,1,0.0,UPI,Delivered
O002445,2025-07-31,C0632,P0045,E010,2,0.02,Cash on Delivery,Delivered
O002858,2025-07-31,C0459,P0101,E002,1,0.05,UPI,Delivered
O004022,2025-07-31,C0894,P0065,E034,8,0.15,Credit Card,Delivered
O004765,2025-07-31,C0101,P0015,E028,3,0.0,UPI,Delivered
O006634,2025-07-31,C0899,P0183,E031,3,0.02,Net Banking,Delivered
O006968,2025-07-31,C0412,P0180,E019,3,0.0,UPI,Delivered
O007720,2025-07-31,C0877,P0108,E043,2,0.0,UPI,Delivered
O008016,2025-07-31,C0702,P0071,E043,1,0.02,Credit Card,Delivered
O004204,2025-08-01,C0247,P0147,E036,1,0.02,Credit Card,Delivered
O006665,2025-08-01,C0634,P0017,E047,1,0.05,UPI,Delivered
O006681,2025-08-01,C0412,P0024,E010,5,0.0,UPI,Delivered
O001139,2025-08-02,C0161,P0130,E038,1,0.05,Net Banking,Delivered
O002693,2025-08-02,C0642,P0032,E005,1,0.02,Credit Card,Delivered
O003373,2025-08-02,C0418,P0116,E039,2,0.02,Net Banking,Delivered
O005721,2025-08-02,C0999,P0175,E002,2,0.2,Credit Card,Delivered
O009064,2025-08-02,C0419,P0015,E031,4,0.15,Credit Card,Delivered
O009730,2025-08-02,C0789,P0141,E040,3,0.02,Net Banking,Delivered
O002801,2025-08-03,C0503,P0140,E035,10,0.0,Cash on Delivery,Delivered
O004464,2025-08-03,C0384,P0157,E024,6,0.05,Credit Card,Delivered
O005103,2025-08-03,C0386,P0189,E002,3,0.15,Credit Card,Delivered
O005874,2025-08-03,C0745,P0156,E048,6,0.0,UPI,Delivered
O008459,2025-08-03,C0209,P0185,E026,4,0.1,Net Banking,Returned
O008745,2025-08-03,C0857,P0148,E043,6,0.1,UPI,Delivered
O000313,2025-08-04,C0885,P0108,E012,1,0.05,Credit Card,Delivered
O000486,2025-08-04,C0248,P0048,E038,1,0.0,Cash on Delivery,Shipped
O000521,2025-08-04,C0847,P0066,E036,2,0.0,UPI,Delivered
O000667,2025-08-04,C0319,P0052,E019,3,0.0,UPI,Delivered
O000798,2025-08-04,C0528,P0156,E028,4,0.1,UPI,Delivered
O000845,2025-08-04,C0038,P0130,E049,1,0.0,Cash on Delivery,Delivered
O001438,2025-08-04,C0448,P0090,E020,8,0.0,Credit Card,Delivered
O001866,2025-08-04,C0937,P0104,E029,3,0.1,UPI,Delivered
O003063,2025-08-04,C0509,P0012,E050,1,0.0,Cash on Delivery,Delivered
O003490,2025-08-04,C0781,P0139,E016,1,0.05,Net Banking,Delivered
O009150,2025-08-04,C0733,P0087,E027,2,0.1,Net Banking,Delivered
O009308,2025-08-04,C0969,P0069,E036,1,0.0,UPI,Cancelled
O009486,2025-08-04,C0454,P0025,E030,2,0.15,UPI,Delivered
O001549,2025-08-05,C0657,P0082,E040,1,0.1,Cash on Delivery,Delivered
O002493,2025-08-05,C0177,P0099,E030,1,0.2,UPI,Delivered
O002928,2025-08-05,C0952,P0146,E003,3,0.2,Net Banking,Delivered
O003478,2025-08-05,C0887,P0035,E007,6,0.2,UPI,Cancelled
O005342,2025-08-05,C0911,P0055,E015,3,0.1,UPI,Delivered
O005665,2025-08-05,C0118,P0024,E036,3,0.1,Credit Card,Delivered
O008273,2025-08-05,C0597,P0162,E017,1,0.02,UPI,Delivered
O008685,2025-08-05,C0643,P0135,E033,1,0.05,Cash on Delivery,Returned
O009559,2025-08-05,C0076,P0181,E001,4,0.0,Credit Card,Delivered
O009953,2025-08-05,C0779,P0113,E050,3,0.1,Debit Card,Shipped
O001237,2025-08-06,C0564,P0145,E039,1,0.02,UPI,Delivered
O001723,2025-08-06,C0699,P0129,E029,3,0.0,Debit Card,Delivered
O001964,2025-08-06,C0268,P0147,E003,2,0.15,Debit Card,Delivered
O002897,2025-08-06,C0816,P0136,E034,3,0.15,UPI,Delivered
O003417,2025-08-06,C0138,P0176,E048,1,0.02,Credit Card,Returned
O004114,2025-08-06,C0377,P0114,E007,1,0.1,Debit Card,Cancelled
O006151,2025-08-06,C0891,P0166,E020,1,0.05,Net Banking,Delivered
O006220,2025-08-06,C0748,P0046,E045,1,0.05,Credit Card,Delivered
O006538,2025-08-06,C0079,P0195,E035,6,0.0,Net Banking,Delivered
O007799,2025-08-06,C0956,P0189,E001,4,0.02,Cash on Delivery,Delivered
O007881,2025-08-06,C0879,P0009,E039,2,0.05,UPI,Delivered
O008181,2025-08-06,C0725,P0163,E034,8,0.05,UPI,Delivered
O009188,2025-08-06,C0997,P0006,E023,8,0.05,UPI,Delivered
O001958,2025-08-07,C0435,P0036,E013,1,0.1,Debit Card,Delivered
O003767,2025-08-07,C0764,P0139,E010,1,0.05,UPI,Delivered
O008211,2025-08-07,C0528,P0138,E007,3,0.0,Net Banking,Delivered
O008229,2025-08-07,C0561,P0018,E024,1,0.02,Net Banking,Delivered
O000238,2025-08-08,C0933,P0165,E007,2,0.0,UPI,Delivered
O001143,2025-08-08,C0096,P0156,E020,4,0.1,Credit Card,Delivered
O003943,2025-08-08,C0192,P0157,E041,1,0.02,Debit Card,Delivered
O005333,2025-08-08,C0869,P0014,E015,2,0.0,Cash on Delivery,Delivered
O005529,2025-08-08,C0466,P0073,E008,1,0.1,Cash on Delivery,Delivered
O005555,2025-08-08,C0637,P0127,E031,4,0.0,Credit Card,Returned
O006126,2025-08-08,C0369,P0154,E001,2,0.02,Debit Card,Delivered
O006848,2025-08-08,C0162,P0106,E042,2,0.05,Net Banking,Delivered
O007236,2025-08-08,C0469,P0061,E017,3,0.05,Net Banking,Delivered
O008109,2025-08-08,C0124,P0044,E044,3,0.0,Cash on Delivery,Cancelled
O008236,2025-08-08,C0863,P0006,E027,4,0.2,Debit Card,Delivered
O009561,2025-08-08,C0636,P0139,E047,5,0.05,Net Banking,Delivered
O009691,2025-08-08,C0493,P0146,E040,1,0.15,UPI,Delivered
O000773,2025-08-09,C0788,P0168,E017,2,0.0,UPI,Delivered
O001003,2025-08-09,C0099,P0023,E024,2,0.15,UPI,Delivered
O001437,2025-08-09,C0190,P0065,E030,4,0.1,Credit Card,Cancelled
O002082,2025-08-09,C0808,P0019,E016,5,0.0,UPI,Delivered
O003318,2025-08-09,C0920,P0101,E031,1,0.0,Cash on Delivery,Delivered
O003339,2025-08-09,C0343,P0054,E002,4,0.2,Net Banking,Delivered
O005195,2025-08-09,C0271,P0051,E027,2,0.1,UPI,Cancelled
O005458,2025-08-09,C0219,P0112,E007,2,0.0,Net Banking,Delivered
O007778,2025-08-09,C0414,P0007,E017,1,0.0,Debit Card,Delivered
O008376,2025-08-09,C0104,P0049,E009,3,0.0,Cash on Delivery,Delivered
O008773,2025-08-09,C0070,P0192,E022,1,0.02,UPI,Delivered
O009864,2025-08-09,C0800,P0085,E050,1,0.0,Net Banking,Delivered
O000011,2025-08-10,C0425,P0012,E026,3,0.05,UPI,Delivered
O000116,2025-08-10,C0606,P0079,E015,5,0.05,Cash on Delivery,Delivered
O000678,2025-08-10,C0696,P0176,E009,4,0.05,UPI,Returned
O001704,2025-08-10,C0162,P0165,E015,2,0.1,Credit Card,Delivered
O002720,2025-08-10,C0364,P0061,E016,1,0.02,Net Banking,Delivered
O003483,2025-08-10,C0600,P0104,E050,1,0.05,Cash on Delivery,Returned
O004170,2025-08-10,C0514,P0115,E012,1,0.0,UPI,Delivered
O004180,2025-08-10,C0773,P0150,E017,3,0.0,Debit Card,Delivered
O005839,2025-08-10,C0097,P0128,E045,3,0.0,UPI,Delivered
O006337,2025-08-10,C0748,P0112,E007,6,0.1,Net Banking,Delivered
O009632,2025-08-10,C0756,P0097,E033,2,0.02,Net Banking,Delivered
O000269,2025-08-11,C0696,P0021,E013,2,0.1,UPI,Returned
O003003,2025-08-11,C0955,P0152,E001,1,0.02,Cash on Delivery,Cancelled
O003129,2025-08-11,C0468,P0174,E008,6,0.0,Credit Card,Delivered
O004104,2025-08-11,C0220,P0057,E021,2,0.05,UPI,Delivered
O004610,2025-08-11,C0776,P0075,E032,2,0.0,Net Banking,Delivered
O004678,2025-08-11,C0669,P0136,E024,2,0.0,UPI,Delivered
O006663,2025-08-11,C0975,P0104,E030,1,0.0,Credit Card,Delivered
O006798,2025-08-11,C0088,P0185,E004,2,0.05,Net Banking,Delivered
O006962,2025-08-11,C0872,P0086,E047,1,0.0,UPI,Delivered
O007421,2025-08-11,C0453,P0137,E050,2,0.05,Credit Card,Shipped
O008386,2025-08-11,C0765,P0078,E001,2,0.0,Cash on Delivery,Delivered
O008925,2025-08-11,C0177,P0093,E020,6,0.0,UPI,Delivered
O009445,2025-08-11,C0262,P0161,E046,1,0.0,UPI,Delivered
O001033,2025-08-12,C0332,P0123,E012,1,0.15,Net Banking,Cancelled
O001452,2025-08-12,C0092,P0190,E018,6,0.0,Debit Card,Cancelled
O001733,2025-08-12,C0602,P0011,E023,4,0.05,UPI,Returned
O001738,2025-08-12,C0783,P0023,E036,2,0.0,Debit Card,Delivered
O003215,2025-08-12,C0696,P0013,E022,1,0.15,Cash on Delivery,Delivered
O003567,2025-08-12,C0369,P0011,E045,1,0.0,Cash on Delivery,Delivered
O004340,2025-08-12,C0130,P0134,E015,3,0.05,Cash on Delivery,Returned
O004654,2025-08-12,C0842,P0013,E033,1,0.1,Net Banking,Delivered
O004694,2025-08-12,C0622,P0123,E022,3,0.15,Cash on Delivery,Delivered
O006260,2025-08-12,C0930,P0081,E015,3,0.1,Net Banking,Delivered
O006576,2025-08-12,C0719,P0125,E005,2,0.02,Credit Card,Delivered
O007312,2025-08-12,C0618,P0195,E047,2,0.05,UPI,Delivered
O007428,2025-08-12,C0588,P0106,E008,1,0.0,Debit Card,Delivered
O000129,2025-08-13,C0925,P0125,E038,10,0.0,Cash on Delivery,Delivered
O000328,2025-08-13,C0308,P0007,E043,3,0.0,Net Banking,Delivered
O000454,2025-08-13,C0624,P0096,E017,3,0.15,Cash on Delivery,Delivered
O001084,2025-08-13,C0811,P0157,E007,1,0.0,Net Banking,Delivered
O001565,2025-08-13,C0173,P0188,E034,2,0.0,Net Banking,Delivered
O002261,2025-08-13,C0591,P0118,E021,2,0.0,Credit Card,Delivered
O002372,2025-08-13,C0797,P0166,E008,2,0.0,Debit Card,Delivered
O002776,2025-08-13,C0683,P0173,E021,2,0.0,Net Banking,Delivered
O006714,2025-08-13,C0434,P0075,E039,6,0.2,Credit Card,Delivered
O008285,2025-08-13,C0787,P0005,E006,1,0.0,UPI,Delivered
O008799,2025-08-13,C0726,P0056,E019,1,0.02,Credit Card,Delivered
O009164,2025-08-13,C0919,P0137,E033,8,0.05,UPI,Returned
O009165,2025-08-13,C0759,P0173,E050,3,0.05,UPI,Delivered
O009220,2025-08-13,C0346,P0066,E047,6,0.1,Debit Card,Delivered
O009343,2025-08-13,C0151,P0056,E018,1,0.2,UPI,Delivered
O009931,2025-08-13,C0999,P0095,E028,1,0.0,UPI,Shipped
O000183,2025-08-14,C0064,P0089,E010,3,0.15,Net Banking,Delivered
O001185,2025-08-14,C0919,P0057,E040,2,0.0,UPI,Delivered
O001730,2025-08-14,C0771,P0026,E032,6,0.0,Debit Card,Cancelled
O002891,2025-08-14,C0772,P0198,E030,2,0.05,Credit Card,Delivered
O004994,2025-08-14,C0278,P0042,E027,1,0.0,UPI,Returned
O006169,2025-08-14,C0094,P0009,E036,1,0.0,Credit Card,Delivered
O007344,2025-08-14,C0923,P0108,E004,1,0.0,Credit Card,Delivered
O001590,2025-08-15,C0499,P0157,E041,6,0.15,Cash on Delivery,Returned
O002080,2025-08-15,C0130,P0044,E021,2,0.05,Net Banking,Delivered
O004687,2025-08-15,C0356,P0151,E034,1,0.0,UPI,Delivered
O005291,2025-08-15,C0553,P0141,E049,1,0.02,UPI,Delivered
O005442,2025-08-15,C0054,P0162,E014,1,0.1,UPI,Delivered
O001605,2025-08-16,C0273,P0145,E005,2,0.0,Credit Card,Returned
O002272,2025-08-16,C0024,P0041,E032,1,0.05,Debit Card,Delivered
O002836,2025-08-16,C0589,P0197,E026,8,0.0,Cash on Delivery,Delivered
O004427,2025-08-16,C0328,P0086,E009,1,0.15,UPI,Delivered
O007082,2025-08-16,C0010,P0038,E008,1,0.15,Credit Card,Delivered
O007406,2025-08-16,C0931,P0025,E002,1,0.0,UPI,Delivered
O007926,2025-08-16,C0200,P0082,E028,4,0.0,Credit Card,Delivered
O008698,2025-08-16,C0383,P0166,E023,5,0.0,Credit Card,Delivered
O009430,2025-08-16,C0680,P0102,E030,2,0.1,UPI,Delivered
O001728,2025-08-17,C0020,P0122,E011,2,0.0,UPI,Delivered
O003065,2025-08-17,C0415,P0175,E031,6,0.1,Credit Card,Delivered
O006359,2025-08-17,C0932,P0018,E043,1,0.0,UPI,Delivered
O006990,2025-08-17,C0559,P0105,E028,4,0.1,Net Banking,Cancelled
O007026,2025-08-17,C0818,P0088,E040,1,0.0,Credit Card,Delivered
O009781,2025-08-17,C0379,P0070,E006,8,0.02,UPI,Delivered
O000727,2025-08-18,C0001,P0155,E045,1,0.1,Credit Card,Delivered
O000795,2025-08-18,C0461,P0032,E049,2,0.0,UPI,Delivered
O001890,2025-08-18,C0359,P0137,E002,4,0.02,Net Banking,Shipped
O002208,2025-08-18,C0701,P0064,E034,1,0.02,Credit Card,Delivered
O002985,2025-08-18,C0600,P0157,E014,2,0.0,Net Banking,Delivered
O007306,2025-08-18,C0004,P0196,E042,3,0.05,UPI,Delivered
O008198,2025-08-18,C0551,P0033,E005,2,0.05,Credit Card,Delivered
O009919,2025-08-18,C0300,P0104,E046,8,0.0,Credit Card,Delivered
O001923,2025-08-19,C0844,P0089,E030,1,0.1,UPI,Cancelled
O002470,2025-08-19,C0592,P0158,E015,3,0.0,UPI,Delivered
O003407,2025-08-19,C0269,P0066,E006,2,0.1,Net Banking,Shipped
O003638,2025-08-19,C0601,P0135,E009,1,0.0,Credit Card,Delivered
O004615,2025-08-19,C0192,P0127,E001,1,0.05,Credit Card,Delivered
O007440,2025-08-19,C0165,P0112,E010,3,0.02,UPI,Delivered
O007811,2025-08-19,C0722,P0109,E046,6,0.1,UPI,Delivered
O003436,2025-08-20,C0682,P0047,E013,1,0.1,UPI,Cancelled
O005371,2025-08-20,C0988,P0082,E039,1,0.05,Net Banking,Delivered
O005532,2025-08-20,C0873,P0049,E035,2,0.2,Cash on Delivery,Delivered
O007526,2025-08-20,C0527,P0038,E013,4,0.1,Cash on Delivery,Returned
O008124,2025-08-20,C0319,P0068,E018,2,0.05,Net Banking,Delivered
O008403,2025-08-20,C0737,P0194,E047,6,0.2,Credit Card,Delivered
O008488,2025-08-20,C0293,P0151,E016,2,0.15,Credit Card,Delivered
O000422,2025-08-21,C0350,P0040,E019,8,0.02,Debit Card,Delivered
O001934,2025-08-21,C0620,P0059,E047,4,0.0,Credit Card,Delivered
O002959,2025-08-21,C0960,P0013,E002,2,0.1,Credit Card,Delivered
O003311,2025-08-21,C0173,P0149,E017,5,0.05,Debit Card,Delivered
O003830,2025-08-21,C0770,P0146,E009,3,0.2,UPI,Delivered
O003890,2025-08-21,C0216,P0122,E040,2,0.1,Cash on Delivery,Delivered
O004459,2025-08-21,C0115,P0167,E049,6,0.15,UPI,Cancelled
O004871,2025-08-21,C0001,P0092,E015,5,0.0,Cash on Delivery,Delivered
O005455,2025-08-21,C0456,P0030,E023,2,0.02,UPI,Delivered
O005593,2025-08-21,C0508,P0120,E047,2,0.0,Debit Card,Delivered
O006066,2025-08-21,C0837,P0117,E003,2,0.02,Net Banking,Delivered
O007577,2025-08-21,C0444,P0167,E028,1,0.0,UPI,Delivered
O008334,2025-08-21,C0745,P0025,E001,1,0.02,Debit Card,Delivered
O009272,2025-08-21,C0873,P0181,E035,3,0.05,Credit Card,Delivered
O009568,2025-08-21,C0940,P0088,E032,1,0.0,UPI,Delivered
O000114,2025-08-22,C0933,P0148,E010,1,0.1,Net Banking,Delivered
O000177,2025-08-22,C0299,P0185,E011,1,0.0,Debit Card,Delivered
O001113,2025-08-22,C0181,P0161,E040,2,0.0,Cash on Delivery,Delivered
O001976,2025-08-22,C0078,P0057,E016,2,0.2,Credit Card,Returned
O003409,2025-08-22,C0591,P0090,E007,1,0.0,Credit Card,Delivered
O004917,2025-08-22,C0580,P0061,E025,3,0.15,Net Banking,Delivered
O005050,2025-08-22,C0971,P0157,E006,5,0.05,Debit Card,Delivered
O005127,2025-08-22,C0691,P0177,E019,1,0.05,Debit Card,Delivered
O006687,2025-08-22,C0129,P0008,E049,10,0.05,Credit Card,Delivered
O007103,2025-08-22,C0061,P0062,E022,3,0.0,UPI,Delivered
O007621,2025-08-22,C0952,P0047,E016,1,0.15,Credit Card,Delivered
O009074,2025-08-22,C0689,P0117,E040,2,0.15,Credit Card,Delivered
O009570,2025-08-22,C0508,P0005,E045,1,0.0,Debit Card,Cancelled
O009830,2025-08-22,C0222,P0029,E027,1,0.0,Cash on Delivery,Delivered
O009984,2025-08-22,C0783,P0105,E028,2,0.15,UPI,Delivered
O000042,2025-08-23,C0243,P0079,E014,3,0.05,Cash on Delivery,Delivered
O001333,2025-08-23,C0779,P0096,E012,2,0.02,Credit Card,Delivered
O003639,2025-08-23,C0770,P0136,E048,1,0.0,UPI,Delivered
O004242,2025-08-23,C0099,P0035,E029,4,0.02,UPI,Delivered
O005126,2025-08-23,C0748,P0035,E003,4,0.0,UPI,Delivered
O005568,2025-08-23,C0883,P0072,E046,1,0.05,Net Banking,Delivered
O006414,2025-08-23,C0236,P0117,E003,5,0.05,UPI,Delivered
O007304,2025-08-23,C0459,P0081,E050,6,0.0,UPI,Delivered
O007488,2025-08-23,C0818,P0078,E019,4,0.05,UPI,Delivered
O007771,2025-08-23,C0281,P0184,E005,3,0.0,Debit Card,Delivered
O008394,2025-08-23,C0560,P0133,E034,3,0.0,Credit Card,Delivered
O009280,2025-08-23,C0817,P0146,E019,2,0.0,Debit Card,Delivered
O009590,2025-08-23,C0551,P0101,E016,5,0.0,UPI,Returned
O000498,2025-08-24,C0358,P0101,E042,2,0.05,Cash on Delivery,Delivered
O000992,2025-08-24,C0813,P0173,E004,4,0.0,UPI,Delivered
O003203,2025-08-24,C0717,P0162,E017,1,0.0,UPI,Delivered
O004718,2025-08-24,C0864,P0035,E032,1,0.0,Debit Card,Delivered
O005480,2025-08-24,C0044,P0020,E001,1,0.0,UPI,Delivered
O006219,2025-08-24,C0781,P0122,E046,5,0.0,Credit Card,Delivered
O007257,2025-08-24,C0621,P0145,E033,3,0.1,Credit Card,Delivered
O007735,2025-08-24,C0304,P0132,E029,4,0.0,Debit Card,Delivered
O008567,2025-08-24,C0885,P0191,E020,4,0.0,Net Banking,Delivered
O000633,2025-08-25,C0873,P0172,E018,1,0.05,UPI,Delivered
O001024,2025-08-25,C0052,P0194,E009,1,0.0,Credit Card,Cancelled
O001645,2025-08-25,C0528,P0187,E028,4,0.0,Cash on Delivery,Cancelled
O003167,2025-08-25,C0883,P0059,E030,6,0.0,Credit Card,Delivered
O006266,2025-08-25,C0897,P0163,E034,2,0.0,Net Banking,Delivered
O007137,2025-08-25,C0372,P0129,E010,5,0.0,Credit Card,Delivered
O007268,2025-08-25,C0969,P0187,E036,1,0.05,Cash on Delivery,Shipped
O007364,2025-08-25,C0021,P0076,E038,4,0.05,UPI,Delivered
O007872,2025-08-25,C0093,P0005,E049,1,0.02,Debit Card,Delivered
O007988,2025-08-25,C0108,P0060,E007,5,0.02,UPI,Delivered
O008709,2025-08-25,C0704,P0147,E036,2,0.0,Credit Card,Delivered
O008861,2025-08-25,C0056,P0105,E036,1,0.1,Net Banking,Delivered
O009105,2025-08-25,C0737,P0007,E039,1,0.05,Debit Card,Delivered
O009735,2025-08-25,C0631,P0111,E017,2,0.05,UPI,Delivered
O000588,2025-08-26,C0719,P0066,E044,8,0.0,Debit Card,Delivered
O000782,2025-08-26,C0214,P0028,E043,6,0.02,Cash on Delivery,Delivered
O004591,2025-08-26,C0043,P0003,E005,6,0.1,Net Banking,Delivered
O004964,2025-08-26,C0232,P0056,E045,2,0.0,Net Banking,Delivered
O005780,2025-08-26,C0659,P0126,E008,2,0.05,Credit Card,Delivered
O005946,2025-08-26,C0022,P0121,E016,1,0.05,UPI,Delivered
O007416,2025-08-26,C0494,P0037,E038,1,0.05,Credit Card,Delivered
O009041,2025-08-26,C0761,P0048,E015,1,0.05,Credit Card,Delivered
O009477,2025-08-26,C0855,P0008,E043,3,0.1,Net Banking,Delivered
O000163,2025-08-27,C0322,P0165,E009,5,0.1,Cash on Delivery,Delivered
O000212,2025-08-27,C0883,P0121,E025,2,0.02,UPI,Delivered
O000564,2025-08-27,C0780,P0003,E001,2,0.02,Credit Card,Delivered
O001875,2025-08-27,C0954,P0006,E004,6,0.05,UPI,Delivered
O002514,2025-08-27,C0384,P0112,E036,2,0.15,Debit Card,Delivered
O002675,2025-08-27,C0857,P0107,E049,3,0.0,Credit Card,Delivered
O002893,2025-08-27,C0714,P0153,E019,4,0.0,Cash on Delivery,Returned
O003903,2025-08-27,C0465,P0176,E034,2,0.0,Credit Card,Delivered
O006763,2025-08-27,C0486,P0100,E009,3,0.0,Debit Card,Delivered
O000939,2025-08-28,C0943,P0058,E050,3,0.05,Credit Card,Delivered
O001051,2025-08-28,C0159,P0152,E017,1,0.1,Net Banking,Delivered
O001554,2025-08-28,C0171,P0135,E044,2,0.0,Credit Card,Delivered
O001649,2025-08-28,C0775,P0158,E027,4,0.1,Debit Card,Delivered
O002974,2025-08-28,C0389,P0004,E038,3,0.05,Debit Card,Delivered
O003194,2025-08-28,C0243,P0199,E010,4,0.05,UPI,Delivered
O003708,2025-08-28,C0892,P0097,E022,1,0.0,Credit Card,Shipped
O005011,2025-08-28,C0524,P0125,E010,2,0.0,Cash on Delivery,Delivered
O005362,2025-08-28,C0764,P0179,E035,6,0.02,UPI,Delivered
O006300,2025-08-28,C0001,P0151,E004,1,0.05,Net Banking,Delivered
O006920,2025-08-28,C0061,P0026,E016,1,0.0,Credit Card,Delivered
O008250,2025-08-28,C0884,P0057,E034,1,0.02,Debit Card,Delivered
O008277,2025-08-28,C0915,P0130,E019,4,0.0,Cash on Delivery,Delivered
O008431,2025-08-28,C0795,P0082,E027,8,0.0,Debit Card,Delivered
O000347,2025-08-29,C0852,P0034,E023,3,0.0,Credit Card,Delivered
O000889,2025-08-29,C0369,P0183,E040,8,0.2,Credit Card,Delivered
O001832,2025-08-29,C0692,P0012,E003,2,0.02,Debit Card,Delivered
O002543,2025-08-29,C0654,P0164,E042,1,0.0,Credit Card,Delivered
O002900,2025-08-29,C0456,P0143,E042,5,0.0,Credit Card,Delivered
O005526,2025-08-29,C0332,P0044,E047,2,0.1,Net Banking,Cancelled
O005547,2025-08-29,C0339,P0068,E049,1,0.0,Cash on Delivery,Delivered
O007274,2025-08-29,C0445,P0020,E046,2,0.0,Net Banking,Delivered
O007773,2025-08-29,C0853,P0110,E035,5,0.1,Debit Card,Delivered
O007788,2025-08-29,C0533,P0053,E049,2,0.05,Cash on Delivery,Delivered
O008143,2025-08-29,C0414,P0030,E049,4,0.02,UPI,Shipped
O008441,2025-08-29,C0459,P0124,E031,2,0.0,Net Banking,Delivered
O009933,2025-08-29,C0872,P0131,E001,6,0.05,UPI,Delivered
O000157,2025-08-30,C0526,P0103,E016,1,0.05,Debit Card,Delivered
O000896,2025-08-30,C0645,P0190,E024,2,0.05,Credit Card,Cancelled
O001171,2025-08-30,C0732,P0060,E012,5,0.05,UPI,Delivered
O002170,2025-08-30,C0533,P0189,E027,4,0.1,UPI,Delivered
O003796,2025-08-30,C0179,P0065,E008,4,0.15,UPI,Returned
O005511,2025-08-30,C0761,P0069,E001,2,0.05,Credit Card,Delivered
O001446,2025-08-31,C0922,P0120,E041,3,0.05,Cash on Delivery,Delivered
O002767,2025-08-31,C0515,P0180,E023,6,0.0,Credit Card,Delivered
O005168,2025-08-31,C0448,P0136,E024,2,0.05,Cash on Delivery,Delivered
O005600,2025-08-31,C0964,P0139,E050,3,0.0,Credit Card,Delivered
O007570,2025-08-31,C0820,P0067,E015,3,0.0,UPI,Delivered
O009268,2025-08-31,C0610,P0128,E025,3,0.15,Credit Card,Delivered
O009718,2025-08-31,C0123,P0020,E032,2,0.1,Net Banking,Delivered
O009810,2025-08-31,C0073,P0123,E002,2,0.05,UPI,Delivered
O000026,2025-09-01,C0325,P0141,E025,2,0.0,Cash on Delivery,Delivered
O000133,2025-09-01,C0631,P0044,E016,4,0.1,Debit Card,Delivered
O000281,2025-09-01,C0620,P0152,E045,2,0.1,Credit Card,Cancelled
O001955,2025-09-01,C0435,P0074,E038,10,0.0,Cash on Delivery,Shipped
O002177,2025-09-01,C0648,P0026,E008,6,0.05,UPI,Delivered
O002890,2025-09-01,C0899,P0012,E032,8,0.05,Debit Card,Delivered
O004422,2025-09-01,C0412,P0082,E008,3,0.0,Net Banking,Delivered
O006979,2025-09-01,C0579,P0063,E011,3,0.05,Debit Card,Delivered
O007120,2025-09-01,C0801,P0101,E044,1,0.0,UPI,Shipped
O008066,2025-09-01,C0082,P0095,E028,5,0.2,Cash on Delivery,Delivered
O009090,2025-09-01,C0511,P0198,E048,3,0.02,Credit Card,Delivered
O002111,2025-09-02,C0025,P0034,E012,3,0.1,Net Banking,Delivered
O003164,2025-09-02,C0273,P0168,E006,2,0.02,UPI,Delivered
O007167,2025-09-02,C0675,P0105,E034,2,0.2,Net Banking,Delivered
O007521,2025-09-02,C0765,P0025,E039,1,0.05,UPI,Delivered
O009118,2025-09-02,C0188,P0111,E012,3,0.0,Credit Card,Cancelled
O001567,2025-09-03,C0578,P0134,E002,2,0.02,Net Banking,Delivered
O001657,2025-09-03,C0243,P0031,E017,1,0.05,Debit Card,Cancelled
O002038,2025-09-03,C0138,P0094,E015,8,0.1,Net Banking,Delivered
O003386,2025-09-03,C0776,P0032,E031,2,0.2,Net Banking,Delivered
O003942,2025-09-03,C0160,P0123,E023,3,0.0,UPI,Delivered
O004054,2025-09-03,C0028,P0049,E005,5,0.02,Credit Card,Delivered
O004467,2025-09-03,C0590,P0128,E012,1,0.05,UPI,Delivered
O005974,2025-09-03,C0808,P0035,E050,1,0.1,Debit Card,Delivered
O006040,2025-09-03,C0687,P0182,E021,5,0.05,Credit Card,Shipped
O006229,2025-09-03,C0346,P0064,E026,4,0.0,Credit Card,Cancelled
O006441,2025-09-03,C0744,P0112,E045,3,0.05,Credit Card,Delivered
O007016,2025-09-03,C0737,P0123,E013,5,0.0,Debit Card,Delivered
O007409,2025-09-03,C0844,P0142,E042,2,0.0,Cash on Delivery,Returned
O008533,2025-09-03,C0204,P0087,E047,1,0.05,Net Banking,Shipped
O001118,2025-09-04,C0997,P0096,E029,2,0.0,Debit Card,Returned
O002648,2025-09-04,C0358,P0116,E019,4,0.1,Credit Card,Delivered
O003095,2025-09-04,C0589,P0004,E023,5,0.05,UPI,Delivered
O004562,2025-09-04,C0419,P0112,E018,3,0.05,Net Banking,Delivered
O005404,2025-09-04,C0486,P0024,E036,2,0.02,UPI,Delivered
O005496,2025-09-04,C0510,P0081,E029,1,0.15,Credit Card,Returned
O005573,2025-09-04,C0693,P0093,E016,1,0.0,Cash on Delivery,Returned
O006560,2025-09-04,C0424,P0085,E009,2,0.0,Credit Card,Delivered
O009952,2025-09-04,C0741,P0106,E040,2,0.05,Cash on Delivery,Delivered
O000592,2025-09-05,C0088,P0138,E024,3,0.0,Credit Card,Shipped
O000814,2025-09-05,C0815,P0132,E027,2,0.0,Debit Card,Delivered
O003383,2025-09-05,C0815,P0106,E021,2,0.05,Credit Card,Delivered
O003442,2025-09-05,C0712,P0178,E045,2,0.1,Net Banking,Delivered
O005171,2025-09-05,C0245,P0054,E039,2,0.0,Credit Card,Delivered
O006216,2025-09-05,C0579,P0171,E028,3,0.05,Cash on Delivery,Delivered
O006334,2025-09-05,C0812,P0136,E035,4,0.0,Cash on Delivery,Delivered
O007927,2025-09-05,C0162,P0175,E043,2,0.0,Net Banking,Delivered
O008360,2025-09-05,C0873,P0133,E046,3,0.1,Net Banking,Delivered
O000200,2025-09-06,C0549,P0008,E032,2,0.05,Cash on Delivery,Delivered
O001336,2025-09-06,C0392,P0044,E005,1,0.0,Credit Card,Delivered
O001581,2025-09-06,C0344,P0196,E020,4,0.0,UPI,Delivered
O002540,2025-09-06,C0533,P0127,E031,2,0.15,Debit Card,Delivered
O004142,2025-09-06,C0336,P0009,E002,3,0.0,Credit Card,Delivered
O004523,2025-09-06,C0281,P0024,E017,6,0.05,Credit Card,Delivered
O007107,2025-09-06,C0748,P0113,E008,3,0.1,Debit Card,Delivered
O007731,2025-09-06,C0597,P0063,E037,4,0.05,Credit Card,Delivered
O007836,2025-09-06,C0725,P0074,E006,5,0.02,Credit Card,Delivered
O008195,2025-09-06,C0611,P0041,E039,3,0.05,UPI,Delivered
O008510,2025-09-06,C0036,P0017,E048,1,0.05,UPI,Delivered
O008702,2025-09-06,C0745,P0189,E049,1,0.05,Debit Card,Delivered
O008971,2025-09-06,C0884,P0053,E042,1,0.0,Credit Card,Delivered
O000632,2025-09-07,C0459,P0072,E048,1,0.15,UPI,Delivered
O000751,2025-09-07,C0767,P0065,E025,2,0.0,Net Banking,Delivered
O002064,2025-09-07,C0074,P0064,E036,2,0.0,Credit Card,Delivered
O003220,2025-09-07,C0558,P0186,E002,6,0.05,UPI,Delivered
O006898,2025-09-07,C0555,P0008,E014,1,0.0,Debit Card,Delivered
O007430,2025-09-07,C0121,P0169,E033,10,0.0,UPI,Delivered
O008465,2025-09-07,C0244,P0188,E028,1,0.05,Cash on Delivery,Returned
O009356,2025-09-07,C0916,P0123,E029,6,0.0,UPI,Delivered
O009639,2025-09-07,C0634,P0083,E011,3,0.15,UPI,Delivered
O000455,2025-09-08,C0890,P0018,E032,1,0.05,Net Banking,Delivered
O000575,2025-09-08,C0836,P0103,E039,3,0.0,Debit Card,Returned
O002136,2025-09-08,C0276,P0123,E009,1,0.05,Net Banking,Shipped
O003192,2025-09-08,C0078,P0103,E026,3,0.05,Net Banking,Delivered
O003626,2025-09-08,C0097,P0130,E032,4,0.05,Net Banking,Delivered
O005147,2025-09-08,C0583,P0056,E021,8,0.05,Debit Card,Delivered
O005230,2025-09-08,C0060,P0165,E044,1,0.0,Credit Card,Returned
O005517,2025-09-08,C0173,P0077,E038,2,0.02,UPI,Delivered
O009336,2025-09-08,C0939,P0062,E007,1,0.1,Credit Card,Delivered
O001283,2025-09-09,C0694,P0030,E017,3,0.0,UPI,Delivered
O001870,2025-09-09,C0646,P0077,E016,3,0.0,UPI,Delivered
O003455,2025-09-09,C0634,P0136,E048,5,0.15,Cash on Delivery,Delivered
O003762,2025-09-09,C0273,P0148,E048,3,0.1,Cash on Delivery,Cancelled
O004202,2025-09-09,C0168,P0103,E040,2,0.0,Net Banking,Delivered
O004957,2025-09-09,C0794,P0077,E028,6,0.1,Credit Card,Delivered
O005133,2025-09-09,C0480,P0149,E044,1,0.0,UPI,Delivered
O007444,2025-09-09,C0916,P0022,E047,3,0.05,Cash on Delivery,Delivered
O000178,2025-09-10,C0726,P0121,E024,1,0.15,Cash on Delivery,Delivered
O000314,2025-09-10,C0316,P0017,E011,3,0.0,Debit Card,Delivered
O003020,2025-09-10,C0750,P0039,E046,5,0.05,Debit Card,Delivered
O004071,2025-09-10,C0278,P0015,E047,2,0.1,UPI,Shipped
O004092,2025-09-10,C0952,P0181,E015,3,0.05,UPI,Delivered
O004341,2025-09-10,C0480,P0062,E038,1,0.02,Debit Card,Delivered
O004760,2025-09-10,C0204,P0133,E036,1,0.05,Debit Card,Delivered
O005146,2025-09-10,C0593,P0099,E003,1,0.0,UPI,Shipped
O005218,2025-09-10,C0184,P0150,E013,2,0.0,Credit Card,Delivered
O005224,2025-09-10,C0665,P0145,E015,1,0.0,Credit Card,Delivered
O006319,2025-09-10,C0617,P0045,E035,2,0.05,UPI,Delivered
O008094,2025-09-10,C0791,P0148,E038,10,0.15,Credit Card,Delivered
O008470,2025-09-10,C0444,P0026,E040,4,0.2,UPI,Delivered
O009449,2025-09-10,C0221,P0016,E038,4,0.15,Credit Card,Delivered
O000855,2025-09-11,C0283,P0150,E033,3,0.05,Credit Card,Delivered
O000856,2025-09-11,C0725,P0168,E021,1,0.0,UPI,Delivered
O001293,2025-09-11,C0108,P0147,E048,1,0.0,Net Banking,Cancelled
O002856,2025-09-11,C0941,P0106,E014,3,0.02,Cash on Delivery,Delivered
O003787,2025-09-11,C0609,P0041,E009,3,0.0,Cash on Delivery,Delivered
O005632,2025-09-11,C0622,P0138,E047,3,0.02,UPI,Shipped
O006970,2025-09-11,C0561,P0058,E036,3,0.02,UPI,Delivered
O008046,2025-09-11,C0496,P0079,E048,1,0.1,UPI,Delivered
O008235,2025-09-11,C0243,P0154,E002,2,0.0,Net Banking,Delivered
O008369,2025-09-11,C0346,P0108,E027,4,0.05,Credit Card,Delivered
O009287,2025-09-11,C0524,P0078,E007,6,0.02,Credit Card,Delivered
O000825,2025-09-12,C0527,P0164,E026,1,0.0,Net Banking,Returned
O001942,2025-09-12,C0434,P0190,E030,1,0.05,Debit Card,Delivered
O002635,2025-09-12,C0334,P0085,E043,1,0.05,Credit Card,Shipped
O002968,2025-09-12,C0296,P0154,E022,1,0.0,Debit Card,Delivered
O003130,2025-09-12,C0092,P0025,E049,6,0.05,UPI,Delivered
O005226,2025-09-12,C0132,P0138,E022,6,0.05,UPI,Cancelled
O005615,2025-09-12,C0672,P0095,E021,3,0.05,Credit Card,Delivered
O007856,2025-09-12,C0836,P0174,E038,1,0.02,Cash on Delivery,Delivered
O000415,2025-09-13,C0879,P0012,E040,3,0.15,Credit Card,Delivered
O001066,2025-09-13,C0317,P0027,E041,6,0.0,UPI,Shipped
O001276,2025-09-13,C0190,P0016,E034,8,0.0,Debit Card,Delivered
O002680,2025-09-13,C0911,P0108,E018,6,0.02,Net Banking,Delivered
O002726,2025-09-13,C0378,P0080,E018,1,0.0,UPI,Delivered
O002750,2025-09-13,C0619,P0017,E015,5,0.0,Net Banking,Delivered
O003051,2025-09-13,C0100,P0156,E028,1,0.0,Cash on Delivery,Cancelled
O003936,2025-09-13,C0838,P0135,E005,4,0.05,Debit Card,Delivered
O004080,2025-09-13,C0431,P0027,E036,4,0.02,UPI,Delivered
O005497,2025-09-13,C0317,P0112,E016,3,0.0,Credit Card,Delivered
O005876,2025-09-13,C0997,P0044,E048,2,0.0,Cash on Delivery,Shipped
O006680,2025-09-13,C0466,P0069,E009,3,0.05,UPI,Cancelled
O006779,2025-09-13,C0514,P0144,E050,3,0.2,UPI,Delivered
O007780,2025-09-13,C0444,P0150,E004,4,0.15,Debit Card,Delivered
O008014,2025-09-13,C0996,P0033,E025,1,0.02,UPI,Delivered
O008388,2025-09-13,C0627,P0176,E019,2,0.1,Net Banking,Delivered
O008413,2025-09-13,C0466,P0031,E048,1,0.05,Credit Card,Delivered
O008481,2025-09-13,C0273,P0161,E001,4,0.05,UPI,Delivered
O009016,2025-09-13,C0635,P0063,E004,2,0.0,Credit Card,Delivered
O000668,2025-09-14,C0728,P0164,E039,2,0.0,Debit Card,Delivered
O001662,2025-09-14,C0235,P0073,E009,4,0.05,UPI,Delivered
O001829,2025-09-14,C0657,P0004,E031,4,0.0,UPI,Delivered
O002382,2025-09-14,C0446,P0120,E008,1,0.0,Cash on Delivery,Delivered
O002904,2025-09-14,C0848,P0161,E034,4,0.0,UPI,Delivered
O003663,2025-09-14,C0919,P0093,E047,2,0.05,Debit Card,Delivered
O005494,2025-09-14,C0899,P0163,E027,2,0.02,UPI,Cancelled
O005784,2025-09-14,C0837,P0159,E002,1,0.15,Cash on Delivery,Delivered
O008492,2025-09-14,C0725,P0188,E028,1,0.02,Net Banking,Delivered
O009298,2025-09-14,C0984,P0147,E046,1,0.02,Net Banking,Shipped
O000015,2025-09-15,C0224,P0172,E039,1,0.05,Debit Card,Delivered
O000467,2025-09-15,C0987,P0193,E041,2,0.0,UPI,Delivered
O001602,2025-09-15,C0765,P0173,E038,2,0.15,UPI,Delivered
O002119,2025-09-15,C0478,P0160,E043,2,0.0,UPI,Delivered
O003435,2025-09-15,C0514,P0164,E014,1,0.05,Net Banking,Delivered
O004275,2025-09-15,C0928,P0027,E027,1,0.15,Cash on Delivery,Delivered
O004837,2025-09-15,C0933,P0175,E039,4,0.0,Credit Card,Delivered
O004851,2025-09-15,C0147,P0028,E017,1,0.0,Net Banking,Delivered
O005400,2025-09-15,C0285,P0007,E015,5,0.2,Credit Card,Delivered
O005963,2025-09-15,C0972,P0102,E019,2,0.05,Debit Card,Delivered
O006309,2025-09-15,C0634,P0014,E016,1,0.05,UPI,Delivered
O006399,2025-09-15,C0588,P0114,E039,8,0.1,UPI,Returned
O007560,2025-09-15,C0944,P0008,E038,2,0.0,Credit Card,Delivered
O007866,2025-09-15,C0145,P0159,E016,3,0.1,Debit Card,Delivered
O008660,2025-09-15,C0850,P0029,E007,8,0.02,Credit Card,Delivered
O009143,2025-09-15,C0668,P0001,E001,2,0.0,Net Banking,Delivered
O009921,2025-09-15,C0953,P0159,E024,2,0.0,Cash on Delivery,Cancelled
O009929,2025-09-15,C0494,P0193,E010,8,0.2,Debit Card,Returned
O000641,2025-09-16,C0208,P0198,E009,1,0.05,Credit Card,Returned
O001419,2025-09-16,C0252,P0095,E039,1,0.0,UPI,Delivered
O001561,2025-09-16,C0689,P0091,E034,3,0.0,Net Banking,Delivered
O001887,2025-09-16,C0332,P0134,E033,1,0.0,Cash on Delivery,Delivered
O003298,2025-09-16,C0891,P0058,E044,4,0.15,Debit Card,Delivered
O004108,2025-09-16,C0366,P0069,E001,1,0.05,UPI,Delivered
O005510,2025-09-16,C0020,P0052,E047,5,0.05,UPI,Delivered
O006181,2025-09-16,C0195,P0176,E023,5,0.05,UPI,Delivered
O006482,2025-09-16,C0761,P0035,E039,1,0.0,UPI,Shipped
O007104,2025-09-16,C0350,P0178,E009,5,0.1,UPI,Delivered
O008249,2025-09-16,C0412,P0197,E017,8,0.0,Net Banking,Delivered
O009224,2025-09-16,C0207,P0123,E004,4,0.05,Net Banking,Shipped
O009751,2025-09-16,C0074,P0083,E035,3,0.1,UPI,Delivered
O000853,2025-09-17,C0465,P0029,E026,4,0.2,Credit Card,Delivered
O003677,2025-09-17,C0552,P0013,E005,2,0.05,Cash on Delivery,Shipped
O003715,2025-09-17,C0211,P0117,E045,2,0.02,UPI,Delivered
O003857,2025-09-17,C0660,P0079,E035,2,0.1,Debit Card,Delivered
O007121,2025-09-17,C0744,P0033,E009,4,0.0,UPI,Delivered
O007441,2025-09-17,C0292,P0012,E016,1,0.0,Debit Card,Delivered
O008746,2025-09-17,C0190,P0068,E020,6,0.1,Credit Card,Delivered
O001284,2025-09-18,C0309,P0150,E047,2,0.0,Credit Card,Delivered
O001904,2025-09-18,C0553,P0013,E021,5,0.1,Debit Card,Delivered
O003493,2025-09-18,C0613,P0008,E044,6,0.0,Net Banking,Delivered
O004299,2025-09-18,C0468,P0164,E049,1,0.0,Credit Card,Delivered
O004817,2025-09-18,C0489,P0144,E015,2,0.0,Net Banking,Delivered
O006446,2025-09-18,C0268,P0138,E028,6,0.0,Net Banking,Delivered
O007102,2025-09-18,C0153,P0003,E037,2,0.0,Credit Card,Delivered
O007794,2025-09-18,C0129,P0130,E013,1,0.05,Debit Card,Delivered
O008154,2025-09-18,C0642,P0005,E037,1,0.1,UPI,Delivered
O000260,2025-09-19,C0232,P0118,E046,6,0.0,UPI,Delivered
O000733,2025-09-19,C0595,P0117,E046,2,0.05,Credit Card,Delivered
O001761,2025-09-19,C0726,P0137,E049,1,0.0,Debit Card,Delivered
O002357,2025-09-19,C0183,P0144,E011,5,0.15,UPI,Delivered
O002442,2025-09-19,C0780,P0168,E008,1,0.0,Credit Card,Delivered
O002564,2025-09-19,C0700,P0125,E029,8,0.15,Credit Card,Delivered
O004830,2025-09-19,C0784,P0093,E027,4,0.02,Credit Card,Delivered
O005061,2025-09-19,C0853,P0101,E025,1,0.05,UPI,Delivered
O005828,2025-09-19,C0069,P0028,E020,1,0.05,UPI,Cancelled
O008892,2025-09-19,C0691,P0196,E021,4,0.1,Net Banking,Delivered
O009779,2025-09-19,C0373,P0166,E027,2,0.02,Cash on Delivery,Delivered
O000535,2025-09-20,C0873,P0067,E040,2,0.05,UPI,Delivered
O002126,2025-09-20,C0125,P0021,E003,2,0.0,Net Banking,Delivered
O002229,2025-09-20,C0320,P0141,E034,4,0.05,Credit Card,Delivered
O003720,2025-09-20,C0329,P0137,E036,3,0.05,Credit Card,Delivered
O004278,2025-09-20,C0108,P0110,E015,1,0.05,Credit Card,Returned
O005093,2025-09-20,C0205,P0042,E032,2,0.0,UPI,Delivered
O006143,2025-09-20,C0271,P0037,E011,1,0.02,UPI,Delivered
O007289,2025-09-20,C0817,P0015,E001,4,0.05,Cash on Delivery,Delivered
O008997,2025-09-20,C0852,P0155,E033,5,0.0,UPI,Delivered
O009511,2025-09-20,C0992,P0108,E025,3,0.02,Net Banking,Delivered
O000196,2025-09-21,C0471,P0156,E038,10,0.1,Debit Card,Delivered
O000218,2025-09-21,C0689,P0093,E010,8,0.05,Cash on Delivery,Delivered
O000270,2025-09-21,C0253,P0038,E048,1,0.0,UPI,Delivered
O001210,2025-09-21,C0766,P0020,E031,5,0.2,Credit Card,Delivered
O001389,2025-09-21,C0562,P0159,E028,1,0.1,UPI,Shipped
O002939,2025-09-21,C0852,P0053,E047,1,0.1,Credit Card,Delivered
O002979,2025-09-21,C0741,P0154,E022,6,0.02,Net Banking,Delivered
O003526,2025-09-21,C0227,P0147,E046,3,0.0,Debit Card,Delivered
O004675,2025-09-21,C0953,P0137,E006,1,0.0,Credit Card,Returned
O004726,2025-09-21,C0856,P0199,E041,3,0.1,UPI,Returned
O004916,2025-09-21,C0811,P0032,E045,2,0.0,UPI,Delivered
O005785,2025-09-21,C0873,P0168,E002,8,0.15,Cash on Delivery,Delivered
O007100,2025-09-21,C0873,P0046,E008,3,0.0,UPI,Delivered
O007208,2025-09-21,C0551,P0097,E030,3,0.05,Cash on Delivery,Cancelled
O008482,2025-09-21,C0818,P0154,E010,2,0.05,Credit Card,Delivered
O008557,2025-09-21,C0956,P0126,E027,2,0.15,UPI,Delivered
O008975,2025-09-21,C0864,P0108,E013,2,0.1,Net Banking,Delivered
O009817,2025-09-21,C0207,P0138,E027,2,0.0,Cash on Delivery,Delivered
O000776,2025-09-22,C0288,P0034,E028,2,0.0,Credit Card,Delivered
O003405,2025-09-22,C0755,P0137,E022,1,0.0,Credit Card,Delivered
O004682,2025-09-22,C0558,P0182,E015,5,0.05,UPI,Shipped
O004778,2025-09-22,C0883,P0176,E039,3,0.0,Debit Card,Delivered
O005082,2025-09-22,C0872,P0113,E023,3,0.0,Debit Card,Delivered
O009247,2025-09-22,C0308,P0012,E039,2,0.05,Net Banking,Delivered
O001146,2025-09-23,C0159,P0007,E043,1,0.0,Credit Card,Delivered
O001606,2025-09-23,C0483,P0073,E037,1,0.05,Net Banking,Delivered
O002787,2025-09-23,C0816,P0130,E008,1,0.0,UPI,Delivered
O002809,2025-09-23,C0525,P0096,E009,1,0.0,Net Banking,Delivered
O003664,2025-09-23,C0195,P0192,E001,4,0.1,Net Banking,Delivered
O005659,2025-09-23,C0655,P0125,E042,6,0.05,Cash on Delivery,Delivered
O007092,2025-09-23,C0510,P0130,E034,2,0.0,Net Banking,Shipped
O007575,2025-09-23,C0407,P0002,E033,1,0.05,UPI,Delivered
O008087,2025-09-23,C0873,P0089,E007,1,0.0,Net Banking,Delivered
O008243,2025-09-23,C0609,P0024,E011,2,0.15,UPI,Delivered
O009708,2025-09-23,C0573,P0082,E044,3,0.0,UPI,Delivered
O003327,2025-09-24,C0286,P0016,E043,3,0.1,Credit Card,Delivered
O003695,2025-09-24,C0944,P0063,E028,5,0.05,UPI,Delivered
O006853,2025-09-24,C0968,P0108,E025,2,0.05,Credit Card,Delivered
O006923,2025-09-24,C0268,P0142,E009,1,0.0,Debit Card,Delivered
O007242,2025-09-24,C0364,P0198,E015,3,0.0,Net Banking,Delivered
O008589,2025-09-24,C0381,P0042,E010,2,0.0,UPI,Shipped
O009135,2025-09-24,C0124,P0067,E047,1,0.0,Credit Card,Delivered
O003291,2025-09-25,C0613,P0149,E031,1,0.05,Net Banking,Delivered
O003404,2025-09-25,C0591,P0059,E022,1,0.1,Credit Card,Delivered
O004632,2025-09-25,C0421,P0119,E019,1,0.05,Debit Card,Delivered
O004715,2025-09-25,C0399,P0146,E040,1,0.0,Credit Card,Delivered
O004986,2025-09-25,C0865,P0140,E038,3,0.1,Debit Card,Delivered
O005656,2025-09-25,C0436,P0128,E013,2,0.02,Net Banking,Delivered
O005687,2025-09-25,C0705,P0094,E003,1,0.0,Cash on Delivery,Delivered
O008862,2025-09-25,C0442,P0026,E001,2,0.2,Debit Card,Delivered
O009116,2025-09-25,C0766,P0151,E009,2,0.0,UPI,Cancelled
O009573,2025-09-25,C0623,P0136,E036,2,0.15,Net Banking,Delivered
O000030,2025-09-26,C0759,P0179,E014,2,0.05,Cash on Delivery,Cancelled
O001055,2025-09-26,C0621,P0097,E022,4,0.05,UPI,Cancelled
O002039,2025-09-26,C0870,P0032,E025,8,0.02,Credit Card,Delivered
O003336,2025-09-26,C0652,P0028,E040,6,0.05,UPI,Returned
O003676,2025-09-26,C0748,P0140,E031,1,0.15,Cash on Delivery,Delivered
O006214,2025-09-26,C0596,P0068,E021,1,0.02,Credit Card,Returned
O007435,2025-09-26,C0804,P0076,E021,1,0.2,Cash on Delivery,Delivered
O001301,2025-09-27,C0879,P0085,E041,5,0.02,Cash on Delivery,Delivered
O004894,2025-09-27,C0706,P0081,E013,2,0.1,Net Banking,Delivered
O005433,2025-09-27,C0586,P0166,E006,3,0.15,Net Banking,Delivered
O007608,2025-09-27,C0079,P0124,E046,1,0.1,UPI,Delivered
O007687,2025-09-27,C0224,P0139,E035,1,0.0,Debit Card,Delivered
O008055,2025-09-27,C0074,P0074,E005,6,0.05,Cash on Delivery,Delivered
O009018,2025-09-27,C0682,P0104,E036,1,0.02,Cash on Delivery,Delivered
O009661,2025-09-27,C0876,P0158,E011,2,0.2,Net Banking,Delivered
O009993,2025-09-27,C0880,P0109,E008,5,0.2,Debit Card,Delivered
O001481,2025-09-28,C0190,P0189,E024,3,0.05,UPI,Delivered
O003315,2025-09-28,C0265,P0113,E036,2,0.15,Debit Card,Delivered
O004143,2025-09-28,C0334,P0192,E041,1,0.02,Net Banking,Delivered
O005014,2025-09-28,C0379,P0200,E049,2,0.15,Credit Card,Delivered
O005755,2025-09-28,C0141,P0156,E025,4,0.15,Cash on Delivery,Delivered
O007394,2025-09-28,C0583,P0200,E009,1,0.0,Cash on Delivery,Shipped
O007420,2025-09-28,C0426,P0075,E035,3,0.05,Net Banking,Delivered
O007422,2025-09-28,C0766,P0026,E046,2,0.1,Cash on Delivery,Delivered
O007925,2025-09-28,C0620,P0031,E024,4,0.1,UPI,Delivered
O009089,2025-09-28,C0603,P0100,E005,1,0.05,UPI,Delivered
O002490,2025-09-29,C0907,P0050,E014,1,0.1,UPI,Delivered
O003399,2025-09-29,C0634,P0075,E009,3,0.05,UPI,Delivered
O003989,2025-09-29,C0402,P0167,E025,1,0.1,UPI,Delivered
O005749,2025-09-29,C0440,P0084,E009,1,0.15,Cash on Delivery,Delivered
O005850,2025-09-29,C0444,P0007,E035,6,0.02,Net Banking,Returned
O006438,2025-09-29,C0258,P0107,E010,6,0.0,Debit Card,Delivered
O006588,2025-09-29,C0157,P0011,E026,1,0.02,Credit Card,Delivered
O007879,2025-09-29,C0758,P0028,E050,1,0.1,Credit Card,Delivered
O008600,2025-09-29,C0003,P0147,E035,8,0.0,Net Banking,Delivered
O009643,2025-09-29,C0308,P0191,E017,2,0.1,Cash on Delivery,Delivered
O000712,2025-09-30,C0486,P0080,E007,1,0.0,UPI,Delivered
O001562,2025-09-30,C0201,P0059,E033,3,0.2,UPI,Cancelled
O002572,2025-09-30,C0573,P0070,E019,4,0.0,UPI,Delivered
O003847,2025-09-30,C0071,P0130,E048,3,0.15,UPI,Delivered
O004326,2025-09-30,C0339,P0173,E042,2,0.02,Credit Card,Delivered
O006448,2025-09-30,C0785,P0123,E043,1,0.05,Cash on Delivery,Delivered
O006644,2025-09-30,C0581,P0071,E023,5,0.0,Debit Card,Delivered
O009389,2025-09-30,C0386,P0091,E007,1,0.1,Debit Card,Delivered
O009401,2025-09-30,C0824,P0101,E022,2,0.05,Credit Card,Delivered
O009429,2025-09-30,C0507,P0052,E002,1,0.15,Net Banking,Delivered
O009452,2025-09-30,C0088,P0114,E015,4,0.05,UPI,Delivered
O009536,2025-09-30,C0172,P0089,E009,4,0.0,UPI,Delivered
O009720,2025-09-30,C0812,P0016,E039,1,0.1,Cash on Delivery,Delivered
O000253,2025-10-01,C0959,P0185,E012,1,0.1,Debit Card,Delivered
O001828,2025-10-01,C0189,P0117,E031,4,0.0,Debit Card,Delivered
O002058,2025-10-01,C0350,P0129,E020,2,0.0,Cash on Delivery,Delivered
O003547,2025-10-01,C0204,P0091,E043,4,0.1,Credit Card,Delivered
O003827,2025-10-01,C0926,P0082,E017,2,0.0,Credit Card,Delivered
O004212,2025-10-01,C0948,P0061,E005,5,0.05,Cash on Delivery,Delivered
O004233,2025-10-01,C0953,P0055,E006,3,0.02,Credit Card,Delivered
O005105,2025-10-01,C0462,P0131,E038,2,0.2,UPI,Returned
O005414,2025-10-01,C0068,P0200,E025,3,0.0,Credit Card,Delivered
O006209,2025-10-01,C0351,P0169,E016,5,0.0,UPI,Delivered
O006626,2025-10-01,C0326,P0080,E024,4,0.15,Credit Card,Delivered
O006948,2025-10-01,C0610,P0083,E018,3,0.0,UPI,Delivered
O007729,2025-10-01,C0020,P0121,E009,8,0.05,UPI,Returned
O000271,2025-10-02,C0364,P0108,E014,3,0.0,Net Banking,Delivered
O002526,2025-10-02,C0844,P0075,E018,8,0.0,Debit Card,Cancelled
O005183,2025-10-02,C0195,P0007,E037,5,0.0,Net Banking,Delivered
O005453,2025-10-02,C0138,P0003,E014,1,0.1,Net Banking,Delivered
O005548,2025-10-02,C0189,P0020,E015,8,0.02,Cash on Delivery,Returned
O005846,2025-10-02,C0771,P0091,E022,2,0.1,Debit Card,Delivered
O006445,2025-10-02,C0527,P0048,E047,1,0.0,UPI,Delivered
O007195,2025-10-02,C0189,P0038,E031,1,0.0,Debit Card,Delivered
O008683,2025-10-02,C0324,P0149,E011,4,0.1,UPI,Shipped
O009028,2025-10-02,C0656,P0051,E048,2,0.02,Debit Card,Delivered
O000001,2025-10-03,C0142,P0051,E024,1,0.1,Debit Card,Delivered
O000251,2025-10-03,C0514,P0010,E036,1,0.0,UPI,Shipped
O001317,2025-10-03,C0928,P0171,E027,5,0.1,UPI,Delivered
O005196,2025-10-03,C0346,P0121,E024,3,0.05,Credit Card,Shipped
O008164,2025-10-03,C0514,P0053,E007,10,0.0,Credit Card,Delivered
O008210,2025-10-03,C0232,P0188,E029,8,0.0,UPI,Shipped
O009012,2025-10-03,C0053,P0079,E023,6,0.0,UPI,Delivered
O001247,2025-10-04,C1000,P0045,E045,2,0.0,UPI,Delivered
O001917,2025-10-04,C0601,P0189,E025,2,0.0,Debit Card,Delivered
O002042,2025-10-04,C0694,P0128,E001,1,0.1,Cash on Delivery,Delivered
O002839,2025-10-04,C0700,P0027,E024,3,0.05,UPI,Delivered
O003877,2025-10-04,C0480,P0038,E035,5,0.05,Credit Card,Delivered
O003939,2025-10-04,C0486,P0130,E001,2,0.05,Cash on Delivery,Delivered
O004393,2025-10-04,C0704,P0185,E035,6,0.05,UPI,Cancelled
O004587,2025-10-04,C0730,P0149,E023,1,0.05,UPI,Delivered
O004621,2025-10-04,C0835,P0076,E044,2,0.1,UPI,Delivered
O005120,2025-10-04,C0936,P0189,E035,1,0.1,Net Banking,Delivered
O005310,2025-10-04,C0926,P0023,E027,2,0.1,Credit Card,Delivered
O006149,2025-10-04,C0405,P0187,E011,5,0.0,Credit Card,Delivered
O006521,2025-10-04,C0480,P0116,E008,1,0.0,UPI,Delivered
O007007,2025-10-04,C0092,P0187,E007,2,0.0,UPI,Delivered
O008576,2025-10-04,C0060,P0167,E035,4,0.0,Cash on Delivery,Returned
O009062,2025-10-04,C0378,P0134,E019,3,0.0,Credit Card,Delivered
O009127,2025-10-04,C0678,P0174,E046,4,0.0,Debit Card,Delivered
O009806,2025-10-04,C0518,P0112,E033,4,0.05,Credit Card,Delivered
O000285,2025-10-05,C0111,P0138,E045,3,0.0,Credit Card,Delivered
O003233,2025-10-05,C0751,P0175,E049,1,0.1,Credit Card,Delivered
O004251,2025-10-05,C0129,P0130,E001,4,0.0,UPI,Delivered
O007456,2025-10-05,C0671,P0039,E024,4,0.0,UPI,Delivered
O008341,2025-10-05,C0312,P0033,E017,2,0.0,Net Banking,Delivered
O008696,2025-10-05,C0648,P0089,E019,1,0.05,UPI,Returned
O008771,2025-10-05,C0927,P0150,E012,1,0.0,UPI,Delivered
O009552,2025-10-05,C0935,P0129,E011,1,0.0,Credit Card,Delivered
O000481,2025-10-06,C0595,P0109,E010,3,0.05,Credit Card,Delivered
O001198,2025-10-06,C0701,P0164,E005,1,0.0,Credit Card,Delivered
O001650,2025-10-06,C0558,P0090,E028,1,0.1,UPI,Delivered
O003410,2025-10-06,C0376,P0060,E010,3,0.02,Net Banking,Delivered
O003463,2025-10-06,C0656,P0038,E009,1,0.05,Cash on Delivery,Delivered
O004003,2025-10-06,C0533,P0076,E020,1,0.02,Cash on Delivery,Delivered
O005119,2025-10-06,C0265,P0135,E025,1,0.05,Cash on Delivery,Delivered
O005993,2025-10-06,C0151,P0013,E048,3,0.02,Cash on Delivery,Returned
O006776,2025-10-06,C0901,P0067,E029,4,0.0,UPI,Delivered
O009082,2025-10-06,C0688,P0056,E016,5,0.05,Credit Card,Delivered
O009472,2025-10-06,C0174,P0174,E029,2,0.0,Cash on Delivery,Delivered
O003536,2025-10-07,C0317,P0190,E043,3,0.0,Net Banking,Delivered
O003850,2025-10-07,C0616,P0055,E036,2,0.1,Credit Card,Delivered
O004972,2025-10-07,C0746,P0142,E006,3,0.0,UPI,Delivered
O005594,2025-10-07,C0675,P0156,E022,4,0.0,Cash on Delivery,Returned
O006324,2025-10-07,C0510,P0056,E034,5,0.0,UPI,Delivered
O007497,2025-10-07,C0132,P0122,E023,3,0.0,Credit Card,Delivered
O008585,2025-10-07,C0769,P0045,E030,3,0.1,Cash on Delivery,Cancelled
O009968,2025-10-07,C0859,P0062,E001,1,0.0,UPI,Delivered
O000669,2025-10-08,C0594,P0038,E047,3,0.0,Net Banking,Delivered
O002169,2025-10-08,C0622,P0031,E029,3,0.05,UPI,Delivered
O003912,2025-10-08,C0142,P0008,E024,8,0.1,Debit Card,Delivered
O003964,2025-10-08,C0790,P0022,E047,3,0.15,Credit Card,Delivered
O004039,2025-10-08,C0195,P0009,E032,3,0.1,Credit Card,Delivered
O004261,2025-10-08,C0611,P0168,E044,2,0.0,UPI,Delivered
O004605,2025-10-08,C0040,P0028,E022,3,0.0,Net Banking,Delivered
O004653,2025-10-08,C0311,P0108,E017,2,0.0,Net Banking,Delivered
O005122,2025-10-08,C0088,P0085,E026,4,0.0,UPI,Delivered
O005536,2025-10-08,C0034,P0132,E041,2,0.02,Credit Card,Delivered
O007010,2025-10-08,C0834,P0198,E013,2,0.02,Debit Card,Delivered
O000471,2025-10-09,C0417,P0157,E005,3,0.1,Debit Card,Delivered
O000546,2025-10-09,C0280,P0060,E017,5,0.0,Debit Card,Delivered
O002894,2025-10-09,C0212,P0004,E043,2,0.02,Net Banking,Delivered
O005109,2025-10-09,C0913,P0059,E007,2,0.0,Debit Card,Delivered
O005549,2025-10-09,C0855,P0010,E048,2,0.0,Cash on Delivery,Delivered
O008652,2025-10-09,C0693,P0026,E044,2,0.0,UPI,Delivered
O009824,2025-10-09,C0232,P0067,E014,4,0.1,UPI,Returned
O000284,2025-10-10,C0425,P0168,E035,3,0.05,Debit Card,Delivered
O003925,2025-10-10,C0098,P0003,E031,2,0.02,Debit Card,Cancelled
O004186,2025-10-10,C0915,P0069,E033,1,0.1,Net Banking,Returned
O004634,2025-10-10,C0812,P0107,E049,1,0.02,Net Banking,Shipped
O004810,2025-10-10,C0989,P0071,E033,6,0.05,Debit Card,Delivered
O004890,2025-10-10,C0167,P0126,E020,4,0.05,Debit Card,Delivered
O005237,2025-10-10,C0471,P0141,E028,2,0.0,Credit Card,Delivered
O006456,2025-10-10,C0656,P0088,E011,10,0.02,Debit Card,Delivered
O006748,2025-10-10,C0376,P0097,E045,2,0.0,Credit Card,Delivered
O007959,2025-10-10,C0022,P0057,E017,3,0.1,Credit Card,Delivered
O008263,2025-10-10,C0785,P0099,E015,5,0.1,Credit Card,Delivered
O000591,2025-10-11,C0737,P0169,E032,1,0.05,Credit Card,Delivered
O001000,2025-10-11,C0709,P0116,E002,2,0.02,Credit Card,Delivered
O005636,2025-10-11,C0803,P0141,E024,8,0.0,UPI,Delivered
O007158,2025-10-11,C0923,P0011,E022,1,0.0,Net Banking,Delivered
O007565,2025-10-11,C0573,P0029,E048,6,0.1,Net Banking,Delivered
O007906,2025-10-11,C0784,P0084,E009,2,0.0,UPI,Cancelled
O009203,2025-10-11,C0325,P0154,E029,5,0.0,Debit Card,Cancelled
O009239,2025-10-11,C0801,P0169,E005,1,0.0,Cash on Delivery,Delivered
O000622,2025-10-12,C0649,P0031,E041,2,0.02,Credit Card,Cancelled
O001194,2025-10-12,C0837,P0128,E009,1,0.0,Net Banking,Delivered
O001432,2025-10-12,C0656,P0065,E027,4,0.05,Cash on Delivery,Delivered
O002536,2025-10-12,C0964,P0017,E013,1,0.0,Debit Card,Cancelled
O002666,2025-10-12,C0166,P0158,E019,5,0.1,Credit Card,Delivered
O003355,2025-10-12,C0931,P0048,E048,4,0.0,UPI,Delivered
O003513,2025-10-12,C0999,P0070,E029,4,0.02,Credit Card,Delivered
O004644,2025-10-12,C0793,P0050,E037,2,0.0,Debit Card,Delivered
O006605,2025-10-12,C0207,P0083,E009,1,0.0,Debit Card,Delivered
O007914,2025-10-12,C0198,P0168,E047,1,0.0,Cash on Delivery,Delivered
O008406,2025-10-12,C0899,P0102,E011,2,0.05,Net Banking,Delivered
O008451,2025-10-12,C0918,P0032,E012,3,0.02,Cash on Delivery,Delivered
O009374,2025-10-12,C0244,P0053,E036,1,0.0,Debit Card,Delivered
O000581,2025-10-13,C0683,P0057,E027,4,0.02,UPI,Delivered
O001140,2025-10-13,C0123,P0144,E003,1,0.0,Credit Card,Delivered
O002734,2025-10-13,C0014,P0146,E049,4,0.05,Credit Card,Returned
O003153,2025-10-13,C0879,P0001,E042,2,0.05,UPI,Delivered
O003915,2025-10-13,C0556,P0162,E035,4,0.0,Credit Card,Cancelled
O004226,2025-10-13,C0884,P0139,E048,2,0.0,Debit Card,Delivered
O004363,2025-10-13,C0803,P0035,E027,3,0.0,UPI,Delivered
O006056,2025-10-13,C0518,P0127,E045,1,0.05,UPI,Delivered
O007302,2025-10-13,C0779,P0084,E001,1,0.0,Net Banking,Cancelled
O007506,2025-10-13,C0852,P0077,E013,1,0.1,Credit Card,Shipped
O007965,2025-10-13,C0198,P0007,E037,1,0.15,UPI,Delivered
O008577,2025-10-13,C0714,P0183,E040,2,0.0,UPI,Cancelled
O009954,2025-10-13,C0797,P0051,E018,1,0.1,UPI,Delivered
O000930,2025-10-14,C0890,P0122,E042,1,0.0,Cash on Delivery,Delivered
O001800,2025-10-14,C0629,P0032,E002,2,0.0,Net Banking,Delivered
O002685,2025-10-14,C0848,P0175,E016,1,0.1,Credit Card,Delivered
O003601,2025-10-14,C0611,P0112,E042,6,0.05,Debit Card,Delivered
O003840,2025-10-14,C0466,P0145,E027,3,0.0,UPI,Delivered
O004400,2025-10-14,C0273,P0144,E041,3,0.1,Net Banking,Delivered
O004914,2025-10-14,C0973,P0043,E041,3,0.1,Debit Card,Delivered
O006321,2025-10-14,C0480,P0048,E032,2,0.02,Debit Card,Delivered
O007005,2025-10-14,C0125,P0015,E002,4,0.1,Debit Card,Delivered
O007315,2025-10-14,C0159,P0055,E047,1,0.1,Debit Card,Shipped
O008673,2025-10-14,C0326,P0099,E049,1,0.05,Debit Card,Delivered
O008810,2025-10-14,C0281,P0107,E047,8,0.0,Credit Card,Delivered
O000182,2025-10-15,C0997,P0005,E039,5,0.0,Credit Card,Delivered
O000914,2025-10-15,C0250,P0102,E035,3,0.0,Credit Card,Delivered
O001484,2025-10-15,C0482,P0090,E004,1,0.0,UPI,Delivered
O002700,2025-10-15,C0593,P0147,E038,5,0.0,UPI,Delivered
O003874,2025-10-15,C0244,P0002,E033,2,0.02,Net Banking,Delivered
O003968,2025-10-15,C0872,P0184,E036,4,0.1,UPI,Returned
O004160,2025-10-15,C0757,P0167,E032,1,0.1,UPI,Delivered
O004463,2025-10-15,C0999,P0111,E025,1,0.05,Net Banking,Delivered
O007535,2025-10-15,C0430,P0097,E038,6,0.1,Credit Card,Delivered
O007838,2025-10-15,C0173,P0065,E034,1,0.05,Net Banking,Shipped
O007858,2025-10-15,C0223,P0050,E012,3,0.0,Debit Card,Delivered
O008063,2025-10-15,C0648,P0065,E015,3,0.0,Cash on Delivery,Delivered
O008098,2025-10-15,C0860,P0164,E002,4,0.15,Credit Card,Delivered
O008391,2025-10-15,C0032,P0031,E048,4,0.0,Credit Card,Delivered
O008734,2025-10-15,C0269,P0199,E038,1,0.05,Net Banking,Delivered
O009359,2025-10-15,C0680,P0156,E020,3,0.1,Debit Card,Delivered
O009553,2025-10-15,C0001,P0028,E038,2,0.1,UPI,Delivered
O009675,2025-10-15,C0558,P0069,E046,2,0.05,UPI,Delivered
O009731,2025-10-15,C0683,P0053,E050,4,0.02,Credit Card,Delivered
O000027,2025-10-16,C0094,P0099,E026,2,0.0,Debit Card,Delivered
O000230,2025-10-16,C0317,P0190,E015,1,0.0,Net Banking,Shipped
O003367,2025-10-16,C0867,P0037,E019,1,0.15,Net Banking,Delivered
O003590,2025-10-16,C0884,P0003,E044,4,0.02,Debit Card,Delivered
O004040,2025-10-16,C0548,P0053,E008,4,0.05,UPI,Returned
O004203,2025-10-16,C0873,P0045,E028,3,0.02,Cash on Delivery,Delivered
O005438,2025-10-16,C0984,P0006,E013,3,0.0,Debit Card,Delivered
O005660,2025-10-16,C0560,P0039,E006,8,0.0,Debit Card,Delivered
O005731,2025-10-16,C0622,P0046,E005,1,0.0,UPI,Delivered
O005794,2025-10-16,C0664,P0043,E032,2,0.0,Debit Card,Shipped
O005980,2025-10-16,C0852,P0180,E018,8,0.0,Cash on Delivery,Returned
O006553,2025-10-16,C0188,P0144,E022,1,0.05,Cash on Delivery,Delivered
O009191,2025-10-16,C0817,P0091,E001,5,0.02,Net Banking,Cancelled
O000736,2025-10-17,C0011,P0088,E011,2,0.02,Debit Card,Delivered
O001145,2025-10-17,C0255,P0030,E050,4,0.1,Credit Card,Delivered
O001261,2025-10-17,C0915,P0099,E042,4,0.0,UPI,Delivered
O003627,2025-10-17,C0593,P0172,E032,8,0.02,Debit Card,Delivered
O003671,2025-10-17,C0883,P0016,E036,1,0.0,Credit Card,Delivered
O005271,2025-10-17,C0813,P0132,E034,2,0.02,UPI,Delivered
O005356,2025-10-17,C0308,P0196,E029,1,0.0,UPI,Cancelled
O006192,2025-10-17,C0619,P0071,E023,1,0.05,Net Banking,Delivered
O006572,2025-10-17,C0200,P0070,E041,4,0.05,Cash on Delivery,Delivered
O007524,2025-10-17,C0683,P0183,E040,3,0.0,Net Banking,Delivered
O009362,2025-10-17,C0112,P0155,E006,1,0.0,Credit Card,Delivered
O000863,2025-10-18,C0924,P0138,E024,4,0.0,Cash on Delivery,Delivered
O002106,2025-10-18,C0824,P0030,E005,1,0.02,Credit Card,Delivered
O004125,2025-10-18,C0064,P0072,E020,4,0.0,Net Banking,Delivered
O005793,2025-10-18,C0308,P0022,E009,1,0.0,Cash on Delivery,Delivered
O006318,2025-10-18,C0022,P0103,E010,2,0.15,Net Banking,Delivered
O008842,2025-10-18,C0759,P0045,E047,6,0.0,Net Banking,Delivered
O009283,2025-10-18,C0424,P0093,E023,5,0.02,Cash on Delivery,Delivered
O009296,2025-10-18,C0899,P0066,E031,1,0.05,Credit Card,Delivered
O002035,2025-10-19,C0496,P0178,E039,1,0.05,Credit Card,Delivered
O002168,2025-10-19,C0596,P0009,E023,3,0.05,UPI,Delivered
O003007,2025-10-19,C0533,P0104,E027,2,0.05,Debit Card,Delivered
O003791,2025-10-19,C0075,P0137,E002,1,0.0,Credit Card,Delivered
O003907,2025-10-19,C0180,P0053,E035,2,0.02,Credit Card,Delivered
O004087,2025-10-19,C0064,P0012,E019,3,0.1,UPI,Delivered
O006107,2025-10-19,C0567,P0110,E032,2,0.05,Cash on Delivery,Delivered
O007046,2025-10-19,C0134,P0134,E044,1,0.2,Credit Card,Delivered
O007947,2025-10-19,C0486,P0159,E009,6,0.0,Credit Card,Shipped
O008474,2025-10-19,C0493,P0012,E035,3,0.15,Credit Card,Delivered
O008965,2025-10-19,C0023,P0013,E050,5,0.05,Debit Card,Delivered
O009193,2025-10-19,C0108,P0120,E046,1,0.1,Cash on Delivery,Delivered
O000640,2025-10-20,C0664,P0115,E024,4,0.0,Net Banking,Delivered
O003328,2025-10-20,C0629,P0090,E001,1,0.0,UPI,Delivered
O003573,2025-10-20,C0983,P0057,E008,2,0.1,Cash on Delivery,Delivered
O004556,2025-10-20,C0434,P0034,E043,6,0.0,Debit Card,Delivered
O004754,2025-10-20,C0990,P0140,E022,1,0.15,UPI,Delivered
O006998,2025-10-20,C0554,P0080,E029,2,0.05,UPI,Delivered
O007396,2025-10-20,C0071,P0141,E029,2,0.0,Credit Card,Delivered
O008004,2025-10-20,C0693,P0070,E048,4,0.0,UPI,Delivered
O008740,2025-10-20,C0489,P0007,E016,2,0.1,Credit Card,Delivered
O009582,2025-10-20,C0553,P0145,E012,2,0.1,Credit Card,Delivered
O009614,2025-10-20,C0248,P0196,E006,1,0.05,UPI,Shipped
O009670,2025-10-20,C0016,P0041,E049,4,0.1,UPI,Delivered
O000091,2025-10-21,C0335,P0115,E039,1,0.05,Credit Card,Delivered
O001183,2025-10-21,C0181,P0155,E034,2,0.05,Credit Card,Delivered
O001415,2025-10-21,C0854,P0180,E013,4,0.2,Cash on Delivery,Delivered
O001442,2025-10-21,C0263,P0079,E024,1,0.0,Cash on Delivery,Delivered
O003147,2025-10-21,C0199,P0028,E036,1,0.02,Credit Card,Delivered
O003361,2025-10-21,C0360,P0151,E002,1,0.02,Debit Card,Delivered
O004025,2025-10-21,C0589,P0117,E029,4,0.0,UPI,Delivered
O004510,2025-10-21,C0962,P0104,E048,8,0.05,Credit Card,Cancelled
O004954,2025-10-21,C0094,P0096,E012,1,0.05,Credit Card,Delivered
O005707,2025-10-21,C0258,P0045,E028,1,0.0,UPI,Delivered
O007717,2025-10-21,C0216,P0109,E012,2,0.02,Debit Card,Delivered
O008155,2025-10-21,C0400,P0020,E013,2,0.1,Net Banking,Delivered
O009333,2025-10-21,C0144,P0047,E004,1,0.1,UPI,Delivered
O009543,2025-10-21,C0562,P0141,E047,4,0.0,Cash on Delivery,Delivered
O001560,2025-10-22,C0856,P0035,E038,2,0.0,UPI,Delivered
O002161,2025-10-22,C0737,P0159,E013,1,0.02,Credit Card,Delivered
O003600,2025-10-22,C0658,P0139,E015,1,0.0,Cash on Delivery,Delivered
O007123,2025-10-22,C0931,P0034,E013,2,0.05,Cash on Delivery,Delivered
O007552,2025-10-22,C0268,P0084,E015,1,0.0,Credit Card,Shipped
O007656,2025-10-22,C0438,P0054,E019,1,0.1,Debit Card,Delivered
O007945,2025-10-22,C0424,P0096,E011,4,0.05,Credit Card,Delivered
O002791,2025-10-23,C0121,P0089,E005,10,0.2,UPI,Delivered
O003323,2025-10-23,C0928,P0124,E049,1,0.0,UPI,Cancelled
O003564,2025-10-23,C0291,P0196,E012,1,0.0,UPI,Delivered
O003926,2025-10-23,C0756,P0169,E017,4,0.05,Net Banking,Delivered
O005023,2025-10-23,C0462,P0059,E025,5,0.05,Net Banking,Delivered
O005088,2025-10-23,C0222,P0185,E044,1,0.1,Net Banking,Shipped
O006725,2025-10-23,C0812,P0078,E040,10,0.15,Credit Card,Delivered
O007118,2025-10-23,C0726,P0133,E006,2,0.0,UPI,Delivered
O008309,2025-10-23,C0785,P0125,E008,1,0.0,Credit Card,Delivered
O008710,2025-10-23,C0569,P0030,E038,1,0.05,Debit Card,Delivered
O009099,2025-10-23,C0057,P0139,E034,2,0.0,Net Banking,Delivered
O009624,2025-10-23,C0015,P0200,E021,1,0.02,Credit Card,Delivered
O009677,2025-10-23,C0426,P0103,E002,3,0.0,Debit Card,Delivered
O000105,2025-10-24,C0206,P0084,E044,2,0.0,Credit Card,Delivered
O000143,2025-10-24,C0668,P0003,E045,2,0.02,Cash on Delivery,Delivered
O001040,2025-10-24,C0627,P0050,E007,1,0.2,UPI,Delivered
O001576,2025-10-24,C0602,P0108,E021,1,0.02,Credit Card,Returned
O001982,2025-10-24,C0364,P0175,E014,2,0.02,UPI,Delivered
O002139,2025-10-24,C0088,P0166,E034,1,0.05,Credit Card,Shipped
O004103,2025-10-24,C0849,P0031,E027,5,0.0,UPI,Delivered
O004312,2025-10-24,C0488,P0012,E044,2,0.05,Cash on Delivery,Delivered
O004408,2025-10-24,C0356,P0194,E028,1,0.0,Debit Card,Cancelled
O004643,2025-10-24,C0450,P0022,E036,1,0.1,UPI,Delivered
O004707,2025-10-24,C0281,P0004,E039,6,0.1,UPI,Delivered
O004967,2025-10-24,C0002,P0089,E017,1,0.02,Net Banking,Cancelled
O005219,2025-10-24,C0828,P0095,E047,2,0.05,Credit Card,Delivered
O006585,2025-10-24,C1000,P0010,E046,2,0.1,UPI,Delivered
O007034,2025-10-24,C0692,P0167,E045,5,0.0,Debit Card,Delivered
O007761,2025-10-24,C0761,P0022,E042,1,0.15,Debit Card,Delivered
O009928,2025-10-24,C0620,P0111,E042,5,0.02,Cash on Delivery,Delivered
O000324,2025-10-25,C0960,P0044,E012,1,0.15,UPI,Delivered
O000339,2025-10-25,C0180,P0153,E047,2,0.02,Net Banking,Delivered
O001048,2025-10-25,C0123,P0137,E024,1,0.05,UPI,Delivered
O001227,2025-10-25,C0952,P0120,E016,2,0.05,UPI,Cancelled
O002075,2025-10-25,C0937,P0067,E046,2,0.0,Debit Card,Delivered
O002245,2025-10-25,C0015,P0123,E004,3,0.0,UPI,Returned
O002525,2025-10-25,C0560,P0187,E001,2,0.05,Debit Card,Delivered
O002786,2025-10-25,C0795,P0056,E018,2,0.05,Credit Card,Delivered
O003496,2025-10-25,C0575,P0093,E034,4,0.05,Cash on Delivery,Delivered
O004000,2025-10-25,C0980,P0108,E002,1,0.05,Cash on Delivery,Delivered
O004371,2025-10-25,C0667,P0155,E042,3,0.1,Net Banking,Delivered
O005525,2025-10-25,C0912,P0160,E007,2,0.1,UPI,Delivered
O006085,2025-10-25,C0273,P0176,E008,1,0.02,UPI,Delivered
O006119,2025-10-25,C0741,P0135,E001,2,0.1,UPI,Delivered
O006886,2025-10-25,C0506,P0094,E022,3,0.1,Debit Card,Delivered
O008730,2025-10-25,C0181,P0057,E045,3,0.1,Cash on Delivery,Delivered
O008918,2025-10-25,C0004,P0074,E010,1,0.15,UPI,Delivered
O000828,2025-10-26,C0045,P0102,E043,8,0.05,Debit Card,Delivered
O001366,2025-10-26,C0964,P0191,E005,3,0.02,UPI,Delivered
O002253,2025-10-26,C0965,P0015,E019,4,0.02,UPI,Delivered
O002260,2025-10-26,C0326,P0023,E006,8,0.0,UPI,Delivered
O002698,2025-10-26,C0453,P0044,E050,2,0.15,Debit Card,Delivered
O003588,2025-10-26,C0578,P0109,E023,1,0.05,Debit Card,Cancelled
O004902,2025-10-26,C0189,P0196,E037,3,0.0,Debit Card,Delivered
O006133,2025-10-26,C0852,P0158,E045,2,0.05,Credit Card,Delivered
O006159,2025-10-26,C0879,P0045,E044,3,0.0,Debit Card,Delivered
O006387,2025-10-26,C0508,P0055,E001,1,0.0,Credit Card,Returned
O006806,2025-10-26,C0296,P0067,E025,6,0.05,Credit Card,Delivered
O006849,2025-10-26,C0773,P0112,E042,1,0.05,Debit Card,Delivered
O008377,2025-10-26,C0810,P0020,E050,3,0.0,Net Banking,Delivered
O009228,2025-10-26,C0195,P0196,E033,3,0.0,Debit Card,Delivered
O009939,2025-10-26,C0518,P0094,E032,2,0.15,Credit Card,Delivered
O000453,2025-10-27,C0480,P0169,E046,2,0.05,Credit Card,Delivered
O001062,2025-10-27,C0439,P0188,E031,6,0.1,UPI,Shipped
O002751,2025-10-27,C0325,P0158,E015,2,0.0,Credit Card,Delivered
O004078,2025-10-27,C0195,P0110,E031,1,0.1,UPI,Shipped
O006312,2025-10-27,C0048,P0004,E005,6,0.0,Net Banking,Delivered
O006689,2025-10-27,C0476,P0198,E031,4,0.05,Cash on Delivery,Cancelled
O006826,2025-10-27,C0101,P0031,E022,1,0.0,Cash on Delivery,Delivered
O007186,2025-10-27,C0697,P0088,E013,3,0.05,UPI,Delivered
O007413,2025-10-27,C0308,P0022,E030,5,0.0,UPI,Delivered
O008180,2025-10-27,C0110,P0171,E047,2,0.15,Debit Card,Delivered
O008400,2025-10-27,C0994,P0139,E049,4,0.0,Credit Card,Delivered
O008867,2025-10-27,C0043,P0030,E014,8,0.0,Credit Card,Shipped
O000654,2025-10-28,C0518,P0053,E015,1,0.0,UPI,Delivered
O000936,2025-10-28,C0308,P0081,E021,1,0.0,Debit Card,Delivered
O002172,2025-10-28,C0673,P0114,E026,8,0.15,UPI,Delivered
O003137,2025-10-28,C0335,P0090,E003,2,0.05,UPI,Delivered
O003860,2025-10-28,C0654,P0194,E007,1,0.15,Credit Card,Shipped
O004221,2025-10-28,C0327,P0055,E008,1,0.0,UPI,Delivered
O005001,2025-10-28,C0726,P0067,E049,2,0.02,Debit Card,Delivered
O006084,2025-10-28,C0109,P0055,E012,3,0.05,UPI,Cancelled
O006226,2025-10-28,C0634,P0152,E019,1,0.05,Credit Card,Delivered
O009223,2025-10-28,C0001,P0029,E032,3,0.15,Credit Card,Delivered
O009303,2025-10-28,C0357,P0137,E027,3,0.0,Credit Card,Delivered
O009687,2025-10-28,C0687,P0185,E016,3,0.05,UPI,Delivered
O009994,2025-10-28,C0180,P0148,E003,3,0.02,Debit Card,Delivered
O000677,2025-10-29,C0462,P0145,E049,1,0.05,UPI,Delivered
O002182,2025-10-29,C0571,P0169,E045,6,0.15,Net Banking,Shipped
O002440,2025-10-29,C0994,P0110,E049,3,0.0,Cash on Delivery,Cancelled
O003941,2025-10-29,C0914,P0056,E032,3,0.1,UPI,Delivered
O006073,2025-10-29,C0606,P0126,E042,1,0.2,Debit Card,Delivered
O006385,2025-10-29,C0284,P0012,E044,2,0.0,Credit Card,Delivered
O007378,2025-10-29,C0942,P0043,E031,5,0.0,Debit Card,Delivered
O007617,2025-10-29,C0298,P0076,E024,5,0.1,Credit Card,Shipped
O008029,2025-10-29,C0084,P0034,E016,5,0.0,Cash on Delivery,Delivered
O008748,2025-10-29,C0195,P0117,E045,1,0.02,Debit Card,Delivered
O000920,2025-10-30,C0340,P0114,E045,1,0.0,Credit Card,Returned
O001583,2025-10-30,C0956,P0146,E014,1,0.1,Credit Card,Delivered
O002006,2025-10-30,C0249,P0076,E015,1,0.05,Cash on Delivery,Delivered
O003014,2025-10-30,C0392,P0095,E020,1,0.02,UPI,Delivered
O003571,2025-10-30,C0622,P0193,E023,3,0.02,Debit Card,Delivered
O004068,2025-10-30,C0927,P0048,E004,1,0.0,Credit Card,Delivered
O004721,2025-10-30,C0958,P0181,E039,3,0.0,Credit Card,Delivered
O005280,2025-10-30,C0102,P0194,E008,2,0.02,Credit Card,Delivered
O008112,2025-10-30,C0785,P0095,E015,4,0.1,Credit Card,Delivered
O009766,2025-10-30,C1000,P0007,E030,1,0.05,Net Banking,Delivered
O002203,2025-10-31,C0419,P0168,E018,1,0.1,Credit Card,Delivered
O002850,2025-10-31,C0580,P0194,E005,8,0.15,UPI,Delivered
O004228,2025-10-31,C0801,P0029,E029,1,0.02,UPI,Shipped
O004336,2025-10-31,C0596,P0048,E018,2,0.05,Cash on Delivery,Delivered
O004418,2025-10-31,C0052,P0096,E034,2,0.05,Net Banking,Delivered
O005408,2025-10-31,C0899,P0115,E037,4,0.05,Debit Card,Returned
O007110,2025-10-31,C0412,P0176,E026,2,0.0,Debit Card,Shipped
O007966,2025-10-31,C0505,P0001,E019,1,0.0,Debit Card,Shipped
O008254,2025-10-31,C0926,P0151,E020,1,0.15,Credit Card,Delivered
O008779,2025-10-31,C0384,P0016,E037,1,0.05,Debit Card,Shipped
O009020,2025-10-31,C0051,P0125,E048,1,0.0,Credit Card,Delivered
O002578,2025-11-01,C0316,P0143,E042,6,0.2,Net Banking,Delivered
O004546,2025-11-01,C0041,P0009,E037,1,0.1,Credit Card,Delivered
O006338,2025-11-01,C0690,P0168,E042,2,0.2,Net Banking,Delivered
O007190,2025-11-01,C0031,P0154,E024,2,0.15,UPI,Delivered
O007968,2025-11-01,C0308,P0054,E047,1,0.05,Credit Card,Delivered
O008304,2025-11-01,C0206,P0111,E026,2,0.0,UPI,Delivered
O009077,2025-11-01,C0245,P0176,E019,3,0.15,Cash on Delivery,Delivered
O009745,2025-11-01,C0092,P0085,E003,5,0.02,Cash on Delivery,Delivered
O009976,2025-11-01,C0421,P0162,E007,1,0.0,UPI,Delivered
O000058,2025-11-02,C0459,P0054,E035,1,0.0,Credit Card,Delivered
O000067,2025-11-02,C0179,P0059,E024,2,0.02,Credit Card,Delivered
O002818,2025-11-02,C0841,P0062,E019,4,0.02,Credit Card,Returned
O005116,2025-11-02,C0085,P0043,E006,1,0.05,UPI,Delivered
O008106,2025-11-02,C0901,P0009,E050,2,0.1,Credit Card,Delivered
O008767,2025-11-02,C0288,P0058,E032,1,0.0,UPI,Shipped
O008930,2025-11-02,C0346,P0023,E039,5,0.0,UPI,Delivered
O000819,2025-11-03,C0181,P0139,E015,3,0.0,Debit Card,Delivered
O001220,2025-11-03,C0155,P0122,E025,1,0.0,UPI,Delivered
O002483,2025-11-03,C0208,P0023,E020,1,0.02,Debit Card,Delivered
O002584,2025-11-03,C0106,P0042,E020,2,0.0,Debit Card,Delivered
O003025,2025-11-03,C0469,P0097,E015,6,0.02,Cash on Delivery,Cancelled
O003882,2025-11-03,C0206,P0200,E008,4,0.02,UPI,Shipped
O007462,2025-11-03,C0526,P0073,E047,4,0.05,Credit Card,Delivered
O008393,2025-11-03,C0346,P0165,E008,2,0.0,Debit Card,Delivered
O000980,2025-11-04,C0528,P0073,E022,2,0.1,Net Banking,Delivered
O001877,2025-11-04,C0647,P0028,E039,1,0.2,UPI,Delivered
O001886,2025-11-04,C0281,P0018,E046,10,0.1,UPI,Delivered
O002196,2025-11-04,C0925,P0172,E019,4,0.0,UPI,Delivered
O003186,2025-11-04,C0456,P0054,E043,2,0.05,UPI,Delivered
O003457,2025-11-04,C0775,P0124,E009,2,0.0,Net Banking,Delivered
O004247,2025-11-04,C0115,P0153,E036,5,0.05,UPI,Returned
O006111,2025-11-04,C0803,P0153,E046,2,0.0,Net Banking,Delivered
O006437,2025-11-04,C0562,P0119,E050,4,0.0,Net Banking,Delivered
O006832,2025-11-04,C0334,P0039,E024,2,0.0,Cash on Delivery,Delivered
O007163,2025-11-04,C0211,P0141,E013,1,0.05,Net Banking,Delivered
O008049,2025-11-04,C0035,P0108,E006,10,0.0,Debit Card,Delivered
O008460,2025-11-04,C0661,P0069,E037,2,0.0,Debit Card,Delivered
O008953,2025-11-04,C0048,P0017,E026,1,0.05,Net Banking,Delivered
O000036,2025-11-05,C0999,P0162,E014,2,0.05,Debit Card,Delivered
O001226,2025-11-05,C0455,P0043,E039,2,0.0,Credit Card,Delivered
O001522,2025-11-05,C0915,P0060,E047,2,0.05,UPI,Delivered
O001632,2025-11-05,C0325,P0182,E011,6,0.0,Cash on Delivery,Delivered
O002198,2025-11-05,C0232,P0074,E026,6,0.0,Debit Card,Delivered
O002736,2025-11-05,C0709,P0191,E017,2,0.0,UPI,Delivered
O003166,2025-11-05,C0331,P0053,E011,1,0.1,Credit Card,Delivered
O003357,2025-11-05,C0322,P0188,E021,4,0.1,Net Banking,Delivered
O003985,2025-11-05,C0856,P0099,E044,6,0.1,Net Banking,Delivered
O004394,2025-11-05,C0273,P0006,E031,4,0.05,Cash on Delivery,Delivered
O005728,2025-11-05,C0444,P0106,E038,6,0.05,UPI,Returned
O006989,2025-11-05,C0875,P0094,E040,1,0.15,Credit Card,Returned
O007115,2025-11-05,C0286,P0158,E015,4,0.1,UPI,Delivered
O009427,2025-11-05,C0957,P0079,E012,3,0.05,Debit Card,Returned
O009873,2025-11-05,C0593,P0186,E005,4,0.15,UPI,Delivered
O000401,2025-11-06,C0851,P0159,E007,3,0.0,Cash on Delivery,Shipped
O001623,2025-11-06,C0151,P0132,E046,1,0.15,UPI,Delivered
O003330,2025-11-06,C0501,P0132,E009,1,0.02,Credit Card,Delivered
O004713,2025-11-06,C0399,P0073,E014,2,0.02,Credit Card,Delivered
O004847,2025-11-06,C0189,P0199,E050,1,0.15,Credit Card,Delivered
O005181,2025-11-06,C0147,P0171,E003,6,0.05,Net Banking,Delivered
O006508,2025-11-06,C0893,P0114,E018,3,0.0,Net Banking,Delivered
O008980,2025-11-06,C0284,P0092,E029,4,0.02,UPI,Delivered
O001387,2025-11-07,C0104,P0001,E001,1,0.02,Cash on Delivery,Delivered
O001433,2025-11-07,C0094,P0081,E035,4,0.0,UPI,Returned
O002105,2025-11-07,C0913,P0016,E007,1,0.0,Credit Card,Delivered
O002210,2025-11-07,C0902,P0130,E032,2,0.0,Debit Card,Shipped
O003189,2025-11-07,C0648,P0192,E043,3,0.0,Credit Card,Delivered
O006258,2025-11-07,C0960,P0069,E023,4,0.1,Credit Card,Delivered
O008147,2025-11-07,C0147,P0178,E050,3,0.0,Debit Card,Delivered
O008744,2025-11-07,C0089,P0175,E022,2,0.05,Cash on Delivery,Delivered
O008841,2025-11-07,C0562,P0159,E006,3,0.0,Cash on Delivery,Delivered
O009368,2025-11-07,C0911,P0095,E003,2,0.0,Cash on Delivery,Delivered
O000331,2025-11-08,C0657,P0126,E030,1,0.2,UPI,Delivered
O002328,2025-11-08,C0748,P0027,E043,3,0.05,UPI,Delivered
O002634,2025-11-08,C0733,P0049,E001,1,0.1,Debit Card,Delivered
O002862,2025-11-08,C0020,P0195,E038,2,0.0,Debit Card,Delivered
O003976,2025-11-08,C0716,P0011,E038,4,0.05,UPI,Delivered
O005722,2025-11-08,C0936,P0053,E005,2,0.0,Debit Card,Delivered
O006592,2025-11-08,C0954,P0129,E022,1,0.0,Credit Card,Delivered
O007448,2025-11-08,C0652,P0177,E050,4,0.0,Debit Card,Delivered
O008458,2025-11-08,C0617,P0138,E002,1,0.02,Debit Card,Delivered
O000121,2025-11-09,C0082,P0060,E011,3,0.1,Debit Card,Delivered
O000674,2025-11-09,C0317,P0042,E050,1,0.1,Credit Card,Delivered
O000882,2025-11-09,C0610,P0165,E037,2,0.02,Net Banking,Delivered
O001631,2025-11-09,C0980,P0139,E026,3,0.05,Cash on Delivery,Cancelled
O001876,2025-11-09,C0104,P0165,E035,3,0.0,Cash on Delivery,Delivered
O002434,2025-11-09,C0162,P0195,E012,8,0.0,Credit Card,Delivered
O004133,2025-11-09,C0799,P0190,E006,4,0.0,Credit Card,Shipped
O004324,2025-11-09,C0335,P0005,E033,2,0.0,UPI,Delivered
O004353,2025-11-09,C0177,P0048,E024,4,0.02,Credit Card,Delivered
O007260,2025-11-09,C0250,P0196,E025,2,0.0,UPI,Delivered
O009754,2025-11-09,C0754,P0096,E032,3,0.0,Net Banking,Delivered
O000604,2025-11-10,C0583,P0146,E003,1,0.0,Credit Card,Delivered
O000829,2025-11-10,C0057,P0185,E050,4,0.0,UPI,Shipped
O005095,2025-11-10,C0728,P0107,E021,1,0.0,Net Banking,Delivered
O005443,2025-11-10,C0567,P0037,E018,2,0.1,UPI,Delivered
O007253,2025-11-10,C0211,P0033,E027,1,0.1,UPI,Shipped
O008302,2025-11-10,C0044,P0099,E026,1,0.0,Net Banking,Delivered
O009581,2025-11-10,C0349,P0070,E050,10,0.05,Cash on Delivery,Delivered
O009617,2025-11-10,C0992,P0007,E030,5,0.2,Debit Card,Delivered
O009815,2025-11-10,C0130,P0131,E036,6,0.0,Credit Card,Delivered
O001398,2025-11-11,C0619,P0063,E004,1,0.1,Debit Card,Delivered
O001698,2025-11-11,C0351,P0178,E043,3,0.15,Cash on Delivery,Cancelled
O005954,2025-11-11,C0958,P0005,E049,1,0.1,Credit Card,Delivered
O006062,2025-11-11,C0741,P0108,E005,1,0.0,UPI,Delivered
O006237,2025-11-11,C0583,P0145,E045,1,0.0,UPI,Delivered
O006257,2025-11-11,C0325,P0132,E026,3,0.05,UPI,Cancelled
O006639,2025-11-11,C0812,P0192,E027,1,0.0,UPI,Delivered
O007846,2025-11-11,C0425,P0137,E036,6,0.0,Debit Card,Delivered
O008477,2025-11-11,C0198,P0164,E027,3,0.02,UPI,Cancelled
O009778,2025-11-11,C0833,P0036,E048,8,0.05,Credit Card,Delivered
O000910,2025-11-12,C0213,P0110,E046,2,0.0,Debit Card,Delivered
O001531,2025-11-12,C0173,P0102,E045,4,0.0,Debit Card,Delivered
O001860,2025-11-12,C0024,P0065,E021,10,0.02,Cash on Delivery,Delivered
O001986,2025-11-12,C0701,P0053,E023,3,0.05,Credit Card,Delivered
O002164,2025-11-12,C0400,P0112,E030,2,0.15,Debit Card,Returned
O002927,2025-11-12,C0268,P0082,E046,3,0.1,Cash on Delivery,Shipped
O003023,2025-11-12,C0510,P0152,E014,2,0.05,Credit Card,Delivered
O003295,2025-11-12,C0350,P0105,E009,1,0.02,Credit Card,Delivered
O003583,2025-11-12,C0852,P0048,E040,6,0.05,Credit Card,Delivered
O005054,2025-11-12,C0376,P0047,E020,2,0.0,Credit Card,Delivered
O005802,2025-11-12,C0561,P0161,E019,3,0.15,Debit Card,Delivered
O006211,2025-11-12,C0634,P0061,E027,1,0.0,Credit Card,Delivered
O006350,2025-11-12,C0111,P0066,E007,1,0.1,Debit Card,Delivered
O006739,2025-11-12,C0848,P0121,E013,5,0.0,Credit Card,Shipped
O007318,2025-11-12,C0539,P0198,E005,5,0.0,UPI,Delivered
O008242,2025-11-12,C0860,P0145,E049,1,0.0,Credit Card,Delivered
O009435,2025-11-12,C0812,P0166,E046,2,0.0,UPI,Delivered
O000509,2025-11-13,C0729,P0194,E031,3,0.0,Debit Card,Delivered
O001112,2025-11-13,C0640,P0054,E024,1,0.15,Net Banking,Returned
O001216,2025-11-13,C0108,P0007,E004,1,0.05,UPI,Delivered
O002057,2025-11-13,C0867,P0122,E026,1,0.0,Debit Card,Delivered
O002194,2025-11-13,C0171,P0042,E021,2,0.0,Debit Card,Delivered
O002592,2025-11-13,C0745,P0036,E005,2,0.0,Net Banking,Delivered
O002865,2025-11-13,C1000,P0080,E035,2,0.05,UPI,Shipped
O004155,2025-11-13,C0223,P0065,E039,1,0.05,Credit Card,Delivered
O005959,2025-11-13,C0650,P0086,E020,4,0.05,UPI,Delivered
O006155,2025-11-13,C0215,P0042,E025,1,0.1,Debit Card,Delivered
O006196,2025-11-13,C0327,P0049,E043,3,0.05,Cash on Delivery,Delivered
O007582,2025-11-13,C0745,P0174,E031,1,0.0,Net Banking,Shipped
O008177,2025-11-13,C0057,P0150,E021,2,0.0,UPI,Delivered
O008599,2025-11-13,C0438,P0099,E020,4,0.1,Credit Card,Delivered
O009353,2025-11-13,C0044,P0016,E025,1,0.05,UPI,Delivered
O009925,2025-11-13,C0990,P0064,E021,3,0.0,UPI,Delivered
O000566,2025-11-14,C0157,P0132,E022,2,0.02,Cash on Delivery,Delivered
O005788,2025-11-14,C0413,P0197,E028,1,0.0,UPI,Delivered
O006843,2025-11-14,C0962,P0030,E049,1,0.0,UPI,Delivered
O007482,2025-11-14,C0913,P0101,E001,1,0.02,Cash on Delivery,Returned
O007540,2025-11-14,C0006,P0185,E004,4,0.1,UPI,Delivered
O007867,2025-11-14,C0374,P0126,E008,1,0.1,Cash on Delivery,Delivered
O008322,2025-11-14,C0955,P0006,E027,1,0.02,Debit Card,Delivered
O008340,2025-11-14,C0321,P0008,E013,2,0.05,Debit Card,Delivered
O008752,2025-11-14,C0613,P0086,E033,6,0.0,Credit Card,Delivered
O009140,2025-11-14,C0493,P0123,E037,3,0.02,UPI,Delivered
O009602,2025-11-14,C0379,P0017,E029,2,0.0,Net Banking,Delivered
O009709,2025-11-14,C0251,P0096,E040,2,0.0,UPI,Delivered
O009980,2025-11-14,C0750,P0122,E041,1,0.0,Credit Card,Delivered
O000491,2025-11-15,C0853,P0127,E043,3,0.0,Credit Card,Shipped
O001981,2025-11-15,C0008,P0187,E032,1,0.0,Debit Card,Delivered
O003538,2025-11-15,C0288,P0141,E034,1,0.02,Credit Card,Delivered
O004508,2025-11-15,C0255,P0110,E005,6,0.02,Debit Card,Delivered
O004540,2025-11-15,C0806,P0028,E017,4,0.05,Credit Card,Cancelled
O004693,2025-11-15,C0763,P0108,E030,3,0.0,Cash on Delivery,Returned
O004848,2025-11-15,C0193,P0017,E046,5,0.05,Net Banking,Delivered
O007675,2025-11-15,C0103,P0140,E004,3,0.0,Credit Card,Delivered
O008366,2025-11-15,C0683,P0101,E014,1,0.02,UPI,Delivered
O009050,2025-11-15,C0366,P0092,E026,5,0.05,Cash on Delivery,Delivered
O000355,2025-11-16,C0626,P0103,E049,5,0.15,Debit Card,Delivered
O000852,2025-11-16,C0434,P0060,E023,2,0.02,Debit Card,Delivered
O000996,2025-11-16,C0707,P0123,E031,3,0.05,UPI,Delivered
O001693,2025-11-16,C0211,P0156,E032,1,0.05,UPI,Delivered
O001929,2025-11-16,C0162,P0044,E034,1,0.0,Debit Card,Delivered
O001957,2025-11-16,C0603,P0062,E011,5,0.0,Debit Card,Shipped
O002943,2025-11-16,C0578,P0032,E026,3,0.02,Credit Card,Delivered
O002991,2025-11-16,C0572,P0059,E003,1,0.0,Debit Card,Delivered
O003125,2025-11-16,C0232,P0019,E011,5,0.05,UPI,Returned
O005540,2025-11-16,C0521,P0160,E012,3,0.1,Credit Card,Returned
O005870,2025-11-16,C0121,P0101,E022,4,0.02,UPI,Delivered
O006301,2025-11-16,C0277,P0032,E040,2,0.0,Cash on Delivery,Delivered
O007008,2025-11-16,C0450,P0198,E023,1,0.0,Credit Card,Delivered
O007303,2025-11-16,C0588,P0053,E042,5,0.1,Credit Card,Delivered
O007498,2025-11-16,C0818,P0023,E023,8,0.05,UPI,Delivered
O007567,2025-11-16,C0013,P0163,E012,6,0.1,UPI,Delivered
O009936,2025-11-16,C0655,P0077,E048,5,0.05,Cash on Delivery,Delivered
O000672,2025-11-17,C0565,P0153,E036,2,0.05,Debit Card,Delivered
O002069,2025-11-17,C0558,P0062,E004,1,0.0,Credit Card,Delivered
O002598,2025-11-17,C0765,P0170,E030,2,0.2,Cash on Delivery,Delivered
O003725,2025-11-17,C0847,P0072,E027,6,0.1,Net Banking,Delivered
O003834,2025-11-17,C0111,P0113,E025,1,0.05,Debit Card,Delivered
O004528,2025-11-17,C0055,P0192,E035,1,0.02,Cash on Delivery,Delivered
O005746,2025-11-17,C0591,P0073,E043,10,0.05,Credit Card,Shipped
O005783,2025-11-17,C0138,P0118,E021,6,0.02,UPI,Shipped
O006895,2025-11-17,C0733,P0048,E007,10,0.05,Cash on Delivery,Delivered
O009849,2025-11-17,C0638,P0107,E026,1,0.0,Net Banking,Cancelled
O000155,2025-11-18,C0125,P0151,E027,2,0.0,UPI,Delivered
O000480,2025-11-18,C0616,P0082,E031,8,0.0,Cash on Delivery,Delivered
O004183,2025-11-18,C0267,P0147,E007,1,0.05,UPI,Returned
O004356,2025-11-18,C0901,P0179,E031,1,0.02,Debit Card,Delivered
O004733,2025-11-18,C0507,P0035,E004,4,0.05,Net Banking,Delivered
O005359,2025-11-18,C0766,P0053,E039,6,0.05,UPI,Delivered
O005524,2025-11-18,C0163,P0043,E019,1,0.1,Credit Card,Returned
O005652,2025-11-18,C0091,P0076,E001,2,0.02,Debit Card,Delivered
O006512,2025-11-18,C0818,P0056,E014,5,0.1,Credit Card,Delivered
O008295,2025-11-18,C0656,P0067,E036,2,0.0,UPI,Delivered
O009555,2025-11-18,C0512,P0013,E018,3,0.0,Credit Card,Delivered
O002071,2025-11-19,C0195,P0084,E016,2,0.05,Debit Card,Delivered
O004806,2025-11-19,C0907,P0158,E015,1,0.05,Net Banking,Delivered
O005005,2025-11-19,C0434,P0178,E007,3,0.0,Debit Card,Delivered
O006510,2025-11-19,C0651,P0038,E027,1,0.2,Debit Card,Delivered
O006609,2025-11-19,C0273,P0113,E045,4,0.05,UPI,Cancelled
O006825,2025-11-19,C0108,P0010,E050,10,0.0,UPI,Delivered
O007742,2025-11-19,C0925,P0038,E014,3,0.0,UPI,Delivered
O008153,2025-11-19,C0309,P0028,E010,2,0.05,Cash on Delivery,Delivered
O000595,2025-11-20,C0606,P0122,E023,2,0.05,Net Banking,Delivered
O001334,2025-11-20,C0332,P0159,E009,1,0.02,Cash on Delivery,Delivered
O002471,2025-11-20,C0622,P0073,E013,1,0.15,Cash on Delivery,Delivered
O002950,2025-11-20,C0477,P0154,E033,1,0.0,Credit Card,Delivered
O003214,2025-11-20,C0088,P0057,E018,4,0.05,Net Banking,Delivered
O003371,2025-11-20,C0926,P0194,E046,2,0.02,UPI,Shipped
O004838,2025-11-20,C0098,P0061,E018,1,0.05,Credit Card,Delivered
O005787,2025-11-20,C0524,P0005,E003,1,0.15,UPI,Delivered
O005791,2025-11-20,C0314,P0113,E030,1,0.1,Net Banking,Delivered
O005976,2025-11-20,C0020,P0011,E037,4,0.0,Credit Card,Delivered
O007908,2025-11-20,C0015,P0067,E010,5,0.05,Credit Card,Delivered
O009347,2025-11-20,C0014,P0137,E017,2,0.0,Net Banking,Shipped
O009502,2025-11-20,C0531,P0181,E045,2,0.05,Debit Card,Delivered
O000345,2025-11-21,C0877,P0057,E004,3,0.0,Net Banking,Delivered
O001510,2025-11-21,C0262,P0095,E019,3,0.15,Net Banking,Delivered
O003304,2025-11-21,C0101,P0017,E046,2,0.0,UPI,Delivered
O005939,2025-11-21,C0587,P0052,E008,5,0.0,Net Banking,Delivered
O007544,2025-11-21,C0238,P0115,E049,6,0.05,Debit Card,Cancelled
O008656,2025-11-21,C0624,P0035,E044,2,0.15,Net Banking,Delivered
O000597,2025-11-22,C0600,P0186,E010,2,0.0,Cash on Delivery,Delivered
O000600,2025-11-22,C0848,P0078,E002,4,0.05,Net Banking,Delivered
O002753,2025-11-22,C0121,P0172,E022,2,0.2,Credit Card,Delivered
O003183,2025-11-22,C0803,P0170,E025,4,0.02,Credit Card,Delivered
O003187,2025-11-22,C0952,P0090,E024,4,0.02,Credit Card,Delivered
O003209,2025-11-22,C0425,P0109,E028,5,0.05,Credit Card,Delivered
O004980,2025-11-22,C0511,P0118,E019,2,0.05,UPI,Delivered
O006007,2025-11-22,C0842,P0092,E002,1,0.05,Net Banking,Delivered
O009681,2025-11-22,C0806,P0165,E037,2,0.05,UPI,Delivered
O000028,2025-11-23,C0536,P0181,E038,4,0.05,Net Banking,Delivered
O002604,2025-11-23,C0392,P0117,E013,1,0.05,Debit Card,Delivered
O003165,2025-11-23,C0333,P0163,E019,2,0.0,Debit Card,Delivered
O004879,2025-11-23,C0390,P0116,E034,2,0.15,UPI,Delivered
O006564,2025-11-23,C0618,P0054,E037,1,0.0,Credit Card,Delivered
O006835,2025-11-23,C0390,P0010,E032,3,0.0,Net Banking,Delivered
O006999,2025-11-23,C0637,P0155,E006,1,0.05,Cash on Delivery,Cancelled
O000635,2025-11-24,C0855,P0067,E024,2,0.05,UPI,Delivered
O001268,2025-11-24,C0552,P0058,E022,1,0.0,Credit Card,Cancelled
O001271,2025-11-24,C0471,P0022,E015,1,0.0,UPI,Delivered
O001589,2025-11-24,C0545,P0136,E042,1,0.02,Net Banking,Delivered
O001953,2025-11-24,C0791,P0037,E046,3,0.2,Credit Card,Delivered
O002294,2025-11-24,C0068,P0005,E038,3,0.0,Credit Card,Delivered
O002646,2025-11-24,C0339,P0015,E044,2,0.0,Debit Card,Delivered
O002995,2025-11-24,C0824,P0057,E023,4,0.15,Net Banking,Returned
O003312,2025-11-24,C0163,P0011,E040,1,0.1,UPI,Delivered
O003589,2025-11-24,C0325,P0138,E050,8,0.1,Debit Card,Delivered
O003823,2025-11-24,C0875,P0105,E012,2,0.05,Cash on Delivery,Returned
O003892,2025-11-24,C0918,P0028,E011,1,0.0,Debit Card,Shipped
O004503,2025-11-24,C0611,P0075,E029,6,0.02,Debit Card,Returned
O005671,2025-11-24,C0224,P0161,E015,3,0.02,Debit Card,Cancelled
O007686,2025-11-24,C0005,P0031,E036,6,0.0,UPI,Cancelled
O008574,2025-11-24,C0108,P0022,E006,10,0.05,Credit Card,Shipped
O008651,2025-11-24,C0200,P0017,E009,4,0.0,Credit Card,Delivered
O000945,2025-11-25,C0156,P0190,E037,1,0.05,Net Banking,Delivered
O001213,2025-11-25,C0468,P0056,E027,4,0.05,Credit Card,Delivered
O001236,2025-11-25,C0207,P0098,E004,1,0.1,Debit Card,Delivered
O002241,2025-11-25,C0771,P0072,E025,2,0.02,UPI,Delivered
O005345,2025-11-25,C0083,P0193,E007,1,0.05,Credit Card,Returned
O007136,2025-11-25,C0149,P0182,E046,2,0.0,Debit Card,Delivered
O007819,2025-11-25,C0112,P0125,E002,2,0.05,Credit Card,Delivered
O007826,2025-11-25,C0561,P0173,E044,1,0.05,UPI,Delivered
O008418,2025-11-25,C0965,P0033,E035,1,0.0,Cash on Delivery,Delivered
O000245,2025-11-26,C0499,P0167,E033,3,0.0,Debit Card,Delivered
O003124,2025-11-26,C0578,P0037,E010,1,0.1,UPI,Delivered
O003191,2025-11-26,C0064,P0101,E041,6,0.0,UPI,Delivered
O004067,2025-11-26,C0075,P0070,E041,1,0.1,Credit Card,Returned
O004193,2025-11-26,C0099,P0025,E039,2,0.05,UPI,Delivered
O005416,2025-11-26,C0764,P0075,E002,1,0.02,Credit Card,Delivered
O005948,2025-11-26,C0761,P0104,E029,2,0.05,Credit Card,Delivered
O006525,2025-11-26,C0606,P0200,E002,2,0.1,Debit Card,Delivered
O008754,2025-11-26,C0688,P0136,E013,1,0.0,Cash on Delivery,Delivered
O009874,2025-11-26,C0387,P0004,E026,3,0.05,Credit Card,Delivered
O001224,2025-11-27,C0147,P0005,E044,8,0.0,Debit Card,Delivered
O002376,2025-11-27,C0351,P0107,E020,5,0.0,UPI,Cancelled
O003088,2025-11-27,C0973,P0057,E006,1,0.0,Credit Card,Delivered
O003774,2025-11-27,C0913,P0154,E008,3,0.0,Credit Card,Delivered
O005399,2025-11-27,C0133,P0065,E042,2,0.05,UPI,Delivered
O005905,2025-11-27,C0646,P0108,E041,2,0.02,UPI,Cancelled
O006667,2025-11-27,C0499,P0112,E036,1,0.05,UPI,Delivered
O006699,2025-11-27,C0560,P0151,E045,5,0.0,Credit Card,Delivered
O009459,2025-11-27,C0853,P0175,E034,1,0.02,UPI,Delivered
O000377,2025-11-28,C0848,P0100,E028,6,0.0,Credit Card,Delivered
O000999,2025-11-28,C0558,P0079,E018,1,0.02,Credit Card,Delivered
O001734,2025-11-28,C0520,P0086,E002,6,0.02,Credit Card,Returned
O002128,2025-11-28,C0365,P0193,E015,2,0.05,UPI,Delivered
O002860,2025-11-28,C0375,P0128,E049,3,0.05,UPI,Delivered
O003477,2025-11-28,C0952,P0077,E009,5,0.05,Credit Card,Delivered
O004483,2025-11-28,C0102,P0072,E003,5,0.2,Net Banking,Returned
O004531,2025-11-28,C0088,P0171,E047,2,0.0,UPI,Delivered
O005007,2025-11-28,C0901,P0029,E038,2,0.0,Debit Card,Cancelled
O005370,2025-11-28,C0147,P0190,E011,8,0.0,Credit Card,Delivered
O006479,2025-11-28,C0431,P0179,E013,3,0.05,Net Banking,Delivered
O007021,2025-11-28,C0725,P0051,E048,3,0.0,UPI,Delivered
O007759,2025-11-28,C0853,P0003,E028,2,0.1,Credit Card,Delivered
O008750,2025-11-28,C0243,P0150,E038,1,0.1,Credit Card,Delivered
O008894,2025-11-28,C0346,P0001,E002,1,0.05,Credit Card,Delivered
O009053,2025-11-28,C0325,P0037,E037,1,0.0,Credit Card,Delivered
O000421,2025-11-29,C0411,P0068,E026,1,0.0,Debit Card,Delivered
O003225,2025-11-29,C0415,P0110,E016,2,0.02,UPI,Delivered
O004017,2025-11-29,C0843,P0091,E029,4,0.0,Debit Card,Cancelled
O004020,2025-11-29,C0462,P0133,E020,2,0.05,Net Banking,Shipped
O006942,2025-11-29,C0213,P0033,E008,2,0.0,UPI,Cancelled
O007543,2025-11-29,C0440,P0145,E007,1,0.02,Credit Card,Cancelled
O007632,2025-11-29,C0675,P0051,E037,4,0.0,Credit Card,Delivered
O000077,2025-11-30,C0366,P0052,E010,1,0.0,Net Banking,Delivered
O001601,2025-11-30,C0142,P0055,E018,3,0.0,Net Banking,Delivered
O002300,2025-11-30,C0733,P0063,E017,1,0.0,Debit Card,Delivered
O003524,2025-11-30,C0233,P0133,E025,2,0.05,UPI,Delivered
O003544,2025-11-30,C0916,P0038,E043,3,0.05,UPI,Delivered
O003978,2025-11-30,C0476,P0121,E048,10,0.0,Cash on Delivery,Delivered
O006450,2025-11-30,C0249,P0039,E016,4,0.1,Credit Card,Delivered
O007090,2025-11-30,C0327,P0141,E050,1,0.0,Debit Card,Delivered
O007941,2025-11-30,C0563,P0158,E026,2,0.0,Cash on Delivery,Delivered
O001380,2025-12-01,C0457,P0119,E033,8,0.05,Credit Card,Delivered
O001471,2025-12-01,C0412,P0161,E025,5,0.15,Credit Card,Delivered
O002302,2025-12-01,C0895,P0125,E007,4,0.15,Debit Card,Delivered
O004882,2025-12-01,C0511,P0109,E004,3,0.05,UPI,Cancelled
O004995,2025-12-01,C0806,P0028,E042,5,0.05,Net Banking,Delivered
O005377,2025-12-01,C0334,P0061,E026,2,0.1,UPI,Delivered
O005831,2025-12-01,C0222,P0119,E036,1,0.05,Net Banking,Delivered
O007548,2025-12-01,C0325,P0073,E016,3,0.05,UPI,Delivered
O009008,2025-12-01,C0973,P0052,E027,2,0.0,UPI,Delivered
O000338,2025-12-02,C0713,P0101,E025,4,0.0,UPI,Delivered
O002612,2025-12-02,C0577,P0155,E013,1,0.0,Credit Card,Delivered
O003292,2025-12-02,C0310,P0113,E005,2,0.0,Cash on Delivery,Delivered
O003673,2025-12-02,C0733,P0105,E029,2,0.02,Net Banking,Delivered
O004937,2025-12-02,C0733,P0005,E041,2,0.1,UPI,Delivered
O005398,2025-12-02,C0111,P0089,E040,4,0.15,Net Banking,Delivered
O005575,2025-12-02,C0008,P0085,E035,2,0.1,UPI,Delivered
O005767,2025-12-02,C0879,P0128,E035,6,0.05,Cash on Delivery,Delivered
O005888,2025-12-02,C0591,P0194,E033,8,0.0,UPI,Delivered
O006732,2025-12-02,C0899,P0119,E010,1,0.15,Debit Card,Delivered
O007844,2025-12-02,C0121,P0025,E004,4,0.0,UPI,Delivered
O008805,2025-12-02,C0195,P0009,E013,4,0.0,Debit Card,Cancelled
O008854,2025-12-02,C0214,P0022,E028,4,0.0,Credit Card,Delivered
O009858,2025-12-02,C0872,P0020,E020,2,0.0,Debit Card,Delivered
O009934,2025-12-02,C0517,P0197,E030,4,0.15,Cash on Delivery,Shipped
O001483,2025-12-03,C0384,P0109,E031,2,0.15,Net Banking,Delivered
O001960,2025-12-03,C0412,P0127,E025,2,0.05,Debit Card,Returned
O002114,2025-12-03,C0168,P0190,E005,2,0.05,Net Banking,Delivered
O004887,2025-12-03,C0907,P0032,E004,3,0.0,UPI,Cancelled
O005516,2025-12-03,C0683,P0142,E020,2,0.02,Credit Card,Delivered
O006613,2025-12-03,C0146,P0029,E013,2,0.1,Debit Card,Delivered
O006720,2025-12-03,C0569,P0049,E031,4,0.2,UPI,Delivered
O007449,2025-12-03,C0913,P0010,E032,1,0.0,UPI,Delivered
O008214,2025-12-03,C0337,P0015,E012,5,0.0,UPI,Delivered
O008620,2025-12-03,C0050,P0065,E038,3,0.0,Net Banking,Returned
O000503,2025-12-04,C0593,P0015,E025,6,0.1,Credit Card,Cancelled
O000970,2025-12-04,C0223,P0193,E031,10,0.02,Debit Card,Delivered
O002474,2025-12-04,C0226,P0050,E026,4,0.15,Debit Card,Delivered
O004030,2025-12-04,C0099,P0043,E012,2,0.0,Net Banking,Delivered
O005394,2025-12-04,C0842,P0128,E005,4,0.02,UPI,Delivered
O006674,2025-12-04,C0313,P0111,E017,2,0.05,Net Banking,Delivered
O006705,2025-12-04,C0421,P0005,E003,1,0.0,Credit Card,Cancelled
O007789,2025-12-04,C0061,P0001,E011,2,0.0,UPI,Delivered
O008452,2025-12-04,C0084,P0008,E042,2,0.05,Cash on Delivery,Delivered
O008671,2025-12-04,C0463,P0136,E047,3,0.0,UPI,Delivered
O008749,2025-12-04,C0613,P0071,E009,6,0.1,Net Banking,Cancelled
O009229,2025-12-04,C0119,P0169,E031,2,0.0,Net Banking,Shipped
O009949,2025-12-04,C0839,P0088,E034,5,0.0,Credit Card,Delivered
O000146,2025-12-05,C0622,P0149,E010,4,0.0,Credit Card,Delivered
O000955,2025-12-05,C0184,P0087,E012,3,0.05,Debit Card,Delivered
O001181,2025-12-05,C0514,P0107,E023,1,0.0,UPI,Delivered
O001212,2025-12-05,C0480,P0008,E030,4,0.0,UPI,Delivered
O002122,2025-12-05,C0175,P0087,E004,1,0.0,UPI,Delivered
O003107,2025-12-05,C0750,P0083,E030,5,0.15,Credit Card,Returned
O004856,2025-12-05,C0001,P0018,E003,3,0.15,Cash on Delivery,Delivered
O006140,2025-12-05,C0147,P0040,E041,4,0.0,Debit Card,Delivered
O006144,2025-12-05,C0313,P0031,E043,2,0.05,Net Banking,Delivered
O006951,2025-12-05,C0147,P0152,E028,2,0.1,Credit Card,Delivered
O009257,2025-12-05,C0214,P0136,E048,4,0.02,Debit Card,Returned
O003115,2025-12-06,C0108,P0042,E012,10,0.05,UPI,Delivered
O003825,2025-12-06,C0426,P0011,E046,2,0.05,UPI,Delivered
O003911,2025-12-06,C0241,P0020,E049,2,0.0,UPI,Delivered
O004657,2025-12-06,C0617,P0070,E013,4,0.05,UPI,Delivered
O006127,2025-12-06,C0620,P0165,E044,1,0.1,Cash on Delivery,Cancelled
O006272,2025-12-06,C0725,P0137,E006,1,0.0,UPI,Delivered
O006457,2025-12-06,C0657,P0138,E012,2,0.0,Debit Card,Delivered
O007071,2025-12-06,C0696,P0103,E044,5,0.02,Credit Card,Delivered
O007270,2025-12-06,C0008,P0031,E019,4,0.0,UPI,Delivered
O007549,2025-12-06,C0162,P0026,E041,1,0.1,Debit Card,Delivered
O008074,2025-12-06,C0020,P0042,E030,1,0.05,Debit Card,Delivered
O001466,2025-12-07,C0754,P0131,E041,2,0.0,Cash on Delivery,Delivered
O001587,2025-12-07,C0013,P0111,E040,5,0.05,Debit Card,Delivered
O002130,2025-12-07,C0959,P0007,E035,1,0.0,UPI,Delivered
O002311,2025-12-07,C0180,P0025,E045,1,0.1,Debit Card,Delivered
O002329,2025-12-07,C0801,P0159,E037,1,0.15,Credit Card,Delivered
O003150,2025-12-07,C0611,P0186,E025,1,0.1,UPI,Shipped
O003317,2025-12-07,C0879,P0056,E026,4,0.02,Credit Card,Delivered
O004031,2025-12-07,C0377,P0040,E046,4,0.05,Credit Card,Delivered
O004506,2025-12-07,C0593,P0037,E042,1,0.0,Net Banking,Delivered
O005358,2025-12-07,C0400,P0200,E043,1,0.05,Net Banking,Delivered
O006154,2025-12-07,C0167,P0132,E009,2,0.1,Credit Card,Delivered
O007563,2025-12-07,C0421,P0062,E004,4,0.05,Cash on Delivery,Delivered
O007814,2025-12-07,C0865,P0049,E021,1,0.1,Cash on Delivery,Delivered
O009344,2025-12-07,C0634,P0087,E030,2,0.0,Debit Card,Delivered
O000385,2025-12-08,C0530,P0118,E047,2,0.15,Cash on Delivery,Delivered
O000724,2025-12-08,C0657,P0045,E016,2,0.1,Net Banking,Delivered
O000858,2025-12-08,C0821,P0087,E019,6,0.1,Credit Card,Delivered
O001961,2025-12-08,C0461,P0108,E031,5,0.0,Net Banking,Delivered
O004779,2025-12-08,C0727,P0105,E049,2,0.1,Credit Card,Delivered
O004825,2025-12-08,C0964,P0197,E009,3,0.0,Credit Card,Delivered
O005748,2025-12-08,C0446,P0059,E044,6,0.05,Debit Card,Returned
O006577,2025-12-08,C0424,P0116,E022,2,0.0,Net Banking,Delivered
O008161,2025-12-08,C0764,P0147,E036,1,0.0,Debit Card,Returned
O008193,2025-12-08,C0712,P0083,E045,3,0.0,Cash on Delivery,Delivered
O009656,2025-12-08,C0852,P0126,E012,6,0.02,Credit Card,Delivered
O002142,2025-12-09,C0978,P0027,E017,1,0.0,Debit Card,Delivered
O002903,2025-12-09,C0907,P0107,E025,6,0.0,Credit Card,Delivered
O004404,2025-12-09,C0121,P0196,E026,6,0.0,Net Banking,Delivered
O007503,2025-12-09,C0174,P0061,E022,2,0.0,UPI,Delivered
O008001,2025-12-09,C0434,P0131,E044,4,0.2,UPI,Delivered
O008364,2025-12-09,C0533,P0042,E048,8,0.0,Net Banking,Delivered
O008493,2025-12-09,C0744,P0104,E010,5,0.05,Cash on Delivery,Delivered
O001328,2025-12-10,C0873,P0128,E007,2,0.05,Net Banking,Delivered
O001439,2025-12-10,C0884,P0197,E014,1,0.05,UPI,Returned
O001758,2025-12-10,C0925,P0194,E019,4,0.1,Credit Card,Cancelled
O003737,2025-12-10,C0872,P0035,E003,3,0.1,Credit Card,Delivered
O004021,2025-12-10,C0022,P0169,E008,5,0.0,Debit Card,Delivered
O004407,2025-12-10,C0779,P0005,E010,2,0.02,Credit Card,Delivered
O004453,2025-12-10,C0426,P0039,E024,1,0.2,Debit Card,Cancelled
O004811,2025-12-10,C0383,P0044,E007,2,0.2,Net Banking,Returned
O004910,2025-12-10,C0131,P0138,E015,3,0.1,Cash on Delivery,Delivered
O005848,2025-12-10,C0998,P0031,E001,3,0.02,Credit Card,Delivered
O006086,2025-12-10,C0925,P0149,E006,1,0.15,UPI,Delivered
O007481,2025-12-10,C0964,P0152,E021,1,0.15,Net Banking,Delivered
O008007,2025-12-10,C0594,P0101,E032,1,0.02,UPI,Delivered
O000583,2025-12-11,C0232,P0170,E041,1,0.05,Debit Card,Delivered
O001068,2025-12-11,C0728,P0078,E041,8,0.05,Credit Card,Delivered
O005775,2025-12-11,C0006,P0139,E004,1,0.1,Cash on Delivery,Delivered
O005947,2025-12-11,C0953,P0102,E033,8,0.15,Debit Card,Delivered
O006670,2025-12-11,C0372,P0050,E021,4,0.05,Debit Card,Delivered
O008083,2025-12-11,C0754,P0103,E031,1,0.1,Cash on Delivery,Delivered
O004589,2025-12-12,C0440,P0145,E038,1,0.05,UPI,Delivered
O004725,2025-12-12,C0466,P0104,E026,1,0.02,Debit Card,Delivered
O005773,2025-12-12,C0692,P0098,E028,2,0.0,Net Banking,Delivered
O006678,2025-12-12,C0960,P0075,E035,4,0.2,Cash on Delivery,Delivered
O007176,2025-12-12,C0802,P0162,E030,3,0.2,UPI,Delivered
O007256,2025-12-12,C0746,P0034,E043,2,0.2,Cash on Delivery,Returned
O008271,2025-12-12,C0252,P0168,E014,1,0.05,Credit Card,Delivered
O008884,2025-12-12,C0143,P0051,E025,1,0.0,Net Banking,Returned
O009121,2025-12-12,C0684,P0095,E002,2,0.02,Cash on Delivery,Delivered
O000254,2025-12-13,C0858,P0053,E010,2,0.15,Net Banking,Delivered
O002821,2025-12-13,C0369,P0199,E027,1,0.0,Cash on Delivery,Delivered
O004271,2025-12-13,C0735,P0140,E021,2,0.05,Debit Card,Delivered
O004428,2025-12-13,C0811,P0116,E018,1,0.05,UPI,Delivered
O004664,2025-12-13,C0724,P0013,E007,1,0.0,Debit Card,Delivered
O007714,2025-12-13,C0308,P0017,E007,1,0.0,UPI,Delivered
O009312,2025-12-13,C0332,P0144,E004,1,0.05,Credit Card,Delivered
O000865,2025-12-14,C0986,P0156,E027,5,0.1,Net Banking,Delivered
O001337,2025-12-14,C0198,P0081,E001,2,0.02,Credit Card,Returned
O002472,2025-12-14,C0848,P0187,E034,1,0.0,UPI,Delivered
O002829,2025-12-14,C0784,P0174,E037,1,0.0,Credit Card,Delivered
O002852,2025-12-14,C0693,P0198,E011,1,0.0,Net Banking,Shipped
O003193,2025-12-14,C0832,P0199,E035,2,0.1,UPI,Delivered
O004951,2025-12-14,C0668,P0196,E013,4,0.05,UPI,Delivered
O005036,2025-12-14,C0554,P0085,E031,1,0.05,Debit Card,Cancelled
O005096,2025-12-14,C0223,P0053,E042,2,0.2,UPI,Delivered
O005239,2025-12-14,C0052,P0122,E012,3,0.02,Cash on Delivery,Delivered
O006844,2025-12-14,C0220,P0090,E036,2,0.05,UPI,Delivered
O007113,2025-12-14,C0991,P0054,E034,1,0.05,Debit Card,Delivered
O007863,2025-12-14,C0987,P0068,E024,5,0.02,UPI,Delivered
O009013,2025-12-14,C0004,P0113,E031,3,0.0,UPI,Delivered
O009123,2025-12-14,C0666,P0158,E023,2,0.05,Credit Card,Delivered
O009648,2025-12-14,C0422,P0061,E028,2,0.15,Net Banking,Delivered
O001262,2025-12-15,C0513,P0137,E005,5,0.02,Debit Card,Delivered
O001456,2025-12-15,C0054,P0112,E010,4,0.1,Credit Card,Shipped
O002087,2025-12-15,C0116,P0165,E049,2,0.1,Credit Card,Delivered
O002257,2025-12-15,C0952,P0028,E009,1,0.0,UPI,Delivered
O008721,2025-12-15,C0181,P0190,E009,1,0.05,Net Banking,Delivered
O009169,2025-12-15,C0838,P0163,E019,4,0.05,Net Banking,Delivered
O001092,2025-12-16,C0653,P0032,E010,2,0.15,Debit Card,Delivered
O001124,2025-12-16,C0576,P0065,E042,1,0.0,UPI,Delivered
O001878,2025-12-16,C0070,P0031,E018,1,0.02,Credit Card,Delivered
O002461,2025-12-16,C0378,P0197,E033,4,0.05,Net Banking,Delivered
O004617,2025-12-16,C0696,P0117,E002,2,0.1,Debit Card,Delivered
O005945,2025-12-16,C0277,P0050,E042,1,0.0,Cash on Delivery,Delivered
O000322,2025-12-17,C0444,P0167,E046,3,0.15,Credit Card,Delivered
O001921,2025-12-17,C0073,P0177,E037,5,0.0,Debit Card,Delivered
O004818,2025-12-17,C0059,P0054,E032,10,0.0,Net Banking,Delivered
O005533,2025-12-17,C0019,P0006,E029,2,0.2,UPI,Cancelled
O007624,2025-12-17,C0652,P0127,E013,8,0.15,Net Banking,Delivered
O008417,2025-12-17,C0248,P0009,E005,2,0.0,UPI,Delivered
O008961,2025-12-17,C0450,P0042,E011,1,0.1,UPI,Delivered
O009504,2025-12-17,C0583,P0014,E047,2,0.0,Credit Card,Delivered
O009616,2025-12-17,C0856,P0191,E009,1,0.1,UPI,Delivered
O001200,2025-12-18,C0426,P0098,E020,4,0.05,Cash on Delivery,Delivered
O001321,2025-12-18,C0906,P0163,E038,1,0.1,Net Banking,Delivered
O001765,2025-12-18,C0211,P0108,E037,2,0.1,UPI,Delivered
O003731,2025-12-18,C0578,P0147,E026,3,0.05,Cash on Delivery,Delivered
O004909,2025-12-18,C0285,P0077,E038,1,0.0,Debit Card,Delivered
O006251,2025-12-18,C0271,P0044,E046,4,0.0,Credit Card,Delivered
O006354,2025-12-18,C0249,P0030,E031,2,0.05,Debit Card,Delivered
O006921,2025-12-18,C0818,P0097,E019,10,0.05,Credit Card,Delivered
O009715,2025-12-18,C0127,P0027,E008,3,0.05,Credit Card,Delivered
O009962,2025-12-18,C0928,P0119,E019,1,0.1,Cash on Delivery,Delivered
O003286,2025-12-19,C0129,P0035,E012,5,0.1,Credit Card,Delivered
O003612,2025-12-19,C0484,P0058,E029,3,0.02,Credit Card,Delivered
O004513,2025-12-19,C0623,P0155,E030,4,0.0,Credit Card,Delivered
O005503,2025-12-19,C0764,P0143,E018,1,0.02,UPI,Delivered
O006787,2025-12-19,C0022,P0033,E031,1,0.0,Net Banking,Delivered
O007165,2025-12-19,C0895,P0170,E019,1,0.0,Net Banking,Shipped
O000532,2025-12-20,C0766,P0100,E023,2,0.1,Credit Card,Delivered
O001006,2025-12-20,C0578,P0049,E044,1,0.0,Debit Card,Cancelled
O001435,2025-12-20,C0603,P0072,E034,2,0.05,UPI,Returned
O001787,2025-12-20,C0937,P0083,E012,1,0.0,UPI,Delivered
O001913,2025-12-20,C0799,P0124,E002,2,0.0,UPI,Delivered
O002285,2025-12-20,C0497,P0043,E036,5,0.05,UPI,Delivered
O003862,2025-12-20,C0419,P0063,E050,1,0.0,Debit Card,Delivered
O005170,2025-12-20,C0591,P0018,E022,3,0.0,UPI,Delivered
O005770,2025-12-20,C0669,P0009,E010,2,0.0,Cash on Delivery,Returned
O007030,2025-12-20,C0991,P0005,E049,4,0.1,Net Banking,Delivered
O007279,2025-12-20,C0283,P0177,E028,1,0.05,UPI,Cancelled
O008503,2025-12-20,C0596,P0128,E049,3,0.05,Net Banking,Delivered
O008764,2025-12-20,C0097,P0067,E009,1,0.02,Credit Card,Delivered
O008787,2025-12-20,C0936,P0118,E007,1,0.05,UPI,Delivered
O009070,2025-12-20,C0162,P0151,E011,2,0.0,UPI,Delivered
O000897,2025-12-21,C0153,P0068,E050,2,0.0,Net Banking,Delivered
O002541,2025-12-21,C0050,P0125,E015,1,0.05,Net Banking,Delivered
O002596,2025-12-21,C0801,P0051,E027,5,0.02,Net Banking,Shipped
O004334,2025-12-21,C0846,P0045,E031,8,0.0,UPI,Delivered
O005182,2025-12-21,C0862,P0187,E006,6,0.0,Debit Card,Delivered
O006041,2025-12-21,C0101,P0148,E015,1,0.0,Net Banking,Returned
O008943,2025-12-21,C0671,P0015,E008,2,0.05,Net Banking,Delivered
O009702,2025-12-21,C0984,P0155,E042,4,0.0,UPI,Cancelled
O000293,2025-12-22,C0334,P0092,E018,2,0.0,Credit Card,Delivered
O001245,2025-12-22,C0664,P0088,E027,1,0.0,UPI,Cancelled
O002586,2025-12-22,C0222,P0167,E030,3,0.0,Net Banking,Delivered
O003122,2025-12-22,C0272,P0013,E035,4,0.1,UPI,Delivered
O003363,2025-12-22,C0101,P0022,E043,4,0.1,UPI,Delivered
O006188,2025-12-22,C0533,P0081,E043,1,0.0,Credit Card,Delivered
O006893,2025-12-22,C0015,P0150,E011,1,0.0,Net Banking,Delivered
O007038,2025-12-22,C0889,P0067,E048,2,0.1,Net Banking,Delivered
O008593,2025-12-22,C0248,P0012,E019,2,0.0,Credit Card,Delivered
O009219,2025-12-22,C0088,P0062,E023,4,0.0,Cash on Delivery,Delivered
O000601,2025-12-23,C0433,P0045,E003,1,0.0,Debit Card,Delivered
O002268,2025-12-23,C0340,P0006,E024,5,0.0,Net Banking,Delivered
O004097,2025-12-23,C0955,P0058,E017,1,0.05,UPI,Delivered
O006769,2025-12-23,C0456,P0028,E016,2,0.0,UPI,Delivered
O009031,2025-12-23,C0726,P0080,E025,2,0.05,Credit Card,Delivered
O009736,2025-12-23,C0527,P0013,E001,2,0.2,UPI,Delivered
O009997,2025-12-23,C0456,P0162,E024,1,0.05,UPI,Delivered
O000119,2025-12-24,C0737,P0098,E031,5,0.05,UPI,Returned
O002769,2025-12-24,C0268,P0138,E045,2,0.05,UPI,Delivered
O004814,2025-12-24,C0970,P0168,E008,6,0.2,UPI,Cancelled
O004939,2025-12-24,C0074,P0088,E048,2,0.05,Credit Card,Delivered
O005997,2025-12-24,C0101,P0014,E036,3,0.02,UPI,Delivered
O006767,2025-12-24,C0634,P0080,E046,1,0.0,Cash on Delivery,Cancelled
O007591,2025-12-24,C0189,P0155,E020,2,0.02,UPI,Delivered
O007920,2025-12-24,C0179,P0098,E047,3,0.05,Net Banking,Delivered
O008178,2025-12-24,C0366,P0182,E045,2,0.0,Debit Card,Delivered
O008985,2025-12-24,C0733,P0159,E024,3,0.15,Credit Card,Delivered
O009246,2025-12-24,C0258,P0028,E012,6,0.1,UPI,Delivered
O001367,2025-12-25,C0914,P0178,E014,1,0.2,Net Banking,Delivered
O001949,2025-12-25,C0852,P0192,E042,1,0.05,UPI,Returned
O002765,2025-12-25,C0532,P0171,E029,8,0.0,Cash on Delivery,Delivered
O003268,2025-12-25,C0729,P0116,E038,1,0.0,UPI,Delivered
O003522,2025-12-25,C0332,P0049,E034,1,0.05,Net Banking,Delivered
O004270,2025-12-25,C0102,P0152,E003,1,0.02,Debit Card,Delivered
O004409,2025-12-25,C0369,P0124,E012,2,0.0,Net Banking,Delivered
O007297,2025-12-25,C0664,P0193,E040,2,0.0,Credit Card,Delivered
O008513,2025-12-25,C0008,P0153,E002,1,0.2,Net Banking,Delivered
O009520,2025-12-25,C0948,P0167,E003,1,0.0,Debit Card,Delivered
O000689,2025-12-26,C0372,P0030,E027,8,0.2,UPI,Delivered
O000862,2025-12-26,C0859,P0184,E026,2,0.0,UPI,Delivered
O002488,2025-12-26,C0908,P0135,E010,2,0.0,Cash on Delivery,Delivered
O003100,2025-12-26,C0812,P0080,E034,4,0.02,Cash on Delivery,Delivered
O003738,2025-12-26,C0894,P0187,E018,2,0.0,Credit Card,Delivered
O004578,2025-12-26,C0637,P0096,E032,1,0.0,Debit Card,Delivered
O005275,2025-12-26,C0151,P0193,E019,1,0.05,Debit Card,Delivered
O006239,2025-12-26,C0369,P0041,E034,5,0.1,Credit Card,Delivered
O008077,2025-12-26,C0147,P0195,E032,2,0.0,Credit Card,Delivered
O008704,2025-12-26,C0908,P0025,E017,1,0.05,Debit Card,Delivered
O009410,2025-12-26,C0869,P0168,E043,4,0.15,Cash on Delivery,Shipped
O000407,2025-12-27,C0225,P0170,E012,8,0.15,UPI,Delivered
O002867,2025-12-27,C0076,P0129,E002,2,0.02,Net Banking,Delivered
O003024,2025-12-27,C0586,P0093,E016,3,0.0,UPI,Delivered
O003711,2025-12-27,C0386,P0090,E019,4,0.05,Credit Card,Delivered
O006215,2025-12-27,C0746,P0148,E001,2,0.0,Credit Card,Delivered
O007040,2025-12-27,C0381,P0076,E039,4,0.02,Cash on Delivery,Delivered
O008563,2025-12-27,C0500,P0181,E016,3,0.0,UPI,Delivered
O009467,2025-12-27,C0165,P0018,E027,3,0.0,Credit Card,Delivered
O000199,2025-12-28,C0257,P0122,E036,3,0.1,Net Banking,Delivered
O001491,2025-12-28,C0332,P0086,E014,4,0.15,UPI,Delivered
O001797,2025-12-28,C0438,P0109,E031,2,0.1,Debit Card,Shipped
O001933,2025-12-28,C0756,P0102,E017,2,0.05,Credit Card,Delivered
O003356,2025-12-28,C0884,P0084,E016,3,0.0,Cash on Delivery,Delivered
O003634,2025-12-28,C0730,P0065,E048,2,0.0,Credit Card,Delivered
O004857,2025-12-28,C0588,P0041,E006,2,0.0,Debit Card,Delivered
O004959,2025-12-28,C0550,P0125,E015,1,0.02,Debit Card,Delivered
O005675,2025-12-28,C0818,P0123,E021,6,0.0,UPI,Shipped
O007170,2025-12-28,C0243,P0182,E022,3,0.0,Credit Card,Delivered
O008504,2025-12-28,C0180,P0072,E040,5,0.0,UPI,Delivered
O009300,2025-12-28,C0079,P0125,E038,8,0.0,Credit Card,Delivered
O000234,2025-12-29,C0088,P0131,E033,2,0.1,UPI,Delivered
O001002,2025-12-29,C0150,P0105,E047,1,0.2,Credit Card,Delivered
O001310,2025-12-29,C0997,P0170,E047,2,0.0,Credit Card,Cancelled
O001894,2025-12-29,C0844,P0169,E020,2,0.2,Net Banking,Delivered
O001912,2025-12-29,C0626,P0194,E037,1,0.05,Credit Card,Delivered
O002917,2025-12-29,C0433,P0162,E039,1,0.0,Net Banking,Delivered
O005492,2025-12-29,C0514,P0148,E004,4,0.05,Net Banking,Delivered
O007217,2025-12-29,C0385,P0160,E024,3,0.0,Debit Card,Delivered
O008982,2025-12-29,C0518,P0164,E039,2,0.02,Credit Card,Shipped
O009388,2025-12-29,C0765,P0149,E024,8,0.02,Credit Card,Returned
O009790,2025-12-29,C0957,P0063,E034,3,0.05,Debit Card,Delivered
O000594,2025-12-30,C0621,P0194,E028,1,0.0,Debit Card,Delivered
O001683,2025-12-30,C0249,P0028,E018,2,0.02,Credit Card,Delivered
O002191,2025-12-30,C0138,P0183,E048,4,0.1,Debit Card,Shipped
O002192,2025-12-30,C0322,P0125,E015,2,0.0,Cash on Delivery,Delivered
O002242,2025-12-30,C0542,P0061,E011,3,0.05,UPI,Delivered
O002289,2025-12-30,C0706,P0015,E010,2,0.1,Net Banking,Delivered
O004175,2025-12-30,C0561,P0145,E014,1,0.05,Credit Card,Delivered
O004469,2025-12-30,C0233,P0151,E010,8,0.0,UPI,Delivered
O005270,2025-12-30,C0346,P0086,E028,1,0.05,Credit Card,Delivered
O006048,2025-12-30,C0538,P0163,E036,3,0.05,Debit Card,Delivered
O006658,2025-12-30,C0224,P0153,E033,1,0.0,Credit Card,Delivered
O007109,2025-12-30,C0971,P0095,E030,3,0.05,Credit Card,Delivered
O007478,2025-12-30,C0298,P0011,E022,2,0.05,Credit Card,Shipped
O008076,2025-12-30,C0850,P0117,E021,3,0.0,Cash on Delivery,Returned
O009454,2025-12-30,C0978,P0147,E044,3,0.15,Credit Card,Delivered
O009987,2025-12-30,C0618,P0167,E001,1,0.0,Debit Card,Delivered
O005191,2025-12-31,C0567,P0100,E008,3,0.02,UPI,Delivered
O006723,2025-12-31,C0659,P0128,E002,4,0.02,Debit Card,Delivered
O006756,2025-12-31,C1000,P0101,E018,3,0.0,UPI,Delivered
O006929,2025-12-31,C0879,P0153,E037,2,0.0,Credit Card,Delivered
O009310,2025-12-31,C0828,P0119,E023,1,0.1,Cash on Delivery,Delivered
O009853,2025-12-31,C0103,P0115,E026,2,0.2,Debit Card,Delivered
O003075,2026-01-01,C0651,P0166,E009,3,0.0,Net Banking,Returned
O004310,2026-01-01,C0294,P0178,E004,1,0.02,Net Banking,Shipped
O005658,2026-01-01,C0475,P0150,E049,1,0.05,Debit Card,Delivered
O005938,2026-01-01,C0474,P0177,E012,6,0.05,Credit Card,Delivered
O009052,2026-01-01,C0979,P0039,E034,2,0.05,Debit Card,Cancelled
O009376,2026-01-01,C0657,P0164,E047,3,0.05,Credit Card,Delivered
O009982,2026-01-01,C0818,P0151,E033,5,0.1,Net Banking,Delivered
O000092,2026-01-02,C0297,P0034,E012,1,0.05,Cash on Delivery,Delivered
O000136,2026-01-02,C0409,P0088,E027,3,0.0,Net Banking,Delivered
O002529,2026-01-02,C0867,P0158,E048,1,0.0,Net Banking,Delivered
O003616,2026-01-02,C0491,P0134,E047,2,0.0,Net Banking,Delivered
O004056,2026-01-02,C0659,P0094,E016,1,0.0,Cash on Delivery,Delivered
O004373,2026-01-02,C0561,P0007,E013,2,0.2,UPI,Delivered
O004391,2026-01-02,C0322,P0054,E020,5,0.05,Cash on Delivery,Delivered
O004695,2026-01-02,C0088,P0088,E007,1,0.05,Credit Card,Delivered
O005666,2026-01-02,C0168,P0064,E047,3,0.05,Credit Card,Delivered
O006078,2026-01-02,C0710,P0102,E004,6,0.0,UPI,Delivered
O006711,2026-01-02,C0641,P0067,E050,5,0.0,Credit Card,Delivered
O006938,2026-01-02,C0281,P0045,E030,2,0.2,Credit Card,Delivered
O007002,2026-01-02,C0268,P0114,E003,2,0.05,Net Banking,Delivered
O009462,2026-01-02,C0015,P0109,E021,1,0.15,Credit Card,Delivered
O009690,2026-01-02,C0317,P0039,E008,3,0.1,Net Banking,Delivered
O009758,2026-01-02,C0964,P0007,E049,2,0.2,Debit Card,Delivered
O009797,2026-01-02,C0671,P0115,E015,2,0.0,Credit Card,Cancelled
O001806,2026-01-03,C0644,P0146,E006,6,0.05,UPI,Delivered
O003621,2026-01-03,C0468,P0068,E010,2,0.1,UPI,Delivered
O004947,2026-01-03,C0958,P0046,E002,1,0.02,Credit Card,Delivered
O005304,2026-01-03,C0899,P0132,E003,3,0.0,UPI,Delivered
O005654,2026-01-03,C0664,P0058,E039,3,0.1,Net Banking,Delivered
O006675,2026-01-03,C0278,P0072,E022,3,0.0,UPI,Delivered
O006808,2026-01-03,C0651,P0136,E011,1,0.0,Debit Card,Delivered
O007131,2026-01-03,C0417,P0197,E041,1,0.15,Cash on Delivery,Delivered
O007850,2026-01-03,C0602,P0159,E017,2,0.05,Debit Card,Delivered
O008223,2026-01-03,C0745,P0182,E018,1,0.05,Cash on Delivery,Delivered
O008819,2026-01-03,C0925,P0113,E007,2,0.05,UPI,Delivered
O009540,2026-01-03,C0038,P0031,E044,4,0.05,UPI,Delivered
O009628,2026-01-03,C0655,P0031,E006,6,0.0,Credit Card,Delivered
O000386,2026-01-04,C0558,P0009,E038,3,0.05,Net Banking,Delivered
O003331,2026-01-04,C0575,P0134,E014,1,0.02,Debit Card,Delivered
O003514,2026-01-04,C0785,P0100,E035,1,0.0,UPI,Delivered
O003724,2026-01-04,C0308,P0051,E030,4,0.0,UPI,Delivered
O004555,2026-01-04,C0578,P0200,E049,2,0.02,Debit Card,Delivered
O005325,2026-01-04,C0656,P0071,E008,3,0.0,UPI,Delivered
O005798,2026-01-04,C0110,P0137,E006,1,0.05,Credit Card,Delivered
O005990,2026-01-04,C0744,P0076,E008,5,0.0,Credit Card,Delivered
O006261,2026-01-04,C0714,P0131,E026,2,0.1,Debit Card,Delivered
O007293,2026-01-04,C0199,P0031,E027,3,0.05,Net Banking,Delivered
O000873,2026-01-05,C0741,P0127,E001,8,0.05,Cash on Delivery,Delivered
O001325,2026-01-05,C0193,P0163,E041,1,0.05,Credit Card,Delivered
O002103,2026-01-05,C0408,P0168,E008,1,0.05,Debit Card,Shipped
O002225,2026-01-05,C0632,P0118,E008,2,0.1,UPI,Delivered
O004250,2026-01-05,C0981,P0002,E020,5,0.05,UPI,Delivered
O005795,2026-01-05,C0823,P0042,E006,3,0.02,Net Banking,Delivered
O007013,2026-01-05,C0873,P0166,E016,1,0.05,Debit Card,Delivered
O008701,2026-01-05,C0036,P0112,E030,10,0.05,Net Banking,Delivered
O009027,2026-01-05,C0234,P0062,E032,1,0.02,Net Banking,Delivered
O009212,2026-01-05,C0121,P0083,E038,2,0.2,UPI,Delivered
O000679,2026-01-06,C0704,P0168,E026,1,0.2,Debit Card,Delivered
O001493,2026-01-06,C0094,P0034,E048,1,0.05,UPI,Delivered
O003238,2026-01-06,C0107,P0195,E022,2,0.2,Net Banking,Delivered
O003354,2026-01-06,C0745,P0101,E017,6,0.0,Debit Card,Delivered
O003914,2026-01-06,C0975,P0121,E017,1,0.15,Debit Card,Delivered
O005674,2026-01-06,C0172,P0011,E012,6,0.15,UPI,Delivered
O006071,2026-01-06,C0359,P0069,E008,5,0.05,Credit Card,Delivered
O007152,2026-01-06,C0317,P0029,E026,5,0.1,Debit Card,Delivered
O007935,2026-01-06,C0828,P0141,E013,1,0.15,UPI,Cancelled
O008770,2026-01-06,C0952,P0104,E013,3,0.05,Credit Card,Shipped
O009291,2026-01-06,C0394,P0054,E014,5,0.15,Credit Card,Delivered
O009863,2026-01-06,C0474,P0159,E002,6,0.02,Credit Card,Delivered
O000107,2026-01-07,C0911,P0040,E015,2,0.1,Credit Card,Delivered
O000389,2026-01-07,C0761,P0076,E035,4,0.0,Debit Card,Delivered
O000585,2026-01-07,C0497,P0041,E046,2,0.0,UPI,Delivered
O001009,2026-01-07,C0400,P0027,E023,2,0.0,Net Banking,Delivered
O002443,2026-01-07,C0837,P0034,E017,1,0.1,UPI,Delivered
O002759,2026-01-07,C0621,P0121,E040,1,0.0,UPI,Delivered
O002772,2026-01-07,C0914,P0061,E008,6,0.0,Credit Card,Delivered
O005910,2026-01-07,C0182,P0088,E027,2,0.1,Debit Card,Delivered
O006758,2026-01-07,C0845,P0125,E046,1,0.2,Debit Card,Delivered
O009114,2026-01-07,C0761,P0007,E009,3,0.05,Debit Card,Delivered
O009320,2026-01-07,C0417,P0155,E033,5,0.02,Credit Card,Delivered
O009703,2026-01-07,C0045,P0111,E022,3,0.0,Debit Card,Shipped
O000318,2026-01-08,C0811,P0100,E038,1,0.0,Credit Card,Delivered
O000649,2026-01-08,C0832,P0036,E046,1,0.1,UPI,Delivered
O001148,2026-01-08,C0262,P0175,E029,3,0.0,Debit Card,Delivered
O001239,2026-01-08,C0946,P0041,E006,1,0.15,Debit Card,Delivered
O002499,2026-01-08,C0334,P0045,E024,1,0.05,UPI,Delivered
O002699,2026-01-08,C0180,P0116,E029,3,0.05,Credit Card,Delivered
O003036,2026-01-08,C0341,P0176,E024,2,0.15,UPI,Delivered
O003519,2026-01-08,C0275,P0059,E037,1,0.05,Net Banking,Delivered
O003761,2026-01-08,C0928,P0107,E027,1,0.15,Cash on Delivery,Delivered
O003783,2026-01-08,C0878,P0001,E042,1,0.05,UPI,Delivered
O004131,2026-01-08,C0468,P0029,E014,1,0.05,UPI,Delivered
O004165,2026-01-08,C0281,P0151,E008,2,0.2,UPI,Cancelled
O004744,2026-01-08,C0198,P0122,E026,1,0.1,Net Banking,Delivered
O005681,2026-01-08,C0110,P0031,E020,1,0.0,Net Banking,Delivered
O006082,2026-01-08,C0176,P0157,E036,1,0.05,Credit Card,Delivered
O006129,2026-01-08,C0869,P0024,E002,1,0.05,Net Banking,Delivered
O006911,2026-01-08,C0523,P0076,E009,1,0.0,Credit Card,Delivered
O009324,2026-01-08,C0468,P0090,E013,5,0.15,Credit Card,Cancelled
O009517,2026-01-08,C0607,P0101,E041,4,0.0,Debit Card,Delivered
O004091,2026-01-09,C0582,P0027,E019,1,0.02,Net Banking,Delivered
O005172,2026-01-09,C0534,P0197,E026,1,0.0,Cash on Delivery,Delivered
O006106,2026-01-09,C0527,P0067,E022,3,0.0,Cash on Delivery,Delivered
O006738,2026-01-09,C0195,P0027,E012,3,0.02,Debit Card,Delivered
O007098,2026-01-09,C0856,P0194,E050,4,0.0,Debit Card,Shipped
O007550,2026-01-09,C0375,P0194,E024,4,0.0,UPI,Shipped
O008865,2026-01-09,C0223,P0010,E014,1,0.05,Cash on Delivery,Delivered
O000066,2026-01-10,C0513,P0093,E011,2,0.0,UPI,Delivered
O000647,2026-01-10,C0741,P0162,E036,1,0.1,Net Banking,Delivered
O001615,2026-01-10,C0205,P0184,E011,6,0.1,Credit Card,Delivered
O004351,2026-01-10,C0298,P0008,E006,3,0.05,Debit Card,Cancelled
O005778,2026-01-10,C0019,P0172,E030,1,0.05,Net Banking,Delivered
O005779,2026-01-10,C0765,P0150,E009,10,0.1,UPI,Delivered
O005913,2026-01-10,C0322,P0061,E045,3,0.1,Cash on Delivery,Delivered
O008603,2026-01-10,C0592,P0042,E009,4,0.1,UPI,Delivered
O008792,2026-01-10,C0998,P0106,E038,2,0.0,UPI,Returned
O009156,2026-01-10,C0791,P0036,E036,2,0.02,Credit Card,Delivered
O001322,2026-01-11,C0199,P0189,E021,2,0.05,UPI,Delivered
O002258,2026-01-11,C0184,P0192,E037,3,0.02,UPI,Delivered
O002798,2026-01-11,C0214,P0113,E021,3,0.05,Cash on Delivery,Returned
O003575,2026-01-11,C0987,P0181,E048,2,0.05,Credit Card,Delivered
O003790,2026-01-11,C0058,P0075,E002,8,0.0,Credit Card,Delivered
O006190,2026-01-11,C0013,P0115,E036,2,0.0,UPI,Delivered
O006408,2026-01-11,C0596,P0027,E017,1,0.0,Net Banking,Delivered
O007019,2026-01-11,C0928,P0196,E024,1,0.0,Cash on Delivery,Delivered
O008036,2026-01-11,C0360,P0128,E034,5,0.1,Debit Card,Cancelled
O008139,2026-01-11,C0655,P0055,E004,2,0.02,Credit Card,Delivered
O008186,2026-01-11,C0041,P0122,E017,1,0.0,UPI,Delivered
O008483,2026-01-11,C0580,P0121,E015,6,0.0,Net Banking,Shipped
O009565,2026-01-11,C0346,P0142,E007,10,0.0,Cash on Delivery,Delivered
O009586,2026-01-11,C0697,P0044,E031,3,0.0,Credit Card,Delivered
O009893,2026-01-11,C0954,P0003,E024,1,0.0,Credit Card,Delivered
O001883,2026-01-12,C0485,P0012,E019,1,0.0,Net Banking,Delivered
O001991,2026-01-12,C0973,P0170,E035,2,0.05,UPI,Delivered
O002724,2026-01-12,C0540,P0002,E045,3,0.1,UPI,Delivered
O002916,2026-01-12,C0958,P0038,E030,5,0.1,UPI,Delivered
O004501,2026-01-12,C0702,P0194,E023,2,0.05,UPI,Delivered
O005267,2026-01-12,C0708,P0109,E004,5,0.15,Cash on Delivery,Shipped
O005726,2026-01-12,C0901,P0047,E028,1,0.05,Credit Card,Cancelled
O006287,2026-01-12,C0926,P0069,E034,2,0.02,Debit Card,Delivered
O006428,2026-01-12,C0631,P0086,E026,4,0.0,Cash on Delivery,Delivered
O006545,2026-01-12,C0914,P0110,E048,1,0.15,Credit Card,Returned
O006757,2026-01-12,C0182,P0085,E044,1,0.1,Debit Card,Delivered
O006778,2026-01-12,C0450,P0023,E046,1,0.05,Net Banking,Delivered
O008116,2026-01-12,C0504,P0097,E028,3,0.0,Cash on Delivery,Delivered
O008689,2026-01-12,C0349,P0097,E048,2,0.0,Debit Card,Delivered
O009307,2026-01-12,C0195,P0151,E006,2,0.05,UPI,Cancelled
O000353,2026-01-13,C0178,P0016,E009,2,0.15,Net Banking,Delivered
O000694,2026-01-13,C0294,P0170,E027,3,0.1,UPI,Delivered
O001618,2026-01-13,C0701,P0013,E024,2,0.02,Credit Card,Returned
O001920,2026-01-13,C0379,P0182,E028,4,0.0,UPI,Delivered
O004633,2026-01-13,C0031,P0166,E029,1,0.0,Credit Card,Delivered
O005916,2026-01-13,C0742,P0092,E001,1,0.15,Debit Card,Delivered
O006902,2026-01-13,C0759,P0055,E001,2,0.05,Credit Card,Delivered
O007921,2026-01-13,C0456,P0128,E043,4,0.0,Credit Card,Delivered
O001633,2026-01-14,C0041,P0028,E035,1,0.0,Credit Card,Delivered
O003072,2026-01-14,C0285,P0084,E005,1,0.05,Debit Card,Delivered
O003845,2026-01-14,C0425,P0081,E033,1,0.0,UPI,Delivered
O004795,2026-01-14,C0931,P0061,E002,1,0.02,Credit Card,Delivered
O005806,2026-01-14,C0405,P0098,E034,2,0.0,Net Banking,Delivered
O007562,2026-01-14,C0690,P0176,E041,3,0.0,Net Banking,Delivered
O007718,2026-01-14,C0886,P0104,E019,4,0.05,Net Banking,Delivered
O008631,2026-01-14,C0174,P0093,E038,8,0.05,Credit Card,Delivered
O009784,2026-01-14,C0507,P0140,E039,2,0.0,Debit Card,Delivered
O001254,2026-01-15,C0457,P0198,E009,4,0.05,UPI,Delivered
O002144,2026-01-15,C0366,P0135,E007,1,0.02,UPI,Shipped
O003272,2026-01-15,C0693,P0111,E025,4,0.05,Net Banking,Delivered
O003468,2026-01-15,C0050,P0110,E032,3,0.02,UPI,Delivered
O003921,2026-01-15,C0748,P0184,E021,8,0.0,Credit Card,Delivered
O003954,2026-01-15,C0816,P0198,E040,4,0.0,Debit Card,Delivered
O004739,2026-01-15,C0490,P0044,E030,2,0.02,Cash on Delivery,Delivered
O004859,2026-01-15,C0384,P0059,E040,6,0.0,UPI,Delivered
O005154,2026-01-15,C0738,P0057,E010,1,0.15,Credit Card,Delivered
O006023,2026-01-15,C0022,P0004,E045,2,0.1,UPI,Delivered
O006299,2026-01-15,C0159,P0002,E030,3,0.1,UPI,Delivered
O007247,2026-01-15,C0273,P0140,E044,3,0.0,UPI,Delivered
O008237,2026-01-15,C0693,P0124,E002,1,0.2,Net Banking,Delivered
O008259,2026-01-15,C0639,P0066,E007,1,0.0,UPI,Delivered
O008616,2026-01-15,C0320,P0023,E032,1,0.05,UPI,Delivered
O008802,2026-01-15,C0860,P0121,E016,1,0.05,UPI,Returned
O008831,2026-01-15,C0124,P0001,E025,3,0.0,Cash on Delivery,Delivered
O008838,2026-01-15,C0656,P0044,E037,2,0.05,Credit Card,Delivered
O009206,2026-01-15,C0129,P0030,E041,4,0.05,UPI,Returned
O000788,2026-01-16,C0926,P0007,E050,5,0.1,Credit Card,Delivered
O004012,2026-01-16,C0974,P0056,E016,2,0.0,Net Banking,Delivered
O004073,2026-01-16,C0157,P0076,E026,4,0.1,Net Banking,Cancelled
O005410,2026-01-16,C0346,P0186,E028,6,0.0,Cash on Delivery,Delivered
O006527,2026-01-16,C0856,P0083,E019,4,0.05,Credit Card,Delivered
O007579,2026-01-16,C0195,P0113,E044,1,0.1,Net Banking,Delivered
O009508,2026-01-16,C0748,P0024,E022,4,0.02,Debit Card,Delivered
O001094,2026-01-17,C0165,P0071,E005,3,0.05,Credit Card,Delivered
O001570,2026-01-17,C0984,P0159,E012,3,0.0,Cash on Delivery,Delivered
O001778,2026-01-17,C0173,P0130,E005,3,0.05,Cash on Delivery,Delivered
O001967,2026-01-17,C0693,P0174,E026,6,0.0,UPI,Delivered
O002589,2026-01-17,C0864,P0168,E046,1,0.0,Net Banking,Shipped
O003669,2026-01-17,C0040,P0048,E008,3,0.2,Cash on Delivery,Delivered
O004891,2026-01-17,C0417,P0021,E004,3,0.0,Debit Card,Cancelled
O005200,2026-01-17,C0824,P0030,E023,4,0.05,Cash on Delivery,Delivered
O005247,2026-01-17,C0173,P0141,E024,2,0.05,Credit Card,Delivered
O005690,2026-01-17,C0828,P0168,E027,10,0.0,Credit Card,Delivered
O005799,2026-01-17,C0173,P0006,E041,8,0.05,UPI,Shipped
O005936,2026-01-17,C0497,P0194,E031,4,0.02,Credit Card,Delivered
O006311,2026-01-17,C0953,P0006,E040,1,0.0,Cash on Delivery,Delivered
O006764,2026-01-17,C0438,P0191,E035,3,0.05,Credit Card,Delivered
O007792,2026-01-17,C0428,P0191,E022,3,0.02,UPI,Delivered
O008336,2026-01-17,C0900,P0019,E011,5,0.0,UPI,Shipped
O009034,2026-01-17,C0235,P0019,E018,1,0.0,Cash on Delivery,Delivered
O009241,2026-01-17,C0837,P0104,E030,2,0.0,Credit Card,Delivered
O000435,2026-01-18,C0284,P0160,E044,6,0.05,Debit Card,Delivered
O001267,2026-01-18,C0855,P0098,E039,1,0.0,UPI,Returned
O001578,2026-01-18,C0279,P0049,E017,3,0.0,Debit Card,Delivered
O002747,2026-01-18,C0057,P0040,E019,3,0.2,Net Banking,Shipped
O003614,2026-01-18,C0528,P0192,E026,5,0.0,UPI,Delivered
O005254,2026-01-18,C0425,P0127,E040,3,0.05,UPI,Delivered
O005305,2026-01-18,C0722,P0051,E039,1,0.05,Net Banking,Delivered
O005440,2026-01-18,C0384,P0100,E045,8,0.0,Credit Card,Delivered
O006461,2026-01-18,C0830,P0050,E026,5,0.0,UPI,Delivered
O007962,2026-01-18,C0675,P0120,E007,4,0.0,UPI,Delivered
O008158,2026-01-18,C0830,P0128,E026,2,0.02,Debit Card,Shipped
O002077,2026-01-19,C0633,P0022,E003,10,0.02,Credit Card,Delivered
O002466,2026-01-19,C0859,P0106,E013,2,0.0,UPI,Delivered
O004011,2026-01-19,C0298,P0082,E036,3,0.0,UPI,Delivered
O004161,2026-01-19,C0759,P0058,E036,4,0.1,UPI,Delivered
O000137,2026-01-20,C0947,P0062,E014,1,0.0,UPI,Delivered
O000892,2026-01-20,C0462,P0181,E022,4,0.1,UPI,Delivered
O001768,2026-01-20,C0855,P0081,E007,1,0.0,Cash on Delivery,Delivered
O002013,2026-01-20,C0608,P0024,E006,2,0.02,Debit Card,Delivered
O002690,2026-01-20,C0646,P0003,E023,2,0.0,Debit Card,Delivered
O003803,2026-01-20,C0689,P0164,E021,3,0.05,Debit Card,Delivered
O004167,2026-01-20,C0446,P0139,E038,6,0.1,UPI,Delivered
O005012,2026-01-20,C0199,P0060,E002,8,0.02,Credit Card,Delivered
O005100,2026-01-20,C0118,P0054,E008,1,0.1,Credit Card,Delivered
O006731,2026-01-20,C0217,P0159,E032,1,0.0,UPI,Delivered
O008421,2026-01-20,C0395,P0068,E040,2,0.0,UPI,Delivered
O009266,2026-01-20,C0427,P0070,E028,3,0.0,Net Banking,Delivered
O009644,2026-01-20,C0870,P0051,E026,5,0.0,Cash on Delivery,Delivered
O009840,2026-01-20,C0679,P0064,E050,3,0.05,Credit Card,Cancelled
O002290,2026-01-21,C0049,P0040,E033,8,0.05,Net Banking,Delivered
O002450,2026-01-21,C0715,P0173,E016,2,0.05,Debit Card,Delivered
O002509,2026-01-21,C0861,P0096,E024,2,0.02,Net Banking,Delivered
O002874,2026-01-21,C0997,P0160,E012,3,0.0,Credit Card,Delivered
O002887,2026-01-21,C0860,P0155,E021,4,0.05,Cash on Delivery,Shipped
O003749,2026-01-21,C0835,P0129,E045,1,0.0,UPI,Delivered
O004105,2026-01-21,C0612,P0130,E036,2,0.05,Cash on Delivery,Delivered
O005998,2026-01-21,C0872,P0043,E033,1,0.1,UPI,Delivered
O008096,2026-01-21,C0883,P0042,E006,2,0.0,Debit Card,Delivered
O009641,2026-01-21,C0941,P0119,E035,1,0.05,Debit Card,Delivered
O000108,2026-01-22,C0881,P0176,E038,2,0.0,Debit Card,Delivered
O000134,2026-01-22,C0872,P0163,E022,6,0.15,Cash on Delivery,Delivered
O000383,2026-01-22,C0731,P0014,E024,8,0.05,UPI,Delivered
O002628,2026-01-22,C0339,P0163,E006,1,0.1,Credit Card,Delivered
O004449,2026-01-22,C0364,P0152,E037,3,0.1,Net Banking,Delivered
O004535,2026-01-22,C0811,P0063,E028,2,0.0,Debit Card,Delivered
O005834,2026-01-22,C0288,P0086,E021,1,0.0,UPI,Delivered
O005856,2026-01-22,C0205,P0193,E009,2,0.0,UPI,Delivered
O006765,2026-01-22,C0848,P0030,E025,10,0.05,Debit Card,Returned
O000185,2026-01-23,C0747,P0190,E001,2,0.0,Cash on Delivery,Delivered
O000240,2026-01-23,C0232,P0045,E015,6,0.0,Net Banking,Shipped
O001241,2026-01-23,C0696,P0097,E017,1,0.2,UPI,Delivered
O001814,2026-01-23,C0173,P0032,E040,1,0.0,Debit Card,Delivered
O003645,2026-01-23,C0782,P0111,E031,2,0.05,Cash on Delivery,Delivered
O005176,2026-01-23,C0446,P0094,E043,1,0.02,UPI,Delivered
O005278,2026-01-23,C0648,P0107,E009,1,0.02,Debit Card,Delivered
O005406,2026-01-23,C0726,P0087,E014,3,0.05,Cash on Delivery,Delivered
O007728,2026-01-23,C0278,P0039,E050,8,0.0,Credit Card,Delivered
O008163,2026-01-23,C0979,P0045,E029,5,0.0,Cash on Delivery,Delivered
O009998,2026-01-23,C0558,P0200,E001,3,0.2,UPI,Delivered
O000472,2026-01-24,C0064,P0105,E023,2,0.2,Debit Card,Delivered
O003633,2026-01-24,C0939,P0092,E015,1,0.0,Net Banking,Delivered
O004566,2026-01-24,C0757,P0082,E040,1,0.0,Debit Card,Delivered
O007765,2026-01-24,C0591,P0092,E001,8,0.05,Cash on Delivery,Delivered
O008448,2026-01-24,C0849,P0098,E035,1,0.15,UPI,Delivered
O000213,2026-01-25,C0561,P0035,E029,2,0.0,Cash on Delivery,Delivered
O000836,2026-01-25,C0409,P0084,E021,4,0.15,UPI,Delivered
O001187,2026-01-25,C0688,P0118,E006,4,0.05,Debit Card,Delivered
O002555,2026-01-25,C0206,P0174,E008,4,0.0,Net Banking,Delivered
O002911,2026-01-25,C0931,P0077,E030,1,0.05,UPI,Delivered
O004309,2026-01-25,C0675,P0107,E002,1,0.1,Credit Card,Delivered
O004367,2026-01-25,C0439,P0191,E016,1,0.0,Credit Card,Delivered
O004680,2026-01-25,C0995,P0190,E036,4,0.05,Net Banking,Cancelled
O004958,2026-01-25,C0249,P0074,E004,2,0.05,Net Banking,Delivered
O006065,2026-01-25,C0286,P0181,E025,4,0.02,UPI,Delivered
O007206,2026-01-25,C0313,P0077,E039,2,0.0,Net Banking,Delivered
O007604,2026-01-25,C0235,P0133,E027,8,0.02,Credit Card,Delivered
O009838,2026-01-25,C0332,P0002,E009,2,0.0,Net Banking,Delivered
O002068,2026-01-26,C0953,P0164,E038,3,0.05,UPI,Cancelled
O002275,2026-01-26,C0666,P0057,E036,2,0.1,Debit Card,Delivered
O005244,2026-01-26,C0657,P0152,E044,2,0.0,UPI,Delivered
O005411,2026-01-26,C0261,P0133,E041,6,0.0,Cash on Delivery,Delivered
O005446,2026-01-26,C0262,P0183,E007,1,0.02,Net Banking,Delivered
O005742,2026-01-26,C0580,P0178,E015,3,0.05,UPI,Delivered
O006885,2026-01-26,C0232,P0020,E006,2,0.0,Credit Card,Delivered
O009490,2026-01-26,C0030,P0053,E046,4,0.05,Debit Card,Delivered
O001409,2026-01-27,C0803,P0008,E021,2,0.05,Net Banking,Delivered
O001488,2026-01-27,C0561,P0111,E048,4,0.0,Debit Card,Shipped
O001675,2026-01-27,C0104,P0178,E019,1,0.02,UPI,Delivered
O002579,2026-01-27,C0899,P0045,E026,2,0.0,Credit Card,Delivered
O003887,2026-01-27,C0539,P0160,E002,10,0.05,Credit Card,Returned
O005805,2026-01-27,C0802,P0024,E022,1,0.02,UPI,Delivered
O005881,2026-01-27,C0901,P0151,E042,5,0.02,UPI,Delivered
O006975,2026-01-27,C0856,P0101,E036,4,0.05,Net Banking,Delivered
O007790,2026-01-27,C0549,P0063,E021,5,0.0,UPI,Delivered
O007893,2026-01-27,C0325,P0002,E037,2,0.0,Net Banking,Delivered
O008742,2026-01-27,C0664,P0031,E033,5,0.0,UPI,Delivered
O009043,2026-01-27,C0497,P0158,E046,6,0.15,UPI,Delivered
O009297,2026-01-27,C0620,P0147,E041,3,0.0,UPI,Delivered
O009903,2026-01-27,C0957,P0049,E043,2,0.0,Cash on Delivery,Delivered
O000602,2026-01-28,C0547,P0056,E004,5,0.05,UPI,Delivered
O000894,2026-01-28,C0250,P0110,E006,1,0.1,UPI,Delivered
O003904,2026-01-28,C0332,P0110,E032,1,0.0,Cash on Delivery,Delivered
O003958,2026-01-28,C0956,P0198,E040,1,0.0,Cash on Delivery,Delivered
O004805,2026-01-28,C0967,P0032,E014,2,0.0,UPI,Delivered
O005021,2026-01-28,C0047,P0064,E042,2,0.0,Debit Card,Delivered
O007133,2026-01-28,C0523,P0096,E033,1,0.0,Cash on Delivery,Delivered
O007752,2026-01-28,C0069,P0079,E037,2,0.0,Cash on Delivery,Delivered
O008183,2026-01-28,C0589,P0079,E023,1,0.0,Debit Card,Shipped
O009418,2026-01-28,C0226,P0173,E042,2,0.0,Credit Card,Delivered
O001831,2026-01-29,C0110,P0114,E033,2,0.0,Cash on Delivery,Delivered
O009100,2026-01-29,C0926,P0151,E011,1,0.05,Net Banking,Delivered
O009988,2026-01-29,C0758,P0197,E012,5,0.02,Cash on Delivery,Delivered
O001634,2026-01-30,C0154,P0058,E043,4,0.05,Credit Card,Shipped
O001762,2026-01-30,C0670,P0119,E015,2,0.02,Credit Card,Cancelled
O002375,2026-01-30,C0459,P0133,E024,2,0.15,Net Banking,Delivered
O002530,2026-01-30,C0284,P0011,E036,1,0.02,UPI,Delivered
O004455,2026-01-30,C0187,P0173,E035,2,0.02,Net Banking,Delivered
O004753,2026-01-30,C0438,P0050,E009,6,0.02,UPI,Delivered
O007639,2026-01-30,C0517,P0048,E044,1,0.05,Debit Card,Delivered
O007807,2026-01-30,C0578,P0081,E002,3,0.05,Debit Card,Delivered
O008508,2026-01-30,C0899,P0175,E031,2,0.0,UPI,Delivered
O002345,2026-01-31,C0075,P0127,E033,1,0.0,UPI,Delivered
O002503,2026-01-31,C0071,P0168,E023,4,0.05,UPI,Delivered
O003216,2026-01-31,C0634,P0092,E015,3,0.1,Debit Card,Cancelled
O003929,2026-01-31,C0899,P0145,E018,2,0.1,UPI,Delivered
O004569,2026-01-31,C0214,P0106,E045,1,0.05,Cash on Delivery,Delivered
O005006,2026-01-31,C0960,P0128,E028,1,0.0,UPI,Delivered
O005259,2026-01-31,C0960,P0039,E030,1,0.2,Cash on Delivery,Delivered
O007328,2026-01-31,C0463,P0123,E028,2,0.02,Credit Card,Delivered
O008942,2026-01-31,C0061,P0095,E007,2,0.0,Debit Card,Shipped
O009484,2026-01-31,C0332,P0175,E035,4,0.0,Debit Card,Delivered
O000418,2026-02-01,C0369,P0200,E045,8,0.1,Cash on Delivery,Delivered
O001217,2026-02-01,C0524,P0092,E050,3,0.1,Net Banking,Delivered
O001542,2026-02-01,C0877,P0028,E049,2,0.0,Credit Card,Delivered
O002116,2026-02-01,C0641,P0047,E023,1,0.02,Net Banking,Delivered
O002117,2026-02-01,C0195,P0012,E007,1,0.0,Net Banking,Delivered
O002462,2026-02-01,C0378,P0018,E003,1,0.0,Net Banking,Cancelled
O002610,2026-02-01,C0128,P0121,E038,2,0.0,Debit Card,Cancelled
O003111,2026-02-01,C0513,P0051,E036,2,0.0,UPI,Delivered
O003532,2026-02-01,C0332,P0040,E047,6,0.05,Credit Card,Delivered
O006935,2026-02-01,C0656,P0195,E024,1,0.05,UPI,Delivered
O007576,2026-02-01,C0339,P0071,E012,2,0.0,Credit Card,Delivered
O008409,2026-02-01,C0717,P0088,E034,1,0.0,Cash on Delivery,Delivered
O008700,2026-02-01,C0761,P0004,E022,8,0.05,Cash on Delivery,Delivered
O008797,2026-02-01,C0859,P0079,E047,10,0.05,Credit Card,Delivered
O002239,2026-02-02,C0588,P0199,E032,3,0.0,Credit Card,Delivered
O005245,2026-02-02,C0438,P0019,E021,1,0.05,Net Banking,Delivered
O005994,2026-02-02,C0046,P0116,E029,2,0.05,Cash on Delivery,Delivered
O006170,2026-02-02,C0444,P0050,E011,2,0.02,Net Banking,Returned
O007470,2026-02-02,C0322,P0085,E016,3,0.1,Credit Card,Delivered
O008472,2026-02-02,C0964,P0127,E026,2,0.02,Credit Card,Delivered
O008947,2026-02-02,C0548,P0106,E033,8,0.02,UPI,Delivered
O009065,2026-02-02,C0689,P0033,E026,2,0.0,UPI,Delivered
O009426,2026-02-02,C0750,P0166,E003,1,0.0,Net Banking,Delivered
O000450,2026-02-03,C0405,P0178,E009,3,0.05,Credit Card,Cancelled
O002361,2026-02-03,C0813,P0185,E013,2,0.0,UPI,Delivered
O002432,2026-02-03,C0174,P0002,E029,10,0.02,UPI,Delivered
O003121,2026-02-03,C0852,P0047,E002,2,0.05,UPI,Delivered
O003488,2026-02-03,C0985,P0021,E021,8,0.02,Credit Card,Delivered
O005260,2026-02-03,C0958,P0043,E048,2,0.0,UPI,Shipped
O006518,2026-02-03,C0514,P0018,E033,5,0.05,Credit Card,Delivered
O006575,2026-02-03,C0969,P0025,E006,1,0.02,Credit Card,Delivered
O007436,2026-02-03,C0361,P0047,E004,1,0.02,Credit Card,Delivered
O007495,2026-02-03,C0831,P0046,E036,2,0.0,Credit Card,Delivered
O009269,2026-02-03,C0542,P0087,E030,5,0.0,UPI,Shipped
O000666,2026-02-04,C0876,P0137,E034,1,0.15,UPI,Delivered
O002131,2026-02-04,C0472,P0135,E038,1,0.05,Net Banking,Returned
O002314,2026-02-04,C0969,P0110,E050,1,0.02,UPI,Delivered
O002915,2026-02-04,C0853,P0098,E036,2,0.1,UPI,Delivered
O003800,2026-02-04,C0147,P0007,E040,3,0.0,Credit Card,Delivered
O004740,2026-02-04,C0788,P0069,E003,1,0.1,UPI,Delivered
O006051,2026-02-04,C0285,P0015,E042,5,0.0,Net Banking,Cancelled
O009289,2026-02-04,C0603,P0175,E008,4,0.15,UPI,Delivered
O001188,2026-02-05,C0250,P0175,E048,8,0.15,Credit Card,Delivered
O005373,2026-02-05,C0620,P0139,E013,1,0.02,UPI,Delivered
O007722,2026-02-05,C0443,P0175,E012,10,0.0,Credit Card,Delivered
O007983,2026-02-05,C0725,P0027,E037,1,0.02,Credit Card,Delivered
O008041,2026-02-05,C0856,P0035,E018,3,0.05,Debit Card,Returned
O008407,2026-02-05,C0390,P0177,E007,2,0.15,Credit Card,Delivered
O008426,2026-02-05,C0869,P0017,E032,2,0.2,UPI,Delivered
O001100,2026-02-06,C0561,P0010,E022,5,0.0,Net Banking,Delivered
O003244,2026-02-06,C0879,P0101,E018,1,0.0,UPI,Delivered
O004146,2026-02-06,C0759,P0157,E046,5,0.05,Net Banking,Delivered
O004211,2026-02-06,C0316,P0156,E021,1,0.1,Cash on Delivery,Delivered
O004232,2026-02-06,C0130,P0142,E023,1,0.0,Credit Card,Delivered
O004237,2026-02-06,C0941,P0138,E021,1,0.1,Debit Card,Delivered
O005825,2026-02-06,C0693,P0100,E022,2,0.02,Net Banking,Delivered
O006116,2026-02-06,C0704,P0051,E033,2,0.1,Net Banking,Delivered
O008206,2026-02-06,C0005,P0123,E005,1,0.0,UPI,Delivered
O008276,2026-02-06,C0007,P0180,E050,1,0.02,Credit Card,Delivered
O008525,2026-02-06,C0873,P0129,E039,2,0.0,Credit Card,Shipped
O009385,2026-02-06,C0397,P0020,E005,2,0.15,UPI,Delivered
O009666,2026-02-06,C0090,P0042,E019,2,0.05,UPI,Shipped
O000841,2026-02-07,C0497,P0020,E034,2,0.0,Debit Card,Delivered
O002453,2026-02-07,C0586,P0184,E012,2,0.05,UPI,Returned
O002730,2026-02-07,C0609,P0126,E041,4,0.05,Credit Card,Delivered
O004253,2026-02-07,C0818,P0184,E002,1,0.0,Debit Card,Delivered
O004316,2026-02-07,C0902,P0013,E043,1,0.0,Net Banking,Delivered
O006313,2026-02-07,C0211,P0191,E008,4,0.0,Credit Card,Delivered
O007860,2026-02-07,C0547,P0036,E048,2,0.0,Debit Card,Delivered
O008509,2026-02-07,C0813,P0008,E027,2,0.05,Net Banking,Delivered
O009523,2026-02-07,C0489,P0002,E040,6,0.05,Credit Card,Delivered
O000188,2026-02-08,C0762,P0144,E001,1,0.0,Debit Card,Delivered
O000296,2026-02-08,C0533,P0194,E032,1,0.0,UPI,Delivered
O003247,2026-02-08,C0147,P0030,E025,2,0.0,Credit Card,Delivered
O003459,2026-02-08,C0639,P0034,E012,1,0.1,Debit Card,Delivered
O003786,2026-02-08,C0408,P0139,E023,3,0.02,Credit Card,Delivered
O004137,2026-02-08,C0046,P0025,E036,3,0.2,Net Banking,Shipped
O004273,2026-02-08,C0335,P0058,E012,5,0.02,Credit Card,Shipped
O004283,2026-02-08,C0004,P0082,E041,1,0.0,UPI,Delivered
O005657,2026-02-08,C0346,P0164,E023,1,0.1,Cash on Delivery,Delivered
O006340,2026-02-08,C0974,P0193,E042,3,0.0,Debit Card,Delivered
O006539,2026-02-08,C0586,P0143,E041,6,0.05,Debit Card,Delivered
O007358,2026-02-08,C0462,P0168,E050,2,0.02,Net Banking,Delivered
O008901,2026-02-08,C0840,P0160,E019,3,0.0,Debit Card,Delivered
O009596,2026-02-08,C0073,P0041,E025,4,0.0,Debit Card,Delivered
O009884,2026-02-08,C0953,P0086,E049,4,0.0,UPI,Returned
O000156,2026-02-09,C0174,P0197,E006,1,0.0,UPI,Delivered
O000599,2026-02-09,C0348,P0084,E011,3,0.0,Debit Card,Cancelled
O000901,2026-02-09,C0864,P0105,E029,1,0.15,Net Banking,Delivered
O002112,2026-02-09,C0211,P0009,E011,2,0.0,Debit Card,Delivered
O002949,2026-02-09,C0254,P0035,E018,5,0.1,Debit Card,Cancelled
O007036,2026-02-09,C0174,P0144,E017,4,0.02,UPI,Cancelled
O007347,2026-02-09,C0489,P0049,E004,3,0.05,Credit Card,Delivered
O008889,2026-02-09,C0364,P0056,E050,1,0.05,Net Banking,Delivered
O009068,2026-02-09,C0073,P0118,E041,3,0.0,Cash on Delivery,Delivered
O009606,2026-02-09,C0497,P0184,E001,1,0.0,UPI,Returned
O009727,2026-02-09,C0581,P0132,E037,1,0.0,Credit Card,Returned
O000766,2026-02-10,C0733,P0020,E014,1,0.05,Credit Card,Shipped
O001584,2026-02-10,C0450,P0022,E006,3,0.15,Net Banking,Delivered
O001688,2026-02-10,C0952,P0102,E025,2,0.0,Credit Card,Delivered
O004472,2026-02-10,C0634,P0038,E043,3,0.1,Net Banking,Delivered
O006454,2026-02-10,C0588,P0166,E032,3,0.02,Credit Card,Delivered
O007076,2026-02-10,C0527,P0137,E042,8,0.0,Debit Card,Delivered
O009391,2026-02-10,C0884,P0057,E009,8,0.0,UPI,Returned
O009450,2026-02-10,C0267,P0069,E042,3,0.05,UPI,Delivered
O009788,2026-02-10,C0568,P0138,E035,5,0.05,Debit Card,Delivered
O000154,2026-02-11,C0189,P0073,E005,4,0.0,Credit Card,Delivered
O000300,2026-02-11,C0966,P0198,E026,1,0.1,Cash on Delivery,Delivered
O000847,2026-02-11,C0351,P0184,E013,2,0.0,Credit Card,Delivered
O003184,2026-02-11,C0206,P0004,E005,2,0.15,Cash on Delivery,Returned
O005880,2026-02-11,C0168,P0153,E011,6,0.0,Debit Card,Shipped
O007857,2026-02-11,C0060,P0028,E033,2,0.0,Net Banking,Delivered
O008194,2026-02-11,C0779,P0080,E011,2,0.0,Credit Card,Delivered
O000012,2026-02-12,C0593,P0103,E015,1,0.05,Net Banking,Shipped
O000767,2026-02-12,C0655,P0022,E020,1,0.0,UPI,Delivered
O001462,2026-02-12,C0211,P0112,E041,10,0.05,UPI,Delivered
O001838,2026-02-12,C0243,P0025,E049,2,0.0,Net Banking,Shipped
O002254,2026-02-12,C0898,P0088,E033,10,0.05,Net Banking,Delivered
O002788,2026-02-12,C0383,P0051,E043,1,0.02,Credit Card,Delivered
O003602,2026-02-12,C0115,P0116,E042,2,0.15,UPI,Returned
O004839,2026-02-12,C0957,P0151,E020,2,0.02,Credit Card,Delivered
O005551,2026-02-12,C0339,P0183,E047,1,0.15,Debit Card,Delivered
O006476,2026-02-12,C0415,P0091,E012,2,0.1,UPI,Delivered
O006493,2026-02-12,C0313,P0111,E002,1,0.02,UPI,Delivered
O007612,2026-02-12,C0105,P0192,E033,2,0.2,Debit Card,Delivered
O007942,2026-02-12,C0550,P0142,E035,2,0.0,Debit Card,Delivered
O008345,2026-02-12,C0423,P0088,E040,2,0.0,Credit Card,Delivered
O000387,2026-02-13,C0346,P0039,E034,2,0.1,Cash on Delivery,Delivered
O001059,2026-02-13,C0314,P0126,E037,3,0.1,UPI,Delivered
O003486,2026-02-13,C0625,P0197,E035,1,0.0,UPI,Delivered
O005354,2026-02-13,C0578,P0005,E018,2,0.0,Cash on Delivery,Delivered
O007429,2026-02-13,C0729,P0170,E005,8,0.05,Net Banking,Delivered
O008044,2026-02-13,C0724,P0127,E027,5,0.05,Credit Card,Delivered
O008774,2026-02-13,C0843,P0048,E047,1,0.0,Cash on Delivery,Delivered
O000147,2026-02-14,C0021,P0107,E047,3,0.0,UPI,Delivered
O002251,2026-02-14,C0664,P0007,E002,8,0.0,Credit Card,Delivered
O002331,2026-02-14,C0266,P0027,E044,1,0.0,Debit Card,Cancelled
O003048,2026-02-14,C0267,P0115,E048,6,0.05,Cash on Delivery,Delivered
O003376,2026-02-14,C0453,P0037,E004,3,0.05,Credit Card,Delivered
O006291,2026-02-14,C0589,P0083,E044,3,0.0,UPI,Delivered
O000336,2026-02-15,C0258,P0081,E013,3,0.1,Debit Card,Returned
O000379,2026-02-15,C0086,P0084,E017,5,0.1,Credit Card,Delivered
O002777,2026-02-15,C0350,P0027,E022,3,0.05,Cash on Delivery,Delivered
O003028,2026-02-15,C0366,P0109,E004,2,0.1,UPI,Delivered
O003770,2026-02-15,C0366,P0125,E050,2,0.15,Debit Card,Returned
O005922,2026-02-15,C0969,P0081,E028,3,0.05,Cash on Delivery,Delivered
O006491,2026-02-15,C0953,P0116,E049,2,0.0,Credit Card,Cancelled
O009022,2026-02-15,C0995,P0144,E035,2,0.05,Debit Card,Delivered
O009163,2026-02-15,C0028,P0032,E040,1,0.0,Net Banking,Delivered
O009828,2026-02-15,C0930,P0085,E034,3,0.15,Net Banking,Delivered
O000109,2026-02-16,C0195,P0034,E023,2,0.05,UPI,Delivered
O001509,2026-02-16,C0619,P0032,E039,2,0.1,Net Banking,Delivered
O001668,2026-02-16,C0741,P0171,E035,5,0.0,Credit Card,Delivered
O004568,2026-02-16,C0209,P0122,E049,1,0.05,UPI,Delivered
O007333,2026-02-16,C0322,P0119,E021,4,0.15,UPI,Delivered
O007468,2026-02-16,C0965,P0160,E037,1,0.1,UPI,Cancelled
O000775,2026-02-17,C0699,P0099,E002,2,0.05,Net Banking,Delivered
O000815,2026-02-17,C0376,P0145,E042,1,0.0,UPI,Shipped
O001627,2026-02-17,C0101,P0072,E032,2,0.05,UPI,Delivered
O004921,2026-02-17,C0306,P0169,E005,6,0.02,Net Banking,Delivered
O005112,2026-02-17,C0250,P0044,E042,10,0.05,Debit Card,Delivered
O005680,2026-02-17,C0826,P0125,E023,3,0.15,Cash on Delivery,Delivered
O006157,2026-02-17,C0901,P0032,E045,5,0.0,Credit Card,Delivered
O006349,2026-02-17,C0812,P0168,E043,4,0.0,Net Banking,Delivered
O006752,2026-02-17,C0841,P0181,E024,1,0.2,Cash on Delivery,Delivered
O006810,2026-02-17,C0721,P0199,E038,1,0.0,Debit Card,Delivered
O008092,2026-02-17,C0951,P0099,E045,2,0.05,Credit Card,Delivered
O008584,2026-02-17,C0179,P0134,E012,2,0.05,Credit Card,Delivered
O009365,2026-02-17,C0255,P0159,E023,2,0.02,Net Banking,Shipped
O000034,2026-02-18,C0717,P0154,E041,1,0.0,UPI,Delivered
O002824,2026-02-18,C0901,P0136,E030,1,0.1,Cash on Delivery,Delivered
O003013,2026-02-18,C0760,P0063,E021,8,0.02,Cash on Delivery,Delivered
O004598,2026-02-18,C0788,P0064,E029,2,0.2,Credit Card,Delivered
O005266,2026-02-18,C0999,P0139,E012,4,0.1,Credit Card,Delivered
O006268,2026-02-18,C0218,P0175,E035,2,0.0,UPI,Delivered
O006356,2026-02-18,C0623,P0136,E046,2,0.0,Debit Card,Delivered
O008636,2026-02-18,C0078,P0092,E011,3,0.05,Credit Card,Shipped
O000266,2026-02-19,C0224,P0081,E010,1,0.15,Cash on Delivery,Delivered
O000393,2026-02-19,C0273,P0152,E016,1,0.1,Credit Card,Delivered
O004826,2026-02-19,C0663,P0181,E047,2,0.0,UPI,Delivered
O004974,2026-02-19,C0655,P0019,E042,1,0.0,UPI,Shipped
O005132,2026-02-19,C0746,P0154,E045,6,0.0,Net Banking,Delivered
O005437,2026-02-19,C0632,P0055,E008,1,0.0,Credit Card,Delivered
O006246,2026-02-19,C0952,P0160,E025,4,0.15,UPI,Delivered
O008207,2026-02-19,C0332,P0097,E002,4,0.1,Debit Card,Delivered
O008747,2026-02-19,C0706,P0102,E039,4,0.1,Debit Card,Delivered
O009674,2026-02-19,C0029,P0031,E047,2,0.1,Net Banking,Delivered
O002505,2026-02-20,C0929,P0018,E033,5,0.0,Net Banking,Delivered
O002886,2026-02-20,C0425,P0139,E024,1,0.02,Credit Card,Delivered
O004116,2026-02-20,C0201,P0083,E014,2,0.02,Debit Card,Delivered
O005559,2026-02-20,C0028,P0075,E024,8,0.05,Credit Card,Returned
O005808,2026-02-20,C0767,P0035,E031,4,0.1,UPI,Delivered
O006077,2026-02-20,C0339,P0154,E004,1,0.0,Net Banking,Delivered
O006285,2026-02-20,C0029,P0047,E003,1,0.0,Debit Card,Returned
O006800,2026-02-20,C0549,P0148,E021,3,0.05,UPI,Delivered
O006972,2026-02-20,C0847,P0191,E030,1,0.0,Credit Card,Delivered
O007509,2026-02-20,C0325,P0073,E034,1,0.15,Net Banking,Delivered
O007581,2026-02-20,C0232,P0050,E008,1,0.02,Debit Card,Delivered
O008054,2026-02-20,C0663,P0036,E044,4,0.05,Debit Card,Delivered
O009000,2026-02-20,C0640,P0056,E008,3,0.05,Cash on Delivery,Delivered
O000429,2026-02-21,C0807,P0040,E021,6,0.1,UPI,Delivered
O003696,2026-02-21,C0829,P0088,E025,2,0.1,UPI,Delivered
O007235,2026-02-21,C0779,P0082,E045,5,0.1,Credit Card,Cancelled
O008476,2026-02-21,C0775,P0012,E014,3,0.05,UPI,Delivered
O001853,2026-02-22,C0790,P0146,E034,3,0.0,UPI,Delivered
O002023,2026-02-22,C0573,P0068,E040,3,0.0,Credit Card,Delivered
O003736,2026-02-22,C0425,P0048,E036,4,0.15,Cash on Delivery,Delivered
O005263,2026-02-22,C0905,P0187,E043,6,0.0,Credit Card,Delivered
O005495,2026-02-22,C0929,P0110,E026,2,0.15,Debit Card,Delivered
O008859,2026-02-22,C0960,P0022,E040,2,0.2,Net Banking,Delivered
O009664,2026-02-22,C0693,P0128,E023,2,0.0,Debit Card,Delivered
O009722,2026-02-22,C0268,P0059,E047,1,0.1,Credit Card,Delivered
O000207,2026-02-23,C0232,P0172,E015,3,0.05,Cash on Delivery,Delivered
O001834,2026-02-23,C0873,P0198,E016,2,0.05,Net Banking,Delivered
O002115,2026-02-23,C0288,P0104,E030,2,0.0,Net Banking,Delivered
O004990,2026-02-23,C0088,P0093,E046,2,0.15,Net Banking,Delivered
O008274,2026-02-23,C0378,P0043,E041,8,0.15,UPI,Delivered
O008645,2026-02-23,C0773,P0006,E005,3,0.2,UPI,Delivered
O009436,2026-02-23,C0952,P0013,E036,2,0.0,Cash on Delivery,Delivered
O009509,2026-02-23,C0670,P0178,E024,2,0.0,Net Banking,Delivered
O000102,2026-02-24,C0160,P0166,E027,1,0.1,Net Banking,Delivered
O000802,2026-02-24,C0258,P0140,E022,1,0.0,Cash on Delivery,Delivered
O002093,2026-02-24,C0195,P0116,E046,2,0.05,Credit Card,Delivered
O003162,2026-02-24,C0536,P0158,E021,1,0.02,Debit Card,Returned
O004495,2026-02-24,C0812,P0079,E008,3,0.1,Net Banking,Delivered
O004727,2026-02-24,C0082,P0144,E006,5,0.0,UPI,Delivered
O004808,2026-02-24,C0099,P0039,E011,3,0.15,Net Banking,Delivered
O004911,2026-02-24,C0759,P0189,E004,1,0.0,Cash on Delivery,Delivered
O005015,2026-02-24,C0358,P0135,E035,1,0.1,UPI,Returned
O006996,2026-02-24,C0128,P0087,E015,4,0.0,UPI,Delivered
O007883,2026-02-24,C0612,P0195,E017,3,0.02,Cash on Delivery,Delivered
O009584,2026-02-24,C0913,P0139,E011,10,0.1,Net Banking,Delivered
O002003,2026-02-25,C0158,P0164,E030,1,0.0,UPI,Delivered
O002933,2026-02-25,C0816,P0048,E007,5,0.2,Cash on Delivery,Cancelled
O003672,2026-02-25,C0229,P0142,E032,3,0.0,UPI,Delivered
O005108,2026-02-25,C0892,P0113,E026,6,0.05,Cash on Delivery,Delivered
O005352,2026-02-25,C0283,P0078,E010,4,0.0,UPI,Delivered
O007160,2026-02-25,C0035,P0114,E039,5,0.05,Credit Card,Delivered
O007371,2026-02-25,C0919,P0062,E002,2,0.02,Debit Card,Delivered
O000257,2026-02-26,C0266,P0163,E020,3,0.05,Credit Card,Delivered
O000508,2026-02-26,C0960,P0124,E012,2,0.0,Credit Card,Delivered
O001019,2026-02-26,C0096,P0135,E044,1,0.0,Cash on Delivery,Delivered
O003035,2026-02-26,C0715,P0086,E033,1,0.0,Credit Card,Delivered
O003132,2026-02-26,C0852,P0067,E024,1,0.0,Cash on Delivery,Delivered
O004641,2026-02-26,C0096,P0009,E010,3,0.05,Credit Card,Delivered
O006163,2026-02-26,C0524,P0178,E028,3,0.02,Debit Card,Delivered
O006420,2026-02-26,C0218,P0200,E017,1,0.15,Net Banking,Delivered
O007628,2026-02-26,C0171,P0120,E021,2,0.0,UPI,Delivered
O007994,2026-02-26,C0456,P0143,E021,1,0.0,Cash on Delivery,Delivered
O009248,2026-02-26,C0930,P0103,E019,1,0.1,Net Banking,Shipped
O009796,2026-02-26,C0689,P0178,E019,1,0.02,Debit Card,Cancelled
O000180,2026-02-27,C0754,P0082,E009,5,0.0,Credit Card,Delivered
O002313,2026-02-27,C0308,P0160,E005,1,0.0,Credit Card,Delivered
O002649,2026-02-27,C0249,P0057,E039,1,0.05,Credit Card,Delivered
O005056,2026-02-27,C0261,P0085,E046,2,0.0,Credit Card,Delivered
O005537,2026-02-27,C0734,P0053,E034,1,0.0,Cash on Delivery,Delivered
O006294,2026-02-27,C0601,P0099,E015,2,0.0,UPI,Delivered
O006410,2026-02-27,C0104,P0051,E016,1,0.15,Debit Card,Delivered
O006986,2026-02-27,C0001,P0023,E019,3,0.0,UPI,Delivered
O009879,2026-02-27,C0471,P0079,E025,6,0.05,Credit Card,Delivered
O000571,2026-02-28,C0791,P0177,E041,1,0.0,Debit Card,Cancelled
O002199,2026-02-28,C0884,P0108,E050,1,0.02,UPI,Shipped
O002486,2026-02-28,C0466,P0110,E013,1,0.05,Credit Card,Delivered
O002501,2026-02-28,C0170,P0068,E038,3,0.05,Cash on Delivery,Delivered
O003833,2026-02-28,C0094,P0109,E004,3,0.1,Debit Card,Cancelled
O004210,2026-02-28,C0180,P0115,E014,1,0.05,Debit Card,Delivered
O004380,2026-02-28,C0796,P0099,E014,6,0.05,Debit Card,Returned
O008119,2026-02-28,C0856,P0086,E036,1,0.0,Cash on Delivery,Delivered
O008633,2026-02-28,C0589,P0129,E021,4,0.1,UPI,Delivered
O008822,2026-02-28,C0598,P0163,E012,1,0.0,Net Banking,Delivered
O008829,2026-02-28,C0154,P0187,E021,6,0.15,UPI,Delivered
O000350,2026-03-01,C0977,P0029,E001,2,0.2,Credit Card,Delivered
O000778,2026-03-01,C0192,P0042,E005,1,0.02,UPI,Delivered
O000832,2026-03-01,C0847,P0027,E021,3,0.05,Credit Card,Delivered
O000870,2026-03-01,C0452,P0046,E019,5,0.1,Net Banking,Delivered
O001186,2026-03-01,C0908,P0068,E002,3,0.0,Credit Card,Delivered
O002292,2026-03-01,C0104,P0014,E033,1,0.0,Credit Card,Delivered
O003560,2026-03-01,C0974,P0166,E007,1,0.02,Credit Card,Delivered
O005272,2026-03-01,C0664,P0142,E022,5,0.02,Net Banking,Delivered
O005745,2026-03-01,C0699,P0162,E019,5,0.1,UPI,Delivered
O005829,2026-03-01,C0317,P0164,E041,2,0.0,Net Banking,Delivered
O007798,2026-03-01,C0903,P0086,E032,2,0.05,UPI,Delivered
O008357,2026-03-01,C0837,P0140,E031,1,0.1,UPI,Delivered
O008992,2026-03-01,C0108,P0121,E047,2,0.15,Credit Card,Delivered
O000682,2026-03-02,C0385,P0193,E038,6,0.2,UPI,Delivered
O001732,2026-03-02,C0744,P0140,E032,1,0.1,Net Banking,Delivered
O002107,2026-03-02,C0425,P0186,E042,2,0.05,Debit Card,Delivered
O002464,2026-03-02,C0527,P0168,E050,1,0.05,Debit Card,Delivered
O002607,2026-03-02,C0957,P0068,E008,1,0.0,Credit Card,Delivered
O003821,2026-03-02,C0572,P0183,E012,6,0.2,Credit Card,Cancelled
O004004,2026-03-02,C0585,P0192,E034,2,0.1,Net Banking,Cancelled
O004254,2026-03-02,C0251,P0038,E049,2,0.05,Credit Card,Delivered
O006035,2026-03-02,C0899,P0112,E012,3,0.1,UPI,Shipped
O008410,2026-03-02,C0308,P0049,E040,2,0.2,Debit Card,Delivered
O009433,2026-03-02,C0093,P0046,E011,2,0.05,Debit Card,Delivered
O009814,2026-03-02,C0119,P0183,E010,2,0.1,UPI,Delivered
O000096,2026-03-03,C0688,P0055,E020,2,0.05,UPI,Cancelled
O001406,2026-03-03,C0880,P0180,E035,2,0.0,Debit Card,Delivered
O001736,2026-03-03,C0346,P0079,E012,3,0.02,Credit Card,Delivered
O001741,2026-03-03,C0663,P0193,E050,1,0.02,Debit Card,Delivered
O002663,2026-03-03,C0980,P0080,E012,2,0.05,UPI,Delivered
O003044,2026-03-03,C0664,P0185,E008,2,0.0,Debit Card,Delivered
O004318,2026-03-03,C0587,P0034,E013,4,0.05,Net Banking,Delivered
O004386,2026-03-03,C0392,P0074,E043,3,0.0,Credit Card,Returned
O004516,2026-03-03,C0834,P0042,E031,1,0.1,Cash on Delivery,Shipped
O005067,2026-03-03,C0210,P0068,E010,3,0.0,UPI,Delivered
O008256,2026-03-03,C0322,P0118,E018,2,0.1,Cash on Delivery,Shipped
O000013,2026-03-04,C0234,P0072,E002,4,0.05,UPI,Delivered
O004018,2026-03-04,C0820,P0101,E014,2,0.05,Credit Card,Delivered
O004661,2026-03-04,C0975,P0141,E021,5,0.15,Debit Card,Delivered
O007957,2026-03-04,C0924,P0156,E032,4,0.15,Debit Card,Cancelled
O008795,2026-03-04,C0957,P0168,E011,1,0.05,Net Banking,Delivered
O009809,2026-03-04,C0150,P0064,E044,2,0.1,Credit Card,Cancelled
O000078,2026-03-05,C0225,P0153,E045,10,0.1,Debit Card,Delivered
O000911,2026-03-05,C0498,P0074,E033,10,0.05,Net Banking,Delivered
O001811,2026-03-05,C0586,P0023,E018,5,0.0,Net Banking,Shipped
O003603,2026-03-05,C0446,P0071,E015,1,0.05,Credit Card,Delivered
O004037,2026-03-05,C0160,P0053,E044,3,0.15,UPI,Delivered
O005144,2026-03-05,C0784,P0016,E040,3,0.05,Debit Card,Delivered
O005619,2026-03-05,C0506,P0144,E035,4,0.05,Debit Card,Delivered
O008753,2026-03-05,C0630,P0052,E012,1,0.05,Debit Card,Delivered
O009392,2026-03-05,C0791,P0024,E044,2,0.02,Cash on Delivery,Delivered
O009420,2026-03-05,C0061,P0177,E032,8,0.0,UPI,Delivered
O000609,2026-03-06,C0159,P0125,E044,1,0.0,Debit Card,Delivered
O000711,2026-03-06,C0439,P0004,E043,3,0.0,UPI,Delivered
O000905,2026-03-06,C0855,P0083,E029,10,0.1,Credit Card,Delivered
O001049,2026-03-06,C0872,P0052,E016,1,0.02,Credit Card,Delivered
O002557,2026-03-06,C0016,P0176,E031,5,0.1,UPI,Delivered
O004689,2026-03-06,C0127,P0005,E024,6,0.0,UPI,Shipped
O004717,2026-03-06,C0007,P0078,E046,2,0.0,Net Banking,Delivered
O005228,2026-03-06,C0941,P0155,E035,2,0.02,Credit Card,Delivered
O006712,2026-03-06,C0526,P0041,E031,1,0.1,Debit Card,Cancelled
O006907,2026-03-06,C0675,P0166,E031,5,0.0,UPI,Delivered
O006914,2026-03-06,C0907,P0188,E033,2,0.05,Net Banking,Delivered
O007343,2026-03-06,C0222,P0143,E034,1,0.05,UPI,Delivered
O008845,2026-03-06,C0721,P0098,E047,5,0.0,Cash on Delivery,Delivered
O009577,2026-03-06,C0088,P0106,E005,3,0.0,UPI,Delivered
O000506,2026-03-07,C0441,P0044,E011,5,0.15,Credit Card,Delivered
O000969,2026-03-07,C0603,P0065,E020,8,0.0,Credit Card,Delivered
O001640,2026-03-07,C0651,P0067,E012,3,0.05,Credit Card,Delivered
O002247,2026-03-07,C0444,P0182,E045,1,0.0,UPI,Delivered
O003275,2026-03-07,C0468,P0093,E040,2,0.0,Credit Card,Delivered
O003540,2026-03-07,C0459,P0007,E002,1,0.0,Credit Card,Delivered
O006332,2026-03-07,C0497,P0081,E009,5,0.02,Credit Card,Delivered
O007084,2026-03-07,C0367,P0067,E021,3,0.02,Cash on Delivery,Delivered
O008568,2026-03-07,C0421,P0067,E011,8,0.02,UPI,Delivered
O008864,2026-03-07,C0831,P0054,E047,6,0.05,UPI,Delivered
O009267,2026-03-07,C0895,P0118,E047,1,0.1,UPI,Delivered
O009789,2026-03-07,C0899,P0024,E010,4,0.0,UPI,Delivered
O000720,2026-03-08,C0225,P0187,E013,2,0.02,Net Banking,Delivered
O000924,2026-03-08,C0332,P0026,E002,1,0.0,Debit Card,Delivered
O001392,2026-03-08,C0653,P0026,E010,4,0.0,UPI,Returned
O001503,2026-03-08,C0640,P0111,E046,2,0.15,UPI,Shipped
O001907,2026-03-08,C0271,P0065,E020,3,0.0,Debit Card,Delivered
O002849,2026-03-08,C0401,P0032,E008,1,0.0,Net Banking,Delivered
O004047,2026-03-08,C0722,P0071,E024,2,0.0,Credit Card,Delivered
O004150,2026-03-08,C0606,P0002,E022,4,0.02,UPI,Delivered
O004277,2026-03-08,C0281,P0157,E011,3,0.0,Credit Card,Delivered
O005389,2026-03-08,C0494,P0030,E012,1,0.0,UPI,Delivered
O006247,2026-03-08,C0438,P0112,E024,3,0.05,Debit Card,Delivered
O006532,2026-03-08,C0980,P0081,E013,2,0.15,Cash on Delivery,Delivered
O006983,2026-03-08,C0232,P0054,E040,3,0.0,Credit Card,Delivered
O007738,2026-03-08,C0007,P0101,E036,2,0.0,Net Banking,Delivered
O008886,2026-03-08,C0984,P0021,E045,1,0.15,Credit Card,Shipped
O008964,2026-03-08,C0519,P0101,E005,1,0.02,UPI,Delivered
O000003,2026-03-09,C0877,P0107,E016,4,0.2,Debit Card,Delivered
O000954,2026-03-09,C0992,P0179,E044,6,0.05,Credit Card,Delivered
O001880,2026-03-09,C0611,P0017,E001,1,0.05,Credit Card,Delivered
O002780,2026-03-09,C0012,P0173,E049,1,0.0,UPI,Delivered
O002797,2026-03-09,C0765,P0171,E012,2,0.0,UPI,Delivered
O003464,2026-03-09,C0646,P0172,E023,8,0.0,Credit Card,Delivered
O003876,2026-03-09,C0677,P0009,E044,1,0.2,Net Banking,Delivered
O009700,2026-03-09,C0764,P0126,E015,6,0.02,Net Banking,Delivered
O000083,2026-03-10,C0192,P0180,E004,2,0.15,Cash on Delivery,Delivered
O000088,2026-03-10,C0911,P0159,E028,8,0.05,Credit Card,Delivered
O001290,2026-03-10,C0633,P0055,E043,1,0.1,Credit Card,Delivered
O003316,2026-03-10,C0779,P0176,E034,6,0.15,Debit Card,Delivered
O004705,2026-03-10,C0480,P0178,E014,5,0.05,Cash on Delivery,Returned
O004853,2026-03-10,C0853,P0041,E025,1,0.0,Credit Card,Delivered
O007743,2026-03-10,C0639,P0002,E003,3,0.05,Debit Card,Delivered
O007953,2026-03-10,C0951,P0112,E050,2,0.2,Credit Card,Delivered
O009194,2026-03-10,C0644,P0034,E029,1,0.0,Credit Card,Delivered
O009309,2026-03-10,C0285,P0050,E018,10,0.05,Cash on Delivery,Delivered
O009668,2026-03-10,C0773,P0184,E040,3,0.15,Cash on Delivery,Cancelled
O000406,2026-03-11,C0023,P0112,E013,6,0.02,Net Banking,Delivered
O000631,2026-03-11,C0416,P0129,E030,8,0.05,Cash on Delivery,Shipped
O000916,2026-03-11,C0115,P0144,E047,1,0.05,Debit Card,Delivered
O001286,2026-03-11,C0499,P0038,E004,4,0.0,Debit Card,Delivered
O003808,2026-03-11,C0218,P0157,E024,1,0.0,Credit Card,Delivered
O004236,2026-03-11,C0178,P0078,E039,1,0.0,UPI,Delivered
O005470,2026-03-11,C0670,P0040,E034,3,0.1,Cash on Delivery,Delivered
O005969,2026-03-11,C0671,P0101,E023,1,0.02,UPI,Delivered
O006323,2026-03-11,C0755,P0113,E005,1,0.1,UPI,Delivered
O007693,2026-03-11,C0456,P0125,E016,8,0.1,Debit Card,Delivered
O007887,2026-03-11,C0125,P0079,E023,3,0.05,Debit Card,Delivered
O008932,2026-03-11,C0533,P0106,E043,2,0.0,Debit Card,Shipped
O009213,2026-03-11,C0275,P0155,E042,4,0.0,Net Banking,Delivered
O000953,2026-03-12,C0088,P0131,E014,2,0.0,UPI,Delivered
O001477,2026-03-12,C0725,P0092,E022,1,0.0,Net Banking,Delivered
O001628,2026-03-12,C0664,P0176,E041,1,0.0,UPI,Delivered
O004684,2026-03-12,C0697,P0136,E030,1,0.0,Net Banking,Delivered
O006121,2026-03-12,C0695,P0011,E013,4,0.05,Credit Card,Delivered
O006828,2026-03-12,C0929,P0193,E015,2,0.0,UPI,Delivered
O007602,2026-03-12,C0785,P0037,E023,4,0.05,UPI,Delivered
O007970,2026-03-12,C0225,P0016,E011,3,0.05,UPI,Delivered
O009861,2026-03-12,C0005,P0182,E021,1,0.0,Credit Card,Delivered
O000477,2026-03-13,C0088,P0109,E015,2,0.1,Cash on Delivery,Delivered
O002193,2026-03-13,C0993,P0051,E020,1,0.0,Credit Card,Delivered
O002507,2026-03-13,C0551,P0024,E030,4,0.05,UPI,Delivered
O002558,2026-03-13,C0969,P0009,E025,3,0.15,Credit Card,Delivered
O003217,2026-03-13,C0847,P0068,E010,2,0.0,Net Banking,Delivered
O003668,2026-03-13,C0748,P0014,E026,5,0.0,Credit Card,Delivered
O006540,2026-03-13,C0161,P0030,E019,1,0.05,Credit Card,Shipped
O007341,2026-03-13,C0104,P0055,E034,5,0.05,Net Banking,Delivered
O007978,2026-03-13,C0203,P0087,E012,1,0.1,Cash on Delivery,Returned
O001189,2026-03-14,C0969,P0088,E022,1,0.05,Net Banking,Delivered
O001536,2026-03-14,C0338,P0070,E050,1,0.2,Credit Card,Delivered
O002235,2026-03-14,C0972,P0129,E019,5,0.15,Credit Card,Delivered
O002590,2026-03-14,C0151,P0028,E034,1,0.05,UPI,Delivered
O004734,2026-03-14,C0222,P0185,E047,2,0.0,Net Banking,Delivered
O008844,2026-03-14,C0483,P0121,E012,8,0.02,Credit Card,Delivered
O009025,2026-03-14,C0167,P0049,E036,1,0.0,Cash on Delivery,Delivered
O002757,2026-03-15,C0043,P0178,E014,1,0.0,Credit Card,Delivered
O002806,2026-03-15,C0589,P0074,E032,1,0.15,UPI,Shipped
O003763,2026-03-15,C0877,P0011,E033,1,0.05,Credit Card,Delivered
O005629,2026-03-15,C0890,P0126,E047,4,0.02,Credit Card,Delivered
O006026,2026-03-15,C0565,P0107,E009,10,0.0,Credit Card,Delivered
O006465,2026-03-15,C0622,P0062,E018,4,0.0,Credit Card,Cancelled
O006836,2026-03-15,C0489,P0161,E008,2,0.1,Credit Card,Delivered
O007061,2026-03-15,C0734,P0159,E026,1,0.02,Debit Card,Delivered
O000165,2026-03-16,C0171,P0087,E048,3,0.05,Credit Card,Delivered
O000316,2026-03-16,C0926,P0140,E010,5,0.0,Credit Card,Delivered
O000753,2026-03-16,C0708,P0116,E029,5,0.0,Net Banking,Delivered
O001178,2026-03-16,C0527,P0045,E043,3,0.02,Cash on Delivery,Delivered
O001414,2026-03-16,C0091,P0049,E003,2,0.1,Net Banking,Delivered
O001766,2026-03-16,C0381,P0186,E012,3,0.05,Credit Card,Delivered
O001919,2026-03-16,C0064,P0095,E034,1,0.05,UPI,Delivered
O003185,2026-03-16,C0202,P0081,E040,1,0.1,Credit Card,Delivered
O003418,2026-03-16,C0206,P0136,E047,8,0.05,Net Banking,Delivered
O003885,2026-03-16,C0907,P0054,E039,2,0.1,Credit Card,Cancelled
O004145,2026-03-16,C0609,P0072,E025,2,0.0,Debit Card,Delivered
O004437,2026-03-16,C0125,P0109,E004,2,0.05,Net Banking,Delivered
O004953,2026-03-16,C0232,P0089,E039,2,0.02,Credit Card,Delivered
O005553,2026-03-16,C0135,P0119,E031,3,0.15,Credit Card,Delivered
O007472,2026-03-16,C0099,P0089,E018,8,0.15,UPI,Shipped
O001232,2026-03-17,C0955,P0142,E040,4,0.05,Credit Card,Shipped
O003090,2026-03-17,C0801,P0127,E016,1,0.0,UPI,Delivered
O004855,2026-03-17,C0836,P0022,E048,3,0.05,UPI,Delivered
O005169,2026-03-17,C0650,P0041,E035,3,0.15,UPI,Cancelled
O005884,2026-03-17,C0551,P0006,E004,5,0.15,Debit Card,Delivered
O007345,2026-03-17,C0364,P0032,E047,1,0.0,UPI,Delivered
O008665,2026-03-17,C0131,P0103,E044,3,0.1,Credit Card,Shipped
O009493,2026-03-17,C0888,P0153,E029,3,0.05,UPI,Delivered
O009558,2026-03-17,C0268,P0075,E015,3,0.0,Cash on Delivery,Delivered
O000460,2026-03-18,C0316,P0055,E044,2,0.0,Credit Card,Delivered
O000885,2026-03-18,C0892,P0114,E025,2,0.0,Credit Card,Delivered
O001724,2026-03-18,C0031,P0006,E024,2,0.15,Net Banking,Returned
O002414,2026-03-18,C0273,P0055,E027,1,0.1,Net Banking,Delivered
O002614,2026-03-18,C0423,P0148,E045,1,0.0,UPI,Delivered
O003750,2026-03-18,C0615,P0123,E046,2,0.1,Net Banking,Delivered
O005136,2026-03-18,C0147,P0150,E020,4,0.05,Debit Card,Delivered
O005303,2026-03-18,C0281,P0064,E010,3,0.0,Credit Card,Delivered
O005796,2026-03-18,C0176,P0088,E030,1,0.02,Credit Card,Delivered
O006243,2026-03-18,C0997,P0079,E029,3,0.0,Credit Card,Delivered
O006263,2026-03-18,C0201,P0197,E002,6,0.0,Cash on Delivery,Delivered
O006854,2026-03-18,C0195,P0123,E026,4,0.02,Credit Card,Delivered
O007610,2026-03-18,C0543,P0047,E040,3,0.05,Net Banking,Returned
O009075,2026-03-18,C0761,P0001,E027,2,0.0,Cash on Delivery,Delivered
O009083,2026-03-18,C0847,P0172,E048,4,0.02,Debit Card,Delivered
O000320,2026-03-19,C0821,P0139,E035,1,0.1,Net Banking,Delivered
O000921,2026-03-19,C0778,P0176,E041,4,0.0,Credit Card,Delivered
O003802,2026-03-19,C0750,P0158,E038,2,0.15,Debit Card,Delivered
O003871,2026-03-19,C0484,P0182,E025,1,0.1,UPI,Delivered
O004280,2026-03-19,C0273,P0075,E027,2,0.1,Net Banking,Delivered
O005789,2026-03-19,C0355,P0049,E020,5,0.05,Debit Card,Cancelled
O006422,2026-03-19,C0302,P0070,E023,1,0.02,Credit Card,Cancelled
O007374,2026-03-19,C0397,P0040,E001,6,0.02,Net Banking,Delivered
O007631,2026-03-19,C0942,P0078,E045,2,0.0,Credit Card,Delivered
O007674,2026-03-19,C0853,P0063,E043,5,0.1,UPI,Delivered
O003795,2026-03-20,C0044,P0082,E035,4,0.05,Credit Card,Delivered
O004041,2026-03-20,C0330,P0126,E050,1,0.0,Debit Card,Shipped
O008895,2026-03-20,C0057,P0020,E017,1,0.1,Debit Card,Delivered
O004492,2026-03-21,C0526,P0068,E031,3,0.02,Net Banking,Cancelled
O006550,2026-03-21,C0486,P0192,E023,1,0.0,Debit Card,Delivered
O007726,2026-03-21,C0429,P0074,E038,6,0.0,Debit Card,Delivered
O007817,2026-03-21,C0149,P0071,E036,2,0.05,Debit Card,Returned
O008120,2026-03-21,C0525,P0154,E004,2,0.0,Credit Card,Delivered
O000221,2026-03-22,C0328,P0049,E008,3,0.05,Credit Card,Delivered
O001235,2026-03-22,C0640,P0116,E004,1,0.05,Debit Card,Delivered
O002842,2026-03-22,C0899,P0137,E016,2,0.2,Cash on Delivery,Delivered
O003889,2026-03-22,C0783,P0002,E047,2,0.05,UPI,Delivered
O005320,2026-03-22,C0282,P0162,E032,3,0.0,Net Banking,Delivered
O005393,2026-03-22,C0230,P0134,E003,3,0.0,Net Banking,Delivered
O005527,2026-03-22,C0061,P0003,E004,2,0.0,Credit Card,Delivered
O007051,2026-03-22,C0395,P0047,E042,3,0.05,Net Banking,Delivered
O007130,2026-03-22,C0856,P0196,E022,1,0.0,Debit Card,Cancelled
O008518,2026-03-22,C0181,P0056,E026,4,0.15,UPI,Delivered
O008528,2026-03-22,C0640,P0173,E039,1,0.05,UPI,Delivered
O000298,2026-03-23,C0065,P0072,E026,4,0.05,Debit Card,Delivered
O001956,2026-03-23,C0594,P0153,E030,1,0.0,Credit Card,Delivered
O003923,2026-03-23,C0443,P0045,E008,2,0.02,Cash on Delivery,Delivered
O004099,2026-03-23,C0322,P0123,E041,1,0.05,Debit Card,Shipped
O004841,2026-03-23,C0358,P0118,E005,6,0.1,Net Banking,Delivered
O007311,2026-03-23,C0617,P0179,E034,3,0.2,UPI,Delivered
O008056,2026-03-23,C0125,P0133,E022,1,0.0,Net Banking,Delivered
O009007,2026-03-23,C0905,P0122,E046,3,0.05,Cash on Delivery,Delivered
O009723,2026-03-23,C0811,P0155,E026,2,0.05,Cash on Delivery,Shipped
O000538,2026-03-24,C0222,P0156,E027,2,0.0,Net Banking,Delivered
O004893,2026-03-24,C0258,P0012,E016,5,0.2,Net Banking,Delivered
O005879,2026-03-24,C0158,P0124,E002,2,0.0,Debit Card,Delivered
O006175,2026-03-24,C0725,P0016,E018,6,0.0,Credit Card,Cancelled
O008887,2026-03-24,C0446,P0198,E045,3,0.1,UPI,Delivered
O009232,2026-03-24,C0555,P0072,E009,4,0.0,Debit Card,Delivered
O000004,2026-03-25,C0428,P0148,E039,1,0.05,UPI,Delivered
O001402,2026-03-25,C0850,P0163,E029,3,0.0,UPI,Cancelled
O001478,2026-03-25,C0016,P0197,E027,1,0.1,Credit Card,Cancelled
O002298,2026-03-25,C0786,P0060,E024,2,0.1,Net Banking,Delivered
O002615,2026-03-25,C0784,P0135,E040,1,0.0,UPI,Cancelled
O003744,2026-03-25,C0855,P0049,E002,4,0.0,UPI,Cancelled
O004288,2026-03-25,C0211,P0167,E048,1,0.0,Net Banking,Delivered
O005190,2026-03-25,C0956,P0031,E003,2,0.15,UPI,Delivered
O005934,2026-03-25,C0068,P0189,E007,1,0.0,Credit Card,Delivered
O006317,2026-03-25,C0908,P0158,E018,4,0.0,Credit Card,Delivered
O007096,2026-03-25,C0283,P0101,E046,4,0.2,Net Banking,Delivered
O007590,2026-03-25,C0996,P0162,E027,1,0.0,Cash on Delivery,Delivered
O007676,2026-03-25,C0707,P0047,E005,4,0.0,Credit Card,Delivered
O000946,2026-03-26,C0814,P0154,E050,3,0.1,Net Banking,Delivered
O002097,2026-03-26,C0964,P0196,E029,2,0.0,Debit Card,Cancelled
O004359,2026-03-26,C0369,P0184,E021,3,0.1,Net Banking,Delivered
O005117,2026-03-26,C0619,P0057,E037,5,0.2,UPI,Delivered
O005501,2026-03-26,C0233,P0059,E049,2,0.05,Credit Card,Delivered
O005560,2026-03-26,C0865,P0187,E020,8,0.05,Cash on Delivery,Delivered
O005605,2026-03-26,C0097,P0099,E049,4,0.15,Net Banking,Delivered
O008495,2026-03-26,C0180,P0032,E026,2,0.05,UPI,Delivered
O009611,2026-03-26,C0338,P0101,E007,3,0.02,Debit Card,Delivered
O009613,2026-03-26,C0462,P0004,E039,2,0.0,UPI,Delivered
O001240,2026-03-27,C0348,P0076,E010,6,0.02,Debit Card,Cancelled
O001514,2026-03-27,C0947,P0146,E003,1,0.05,Credit Card,Delivered
O002879,2026-03-27,C0712,P0146,E008,2,0.1,UPI,Cancelled
O004372,2026-03-27,C0206,P0063,E012,2,0.05,Net Banking,Delivered
O005033,2026-03-27,C0700,P0004,E022,2,0.05,Debit Card,Returned
O005668,2026-03-27,C0281,P0178,E047,8,0.05,Debit Card,Delivered
O005858,2026-03-27,C0899,P0055,E020,1,0.1,Cash on Delivery,Delivered
O006242,2026-03-27,C0200,P0091,E004,4,0.02,Credit Card,Delivered
O006624,2026-03-27,C0273,P0029,E034,4,0.15,Credit Card,Delivered
O006884,2026-03-27,C0965,P0134,E033,1,0.15,UPI,Delivered
O008072,2026-03-27,C0214,P0127,E033,5,0.05,Credit Card,Delivered
O008725,2026-03-27,C0014,P0183,E017,10,0.05,Credit Card,Delivered
O002293,2026-03-28,C0072,P0182,E046,1,0.2,Net Banking,Delivered
O002423,2026-03-28,C0061,P0103,E038,2,0.0,Credit Card,Delivered
O004950,2026-03-28,C0456,P0118,E020,2,0.0,Debit Card,Delivered
O005426,2026-03-28,C0786,P0164,E018,1,0.02,Net Banking,Delivered
O000577,2026-03-29,C0214,P0100,E026,8,0.05,Debit Card,Delivered
O000971,2026-03-29,C0281,P0092,E038,4,0.1,Debit Card,Delivered
O001266,2026-03-29,C0378,P0045,E002,3,0.0,UPI,Delivered
O002548,2026-03-29,C0837,P0161,E046,1,0.05,UPI,Delivered
O005519,2026-03-29,C0907,P0016,E015,2,0.1,Net Banking,Delivered
O006138,2026-03-29,C0969,P0166,E032,3,0.2,Credit Card,Delivered
O007073,2026-03-29,C0526,P0200,E019,3,0.1,Debit Card,Delivered
O007912,2026-03-29,C0171,P0045,E030,3,0.02,Cash on Delivery,Delivered
O008899,2026-03-29,C0345,P0115,E033,2,0.0,Cash on Delivery,Delivered
O009775,2026-03-29,C0495,P0081,E017,2,0.1,Credit Card,Delivered
O009900,2026-03-29,C0063,P0107,E019,6,0.0,UPI,Delivered
O000138,2026-03-30,C0515,P0187,E017,2,0.1,Net Banking,Delivered
O001030,2026-03-30,C0403,P0042,E015,5,0.1,Credit Card,Delivered
O001175,2026-03-30,C0077,P0025,E041,1,0.02,UPI,Shipped
O002731,2026-03-30,C0412,P0047,E048,1,0.02,Credit Card,Delivered
O002934,2026-03-30,C0706,P0029,E019,5,0.0,UPI,Delivered
O006117,2026-03-30,C0124,P0072,E021,3,0.0,Cash on Delivery,Delivered
O006903,2026-03-30,C0098,P0136,E040,8,0.0,Cash on Delivery,Delivered
O008241,2026-03-30,C0044,P0053,E033,6,0.0,Credit Card,Shipped
O008490,2026-03-30,C0593,P0159,E039,4,0.0,Net Banking,Delivered
O008910,2026-03-30,C0873,P0002,E045,2,0.05,Credit Card,Delivered
O009292,2026-03-30,C0801,P0051,E007,1,0.0,UPI,Delivered
O009847,2026-03-30,C0497,P0042,E044,3,0.05,UPI,Delivered
O009872,2026-03-30,C0006,P0081,E047,2,0.02,Credit Card,Delivered
O000432,2026-03-31,C0636,P0110,E036,1,0.0,UPI,Returned
O003334,2026-03-31,C0108,P0156,E018,1,0.0,Credit Card,Delivered
O004936,2026-03-31,C0169,P0097,E031,2,0.0,Debit Card,Delivered
O006315,2026-03-31,C0774,P0095,E047,4,0.05,Cash on Delivery,Delivered
O009977,2026-03-31,C0756,P0065,E008,5,0.0,UPI,Delivered
O000352,2026-04-01,C0591,P0109,E034,1,0.0,UPI,Delivered
O001177,2026-04-01,C0018,P0149,E049,4,0.05,UPI,Delivered
O002255,2026-04-01,C0633,P0161,E003,2,0.05,Cash on Delivery,Delivered
O004023,2026-04-01,C0183,P0079,E023,3,0.0,Credit Card,Delivered
O004614,2026-04-01,C0653,P0177,E011,4,0.05,UPI,Delivered
O005486,2026-04-01,C0177,P0106,E017,1,0.1,UPI,Delivered
O006099,2026-04-01,C0243,P0151,E049,6,0.0,Credit Card,Delivered
O006623,2026-04-01,C0405,P0129,E034,2,0.0,Debit Card,Delivered
O007640,2026-04-01,C0056,P0163,E025,2,0.0,UPI,Delivered
O007841,2026-04-01,C0076,P0055,E020,1,0.02,Credit Card,Delivered
O001064,2026-04-02,C0179,P0028,E002,1,0.0,UPI,Returned
O005097,2026-04-02,C0099,P0090,E020,4,0.1,UPI,Delivered
O005539,2026-04-02,C0805,P0109,E039,3,0.0,Credit Card,Returned
O006339,2026-04-02,C0616,P0001,E041,1,0.1,UPI,Cancelled
O006546,2026-04-02,C0350,P0043,E038,6,0.05,Credit Card,Delivered
O006840,2026-04-02,C0384,P0163,E025,3,0.05,UPI,Cancelled
O006874,2026-04-02,C0509,P0143,E012,1,0.02,UPI,Delivered
O000982,2026-04-03,C0637,P0037,E019,3,0.0,UPI,Delivered
O003045,2026-04-03,C0035,P0076,E014,3,0.0,Net Banking,Delivered
O003856,2026-04-03,C0655,P0175,E031,4,0.15,UPI,Delivered
O004128,2026-04-03,C0051,P0175,E019,4,0.1,Net Banking,Delivered
O004487,2026-04-03,C0534,P0159,E034,4,0.0,Credit Card,Delivered
O005415,2026-04-03,C0323,P0112,E042,1,0.1,Cash on Delivery,Delivered
O006161,2026-04-03,C0779,P0042,E009,6,0.0,Credit Card,Delivered
O006189,2026-04-03,C0319,P0049,E016,3,0.05,UPI,Delivered
O006302,2026-04-03,C0567,P0098,E018,5,0.0,Debit Card,Delivered
O007383,2026-04-03,C0561,P0107,E033,2,0.0,Credit Card,Delivered
O008662,2026-04-03,C0009,P0047,E035,3,0.1,Debit Card,Delivered
O008945,2026-04-03,C0869,P0151,E041,1,0.02,Credit Card,Delivered
O009463,2026-04-03,C0634,P0156,E012,1,0.15,Debit Card,Delivered
O009676,2026-04-03,C0657,P0064,E020,4,0.0,Credit Card,Delivered
O002179,2026-04-04,C0189,P0152,E004,4,0.0,Credit Card,Delivered
O003531,2026-04-04,C0779,P0185,E016,1,0.1,Debit Card,Cancelled
O005420,2026-04-04,C0281,P0003,E014,6,0.2,Cash on Delivery,Delivered
O005753,2026-04-04,C0214,P0116,E017,3,0.0,Credit Card,Delivered
O006044,2026-04-04,C0104,P0134,E041,1,0.05,UPI,Delivered
O007095,2026-04-04,C0797,P0133,E043,1,0.02,UPI,Delivered
O009506,2026-04-04,C0650,P0019,E045,1,0.0,UPI,Delivered
O009682,2026-04-04,C0289,P0110,E037,1,0.05,Credit Card,Delivered
O001056,2026-04-05,C0655,P0054,E029,3,0.02,Credit Card,Delivered
O001418,2026-04-05,C0124,P0075,E022,1,0.1,UPI,Delivered
O002709,2026-04-05,C0200,P0127,E036,1,0.05,Net Banking,Delivered
O005952,2026-04-05,C0133,P0179,E032,5,0.05,Cash on Delivery,Delivered
O006377,2026-04-05,C0490,P0185,E043,1,0.15,Cash on Delivery,Delivered
O006959,2026-04-05,C0108,P0080,E048,1,0.05,Debit Card,Delivered
O000372,2026-04-06,C0111,P0198,E038,5,0.1,Credit Card,Shipped
O002553,2026-04-06,C0434,P0200,E026,2,0.0,Debit Card,Delivered
O003411,2026-04-06,C0671,P0046,E036,3,0.05,Net Banking,Delivered
O003896,2026-04-06,C0452,P0143,E015,4,0.0,Net Banking,Delivered
O003982,2026-04-06,C0486,P0139,E010,4,0.02,UPI,Delivered
O009585,2026-04-06,C0290,P0150,E002,6,0.0,Cash on Delivery,Delivered
O000158,2026-04-07,C0655,P0125,E035,1,0.1,UPI,Delivered
O000991,2026-04-07,C0079,P0040,E020,1,0.05,Cash on Delivery,Delivered
O001072,2026-04-07,C0726,P0082,E034,2,0.05,Credit Card,Delivered
O001101,2026-04-07,C0044,P0178,E040,4,0.05,Cash on Delivery,Delivered
O001138,2026-04-07,C0183,P0034,E040,3,0.1,UPI,Delivered
O001308,2026-04-07,C0244,P0089,E010,2,0.1,Debit Card,Delivered
O002063,2026-04-07,C0061,P0145,E017,3,0.0,Credit Card,Shipped
O002986,2026-04-07,C0691,P0092,E017,8,0.0,UPI,Delivered
O003136,2026-04-07,C0171,P0126,E010,3,0.1,UPI,Delivered
O007222,2026-04-07,C0992,P0113,E023,4,0.05,UPI,Cancelled
O008170,2026-04-07,C0338,P0127,E042,1,0.05,Net Banking,Delivered
O008245,2026-04-07,C0173,P0083,E046,2,0.0,Cash on Delivery,Delivered
O000348,2026-04-08,C0726,P0054,E017,1,0.05,Debit Card,Delivered
O000685,2026-04-08,C0850,P0154,E043,1,0.0,Cash on Delivery,Delivered
O002705,2026-04-08,C0289,P0106,E004,4,0.0,Debit Card,Delivered
O002794,2026-04-08,C0622,P0200,E045,3,0.15,Cash on Delivery,Delivered
O002906,2026-04-08,C0641,P0054,E031,4,0.0,Debit Card,Delivered
O005811,2026-04-08,C0813,P0110,E007,1,0.05,Credit Card,Delivered
O009271,2026-04-08,C0278,P0045,E018,1,0.05,Credit Card,Delivered
O009645,2026-04-08,C0671,P0025,E022,1,0.02,Net Banking,Delivered
O009698,2026-04-08,C0199,P0108,E042,3,0.15,UPI,Shipped
O000423,2026-04-09,C0045,P0101,E024,1,0.0,UPI,Delivered
O003169,2026-04-09,C0744,P0063,E049,6,0.1,Net Banking,Delivered
O003182,2026-04-09,C0223,P0046,E041,3,0.05,Credit Card,Delivered
O003851,2026-04-09,C0847,P0184,E036,2,0.0,Net Banking,Delivered
O005118,2026-04-09,C0814,P0138,E015,2,0.0,Cash on Delivery,Delivered
O005950,2026-04-09,C0586,P0028,E016,1,0.1,Debit Card,Delivered
O006054,2026-04-09,C0991,P0124,E019,3,0.02,Cash on Delivery,Delivered
O007525,2026-04-09,C0593,P0047,E015,6,0.15,Net Banking,Delivered
O007585,2026-04-09,C0884,P0053,E032,2,0.1,Cash on Delivery,Delivered
O008358,2026-04-09,C0189,P0138,E017,1,0.05,Debit Card,Delivered
O008562,2026-04-09,C0832,P0085,E028,1,0.15,Credit Card,Delivered
O009526,2026-04-09,C0029,P0123,E040,10,0.0,Credit Card,Delivered
O000937,2026-04-10,C0114,P0155,E010,1,0.05,Credit Card,Delivered
O000986,2026-04-10,C0873,P0137,E011,1,0.05,Net Banking,Delivered
O001042,2026-04-10,C0243,P0170,E004,4,0.0,Credit Card,Delivered
O001566,2026-04-10,C0801,P0130,E025,1,0.1,Credit Card,Delivered
O002467,2026-04-10,C0350,P0106,E022,3,0.0,Credit Card,Delivered
O003905,2026-04-10,C0737,P0007,E044,1,0.05,Credit Card,Delivered
O005307,2026-04-10,C0765,P0116,E021,1,0.0,Credit Card,Delivered
O005920,2026-04-10,C0558,P0195,E016,2,0.2,Net Banking,Delivered
O008365,2026-04-10,C0263,P0100,E029,4,0.1,Debit Card,Delivered
O000112,2026-04-11,C0729,P0155,E024,2,0.05,Credit Card,Delivered
O002175,2026-04-11,C0599,P0196,E003,3,0.0,UPI,Delivered
O002655,2026-04-11,C0129,P0083,E023,3,0.0,Net Banking,Delivered
O003421,2026-04-11,C0334,P0083,E041,2,0.0,Net Banking,Delivered
O004197,2026-04-11,C0817,P0153,E028,1,0.02,Credit Card,Delivered
O004420,2026-04-11,C0190,P0138,E005,2,0.15,UPI,Delivered
O005166,2026-04-11,C0670,P0130,E043,1,0.0,UPI,Delivered
O006014,2026-04-11,C0587,P0070,E007,1,0.15,Net Banking,Delivered
O006282,2026-04-11,C0332,P0065,E012,2,0.1,Credit Card,Returned
O008637,2026-04-11,C0486,P0154,E038,4,0.05,UPI,Delivered
O009635,2026-04-11,C0079,P0111,E016,3,0.0,UPI,Delivered
O000135,2026-04-12,C0076,P0093,E040,4,0.02,Net Banking,Shipped
O000511,2026-04-12,C0858,P0119,E009,2,0.05,Credit Card,Delivered
O001687,2026-04-12,C0323,P0099,E013,4,0.0,UPI,Delivered
O001725,2026-04-12,C0480,P0128,E049,3,0.0,Credit Card,Delivered
O002433,2026-04-12,C0270,P0181,E021,2,0.1,UPI,Delivered
O005004,2026-04-12,C0720,P0104,E049,3,0.05,UPI,Delivered
O006469,2026-04-12,C0384,P0038,E034,3,0.2,Net Banking,Delivered
O006743,2026-04-12,C0308,P0179,E010,2,0.05,Credit Card,Returned
O007822,2026-04-12,C0006,P0157,E025,2,0.0,UPI,Delivered
O001011,2026-04-13,C0124,P0031,E009,3,0.1,Net Banking,Returned
O001624,2026-04-13,C0620,P0059,E045,2,0.0,Credit Card,Delivered
O002207,2026-04-13,C0474,P0060,E025,4,0.02,UPI,Delivered
O002696,2026-04-13,C0879,P0193,E038,4,0.0,Debit Card,Returned
O002822,2026-04-13,C0435,P0198,E023,2,0.05,UPI,Delivered
O003402,2026-04-13,C0914,P0095,E022,2,0.0,Net Banking,Delivered
O003432,2026-04-13,C0679,P0103,E048,3,0.02,Cash on Delivery,Delivered
O004387,2026-04-13,C0362,P0147,E014,3,0.05,Credit Card,Delivered
O007940,2026-04-13,C0145,P0012,E029,1,0.2,UPI,Delivered
O008422,2026-04-13,C0779,P0039,E047,1,0.1,UPI,Delivered
O008769,2026-04-13,C0779,P0141,E024,3,0.05,Credit Card,Cancelled
O000822,2026-04-14,C0621,P0155,E044,2,0.1,Credit Card,Delivered
O001816,2026-04-14,C0884,P0106,E014,4,0.1,UPI,Delivered
O001910,2026-04-14,C0855,P0060,E050,10,0.05,UPI,Delivered
O003341,2026-04-14,C0684,P0097,E031,3,0.0,Cash on Delivery,Delivered
O004134,2026-04-14,C0613,P0108,E045,1,0.0,Cash on Delivery,Shipped
O004547,2026-04-14,C0042,P0008,E002,4,0.0,UPI,Delivered
O005099,2026-04-14,C0253,P0170,E024,3,0.1,Cash on Delivery,Delivered
O005882,2026-04-14,C0108,P0078,E006,2,0.02,Net Banking,Returned
O007286,2026-04-14,C0486,P0189,E042,3,0.1,Net Banking,Cancelled
O007334,2026-04-14,C0620,P0156,E006,1,0.0,Cash on Delivery,Delivered
O009667,2026-04-14,C0419,P0009,E007,2,0.05,Net Banking,Delivered
O001676,2026-04-15,C0131,P0184,E027,2,0.02,Net Banking,Delivered
O002132,2026-04-15,C0931,P0080,E020,1,0.0,Credit Card,Delivered
O002537,2026-04-15,C0483,P0137,E045,6,0.02,Cash on Delivery,Delivered
O002964,2026-04-15,C0957,P0023,E005,1,0.05,Cash on Delivery,Shipped
O004608,2026-04-15,C0784,P0030,E007,1,0.05,Credit Card,Delivered
O008587,2026-04-15,C0715,P0007,E019,1,0.0,Credit Card,Delivered
O009854,2026-04-15,C0753,P0184,E008,2,0.0,Cash on Delivery,Delivered
O000420,2026-04-16,C0762,P0186,E017,4,0.1,Credit Card,Delivered
O000927,2026-04-16,C0086,P0177,E019,3,0.1,Cash on Delivery,Delivered
O001639,2026-04-16,C0159,P0061,E023,4,0.02,UPI,Delivered
O002073,2026-04-16,C0398,P0093,E033,1,0.0,Net Banking,Delivered
O002378,2026-04-16,C0492,P0010,E028,4,0.1,Net Banking,Delivered
O003089,2026-04-16,C0258,P0129,E050,2,0.15,Credit Card,Delivered
O003566,2026-04-16,C0054,P0003,E013,10,0.05,UPI,Delivered
O004206,2026-04-16,C0081,P0175,E007,3,0.0,UPI,Delivered
O005047,2026-04-16,C0405,P0153,E020,1,0.1,Net Banking,Delivered
O006368,2026-04-16,C0784,P0060,E005,3,0.1,Debit Card,Delivered
O006934,2026-04-16,C0764,P0104,E043,1,0.0,Credit Card,Delivered
O007074,2026-04-16,C0222,P0036,E029,4,0.1,UPI,Delivered
O008646,2026-04-16,C0283,P0189,E010,1,0.05,UPI,Delivered
O001272,2026-04-17,C0425,P0030,E038,1,0.0,Cash on Delivery,Delivered
O001664,2026-04-17,C0528,P0194,E022,2,0.05,Cash on Delivery,Delivered
O003492,2026-04-17,C0976,P0024,E022,2,0.1,Credit Card,Delivered
O003895,2026-04-17,C0804,P0002,E004,8,0.0,Debit Card,Delivered
O005288,2026-04-17,C0899,P0169,E020,5,0.0,Credit Card,Delivered
O007042,2026-04-17,C0643,P0128,E019,2,0.05,Cash on Delivery,Delivered
O007547,2026-04-17,C0193,P0151,E041,2,0.0,Debit Card,Delivered
O008814,2026-04-17,C0970,P0155,E008,1,0.0,Credit Card,Delivered
O008960,2026-04-17,C0081,P0155,E018,1,0.0,Net Banking,Delivered
O009747,2026-04-17,C0723,P0149,E050,5,0.0,Net Banking,Delivered
O000457,2026-04-18,C0497,P0059,E019,2,0.05,Cash on Delivery,Shipped
O001319,2026-04-18,C0561,P0036,E049,4,0.1,UPI,Delivered
O002297,2026-04-18,C0843,P0028,E028,2,0.0,Cash on Delivery,Delivered
O005640,2026-04-18,C0734,P0179,E034,1,0.05,Net Banking,Delivered
O007255,2026-04-18,C0753,P0014,E027,5,0.2,UPI,Delivered
O007603,2026-04-18,C0847,P0168,E009,1,0.1,Debit Card,Delivered
O001711,2026-04-19,C0828,P0044,E003,1,0.15,Cash on Delivery,Delivered
O002200,2026-04-19,C0148,P0048,E048,8,0.0,Credit Card,Returned
O002310,2026-04-19,C0099,P0157,E049,1,0.0,UPI,Delivered
O002415,2026-04-19,C0683,P0125,E022,1,0.2,Credit Card,Delivered
O004665,2026-04-19,C0617,P0166,E043,1,0.1,UPI,Delivered
O004781,2026-04-19,C0809,P0116,E024,6,0.05,Credit Card,Delivered
O006326,2026-04-19,C0740,P0141,E014,2,0.0,Credit Card,Shipped
O008107,2026-04-19,C0675,P0023,E033,3,0.05,Net Banking,Delivered
O008126,2026-04-19,C0235,P0177,E021,4,0.15,UPI,Delivered
O008874,2026-04-19,C0610,P0068,E041,3,0.0,Cash on Delivery,Delivered
O000630,2026-04-20,C0373,P0041,E011,2,0.0,Cash on Delivery,Delivered
O000880,2026-04-20,C0848,P0091,E013,10,0.0,Cash on Delivery,Delivered
O001656,2026-04-20,C0843,P0103,E026,4,0.0,Net Banking,Returned
O001979,2026-04-20,C0249,P0092,E013,6,0.0,Debit Card,Returned
O002243,2026-04-20,C0664,P0190,E037,2,0.0,Net Banking,Delivered
O003011,2026-04-20,C0167,P0007,E016,6,0.0,Net Banking,Delivered
O004417,2026-04-20,C0884,P0175,E009,4,0.2,Cash on Delivery,Returned
O004473,2026-04-20,C0436,P0035,E019,6,0.0,Credit Card,Delivered
O007477,2026-04-20,C0143,P0029,E037,1,0.02,Debit Card,Delivered
O007804,2026-04-20,C0708,P0122,E017,1,0.2,Credit Card,Delivered
O008140,2026-04-20,C0584,P0191,E018,2,0.0,Cash on Delivery,Delivered
O008876,2026-04-20,C0634,P0085,E042,4,0.1,Cash on Delivery,Delivered
O009051,2026-04-20,C0088,P0077,E017,5,0.02,Credit Card,Delivered
O009259,2026-04-20,C0914,P0118,E032,2,0.05,Credit Card,Shipped
O000189,2026-04-21,C0746,P0082,E024,3,0.0,Debit Card,Delivered
O001382,2026-04-21,C0861,P0023,E009,1,0.05,Credit Card,Delivered
O001686,2026-04-21,C0997,P0020,E034,3,0.1,Debit Card,Delivered
O005216,2026-04-21,C0283,P0128,E006,1,0.1,Net Banking,Delivered
O008638,2026-04-21,C0434,P0184,E043,2,0.02,Net Banking,Delivered
O009576,2026-04-21,C0028,P0198,E032,1,0.0,Debit Card,Delivered
O000344,2026-04-22,C0438,P0063,E015,2,0.2,Debit Card,Delivered
O001845,2026-04-22,C0637,P0028,E039,2,0.05,UPI,Delivered
O003420,2026-04-22,C0940,P0140,E027,2,0.02,Net Banking,Shipped
O004652,2026-04-22,C0939,P0060,E016,6,0.05,Cash on Delivery,Shipped
O004770,2026-04-22,C0737,P0113,E034,3,0.2,Net Banking,Delivered
O006733,2026-04-22,C0273,P0103,E030,5,0.05,UPI,Delivered
O008415,2026-04-22,C0108,P0007,E047,1,0.0,Credit Card,Shipped
O004227,2026-04-23,C0195,P0083,E046,1,0.02,Net Banking,Delivered
O004922,2026-04-23,C0699,P0002,E013,5,0.15,UPI,Delivered
O007586,2026-04-23,C0795,P0035,E040,1,0.02,UPI,Delivered
O007796,2026-04-23,C0454,P0160,E028,4,0.1,Cash on Delivery,Delivered
O008475,2026-04-23,C0814,P0136,E006,3,0.0,Cash on Delivery,Delivered
O001980,2026-04-24,C0362,P0132,E046,10,0.0,Cash on Delivery,Delivered
O004599,2026-04-24,C0617,P0015,E018,8,0.0,Net Banking,Delivered
O004849,2026-04-24,C0061,P0186,E008,5,0.1,Debit Card,Shipped
O005018,2026-04-24,C0845,P0015,E017,1,0.02,Credit Card,Delivered
O005031,2026-04-24,C0214,P0174,E022,5,0.0,Credit Card,Delivered
O007119,2026-04-24,C0821,P0086,E039,1,0.0,Credit Card,Cancelled
O007589,2026-04-24,C0600,P0115,E047,4,0.0,Debit Card,Delivered
O009033,2026-04-24,C0684,P0104,E020,1,0.0,Credit Card,Shipped
O009204,2026-04-24,C0180,P0116,E047,5,0.05,Cash on Delivery,Delivered
O001495,2026-04-25,C0442,P0167,E010,3,0.1,UPI,Delivered
O002532,2026-04-25,C0281,P0091,E046,1,0.0,Net Banking,Delivered
O002717,2026-04-25,C0670,P0140,E003,1,0.15,Cash on Delivery,Delivered
O003026,2026-04-25,C0405,P0037,E030,2,0.0,Net Banking,Delivered
O003520,2026-04-25,C0985,P0078,E016,1,0.2,Cash on Delivery,Delivered
O004027,2026-04-25,C0584,P0172,E003,1,0.0,Credit Card,Delivered
O004264,2026-04-25,C0744,P0027,E026,2,0.05,Credit Card,Delivered
O004355,2026-04-25,C0578,P0053,E046,6,0.0,Net Banking,Cancelled
O005421,2026-04-25,C0387,P0161,E031,1,0.15,Debit Card,Delivered
O005940,2026-04-25,C0733,P0025,E034,5,0.1,UPI,Delivered
O005987,2026-04-25,C0964,P0137,E031,1,0.15,Credit Card,Delivered
O006467,2026-04-25,C0589,P0158,E018,6,0.0,Credit Card,Delivered
O007395,2026-04-25,C0841,P0008,E049,2,0.05,Cash on Delivery,Delivered
O008374,2026-04-25,C0956,P0130,E034,5,0.0,UPI,Delivered
O008581,2026-04-25,C0738,P0071,E030,1,0.05,UPI,Delivered
O008703,2026-04-25,C0214,P0079,E015,2,0.05,Net Banking,Delivered
O009019,2026-04-25,C0459,P0030,E011,1,0.0,UPI,Delivered
O009260,2026-04-25,C0222,P0181,E028,4,0.1,UPI,Delivered
O009350,2026-04-25,C0557,P0136,E015,4,0.0,UPI,Delivered
O009760,2026-04-25,C0182,P0186,E041,3,0.0,Net Banking,Delivered
O001819,2026-04-26,C0166,P0033,E044,2,0.0,Net Banking,Delivered
O002735,2026-04-26,C0852,P0175,E024,2,0.05,UPI,Cancelled
O002817,2026-04-26,C0622,P0051,E043,1,0.1,Cash on Delivery,Delivered
O003510,2026-04-26,C0311,P0074,E023,10,0.0,Net Banking,Delivered
O004304,2026-04-26,C0744,P0144,E003,8,0.02,UPI,Delivered
O005285,2026-04-26,C0753,P0147,E017,5,0.05,Credit Card,Delivered
O005289,2026-04-26,C0514,P0028,E006,1,0.02,UPI,Delivered
O005434,2026-04-26,C0223,P0024,E027,1,0.1,Credit Card,Shipped
O007809,2026-04-26,C0247,P0152,E041,4,0.05,Credit Card,Delivered
O008088,2026-04-26,C0850,P0008,E004,1,0.02,UPI,Delivered
O008604,2026-04-26,C0913,P0163,E050,1,0.2,UPI,Delivered
O008807,2026-04-26,C0726,P0091,E031,4,0.05,Debit Card,Shipped
O009500,2026-04-26,C0999,P0170,E048,4,0.02,Credit Card,Delivered
O001313,2026-04-27,C0181,P0049,E050,3,0.0,Debit Card,Cancelled
O001440,2026-04-27,C0222,P0168,E034,1,0.0,UPI,Delivered
O001445,2026-04-27,C0655,P0069,E015,2,0.05,Credit Card,Delivered
O002055,2026-04-27,C0372,P0169,E049,1,0.2,Cash on Delivery,Delivered
O002847,2026-04-27,C0400,P0081,E037,1,0.05,Net Banking,Delivered
O003092,2026-04-27,C0187,P0133,E014,1,0.1,Debit Card,Delivered
O003290,2026-04-27,C0438,P0040,E043,1,0.05,Debit Card,Delivered
O006783,2026-04-27,C0535,P0080,E014,2,0.0,UPI,Delivered
O006807,2026-04-27,C0737,P0059,E033,6,0.0,Cash on Delivery,Delivered
O009251,2026-04-27,C0951,P0052,E018,1,0.0,Credit Card,Delivered
O009355,2026-04-27,C0308,P0052,E014,2,0.1,Net Banking,Delivered
O002360,2026-04-28,C0203,P0072,E022,6,0.1,UPI,Delivered
O003359,2026-04-28,C0387,P0049,E042,5,0.0,UPI,Delivered
O003467,2026-04-28,C0623,P0195,E005,8,0.0,Credit Card,Returned
O004252,2026-04-28,C0206,P0036,E035,3,0.0,Cash on Delivery,Returned
O004637,2026-04-28,C0953,P0091,E045,1,0.05,Cash on Delivery,Delivered
O006816,2026-04-28,C0611,P0163,E034,2,0.15,Credit Card,Delivered
O008763,2026-04-28,C0644,P0074,E030,5,0.0,Debit Card,Delivered
O008941,2026-04-28,C0555,P0034,E026,6,0.02,UPI,Delivered
O009098,2026-04-28,C0489,P0129,E005,4,0.15,Net Banking,Delivered
O000883,2026-04-29,C0149,P0034,E003,1,0.0,Credit Card,Delivered
O004130,2026-04-29,C0227,P0088,E014,1,0.02,Debit Card,Delivered
O005024,2026-04-29,C0330,P0043,E031,4,0.2,UPI,Delivered
O006139,2026-04-29,C0112,P0076,E044,4,0.15,Credit Card,Delivered
O006374,2026-04-29,C0026,P0149,E025,8,0.02,Net Banking,Delivered
O009290,2026-04-29,C0073,P0028,E035,1,0.0,Net Banking,Delivered
O009579,2026-04-29,C0753,P0084,E044,2,0.02,Net Banking,Delivered
O009820,2026-04-29,C0998,P0072,E021,4,0.1,Credit Card,Delivered
O001031,2026-04-30,C0907,P0148,E034,2,0.1,Debit Card,Delivered
O002304,2026-04-30,C0744,P0140,E026,3,0.05,Credit Card,Delivered
O002972,2026-04-30,C0256,P0069,E011,5,0.02,Credit Card,Delivered
O002980,2026-04-30,C0759,P0100,E029,2,0.05,Credit Card,Delivered
O003556,2026-04-30,C0858,P0015,E020,1,0.05,Credit Card,Delivered
O003753,2026-04-30,C0285,P0074,E005,4,0.0,Debit Card,Delivered
O004401,2026-04-30,C0342,P0169,E004,4,0.0,Debit Card,Cancelled
O006104,2026-04-30,C0378,P0095,E017,2,0.0,Credit Card,Cancelled
O000729,2026-05-01,C0372,P0101,E047,4,0.02,Debit Card,Cancelled
O001347,2026-05-01,C0226,P0057,E022,4,0.0,Credit Card,Delivered
O003391,2026-05-01,C0220,P0185,E043,3,0.0,UPI,Delivered
O003454,2026-05-01,C0899,P0012,E027,1,0.0,Credit Card,Delivered
O003806,2026-05-01,C0622,P0094,E050,8,0.05,UPI,Delivered
O004258,2026-05-01,C0848,P0071,E050,1,0.05,Credit Card,Delivered
O004564,2026-05-01,C0036,P0171,E017,4,0.05,Cash on Delivery,Returned
O006650,2026-05-01,C0488,P0151,E016,1,0.05,Debit Card,Delivered
O007173,2026-05-01,C0153,P0016,E022,2,0.05,Debit Card,Delivered
O007689,2026-05-01,C0332,P0179,E038,1,0.0,Net Banking,Delivered
O007880,2026-05-01,C0377,P0055,E018,3,0.02,UPI,Delivered
O008182,2026-05-01,C0766,P0126,E009,5,0.0,UPI,Delivered
O008367,2026-05-01,C0486,P0112,E006,4,0.05,UPI,Cancelled
O003625,2026-05-02,C0956,P0190,E012,1,0.15,Credit Card,Delivered
O004200,2026-05-02,C0127,P0142,E015,4,0.0,Net Banking,Delivered
O004690,2026-05-02,C0506,P0092,E009,3,0.0,Debit Card,Delivered
O005002,2026-05-02,C0456,P0101,E025,2,0.0,Cash on Delivery,Delivered
O007667,2026-05-02,C0514,P0156,E012,1,0.15,Credit Card,Delivered
O009067,2026-05-02,C0383,P0097,E014,1,0.0,UPI,Delivered
O000984,2026-05-03,C0168,P0006,E050,1,0.0,Debit Card,Delivered
O001253,2026-05-03,C0883,P0174,E016,1,0.1,UPI,Delivered
O001335,2026-05-03,C0586,P0045,E041,8,0.0,Debit Card,Delivered
O002174,2026-05-03,C0220,P0121,E002,4,0.02,Debit Card,Delivered
O005556,2026-05-03,C0115,P0037,E046,1,0.2,Debit Card,Delivered
O006195,2026-05-03,C0832,P0064,E021,1,0.05,UPI,Delivered
O006753,2026-05-03,C0436,P0130,E001,3,0.1,UPI,Delivered
O007280,2026-05-03,C0341,P0118,E025,3,0.0,Credit Card,Delivered
O007671,2026-05-03,C0944,P0176,E018,8,0.05,UPI,Delivered
O009593,2026-05-03,C0634,P0061,E004,1,0.1,Net Banking,Delivered
O000261,2026-05-04,C0415,P0164,E034,3,0.05,Credit Card,Shipped
O002024,2026-05-04,C0249,P0129,E022,10,0.0,Debit Card,Delivered
O003117,2026-05-04,C0573,P0184,E014,5,0.0,Net Banking,Delivered
O003228,2026-05-04,C0183,P0199,E035,2,0.0,Debit Card,Delivered
O003438,2026-05-04,C0826,P0100,E046,2,0.0,Credit Card,Cancelled
O003484,2026-05-04,C0285,P0186,E016,6,0.15,Debit Card,Cancelled
O004709,2026-05-04,C0716,P0188,E021,2,0.02,Net Banking,Delivered
O005395,2026-05-04,C0200,P0067,E048,2,0.0,Net Banking,Delivered
O006275,2026-05-04,C0278,P0190,E023,5,0.0,Debit Card,Delivered
O006637,2026-05-04,C0268,P0142,E005,2,0.02,UPI,Delivered
O008331,2026-05-04,C0044,P0024,E040,4,0.0,Debit Card,Delivered
O008561,2026-05-04,C0166,P0142,E040,8,0.0,Cash on Delivery,Delivered
O008619,2026-05-04,C0741,P0127,E011,2,0.1,Credit Card,Shipped
O008634,2026-05-04,C0217,P0072,E019,3,0.1,Cash on Delivery,Returned
O009342,2026-05-04,C0836,P0089,E016,1,0.05,Net Banking,Returned
O009992,2026-05-04,C0425,P0106,E042,2,0.0,UPI,Delivered
O002286,2026-05-05,C0390,P0047,E040,1,0.0,UPI,Delivered
O004525,2026-05-05,C0526,P0144,E036,4,0.0,UPI,Delivered
O006838,2026-05-05,C0705,P0016,E017,1,0.02,UPI,Cancelled
O008444,2026-05-05,C0317,P0141,E001,3,0.05,UPI,Delivered
O009546,2026-05-05,C0593,P0089,E044,3,0.05,Cash on Delivery,Delivered
O000201,2026-05-06,C0471,P0002,E050,1,0.05,UPI,Delivered
O000288,2026-05-06,C0489,P0107,E016,1,0.0,UPI,Delivered
O000762,2026-05-06,C0477,P0081,E047,4,0.15,Cash on Delivery,Delivered
O000886,2026-05-06,C0655,P0010,E029,3,0.05,Debit Card,Delivered
O002816,2026-05-06,C0131,P0178,E013,1,0.0,UPI,Delivered
O002898,2026-05-06,C0025,P0181,E003,1,0.05,UPI,Delivered
O003039,2026-05-06,C0511,P0192,E017,2,0.0,Debit Card,Delivered
O003260,2026-05-06,C0382,P0125,E003,1,0.15,UPI,Delivered
O004035,2026-05-06,C0326,P0100,E017,1,0.15,Credit Card,Delivered
O006346,2026-05-06,C0907,P0113,E026,2,0.2,Cash on Delivery,Delivered
O006381,2026-05-06,C0193,P0051,E025,6,0.05,Credit Card,Shipped
O001273,2026-05-07,C0109,P0195,E022,3,0.15,Debit Card,Delivered
O001552,2026-05-07,C0914,P0115,E044,1,0.05,UPI,Delivered
O002220,2026-05-07,C0784,P0008,E028,2,0.0,Net Banking,Cancelled
O002609,2026-05-07,C0620,P0178,E024,3,0.05,Credit Card,Delivered
O003812,2026-05-07,C0693,P0146,E017,6,0.1,UPI,Returned
O004089,2026-05-07,C0761,P0079,E022,5,0.05,Net Banking,Delivered
O004406,2026-05-07,C0953,P0105,E025,5,0.0,Credit Card,Delivered
O005918,2026-05-07,C0405,P0135,E022,2,0.0,Credit Card,Shipped
O006519,2026-05-07,C0142,P0179,E025,1,0.05,Debit Card,Delivered
O006768,2026-05-07,C0243,P0137,E016,1,0.0,UPI,Delivered
O007751,2026-05-07,C0214,P0174,E041,3,0.15,UPI,Delivered
O007954,2026-05-07,C0285,P0090,E044,1,0.1,Credit Card,Delivered
O007985,2026-05-07,C0989,P0054,E032,6,0.05,Net Banking,Delivered
O009541,2026-05-07,C0442,P0113,E044,6,0.0,Cash on Delivery,Delivered
O001184,2026-05-08,C0087,P0002,E029,1,0.05,Net Banking,Delivered
O001808,2026-05-08,C0088,P0166,E025,5,0.0,Credit Card,Delivered
O001826,2026-05-08,C0407,P0121,E012,1,0.2,Credit Card,Cancelled
O002489,2026-05-08,C0268,P0074,E023,8,0.0,Credit Card,Delivered
O002733,2026-05-08,C0732,P0150,E045,1,0.15,Net Banking,Delivered
O003337,2026-05-08,C0553,P0093,E037,1,0.05,Credit Card,Delivered
O003788,2026-05-08,C0336,P0086,E004,1,0.1,Net Banking,Delivered
O004007,2026-05-08,C0812,P0155,E006,4,0.05,Credit Card,Delivered
O004084,2026-05-08,C0514,P0118,E043,3,0.0,Debit Card,Delivered
O005419,2026-05-08,C0369,P0054,E031,1,0.05,UPI,Delivered
O008806,2026-05-08,C0206,P0081,E016,1,0.0,Credit Card,Delivered
O009159,2026-05-08,C0249,P0006,E020,1,0.0,Net Banking,Delivered
O009305,2026-05-08,C0074,P0019,E031,3,0.2,Cash on Delivery,Delivered
O001001,2026-05-09,C0520,P0107,E042,8,0.15,UPI,Delivered
O003081,2026-05-09,C0872,P0095,E011,1,0.0,Credit Card,Delivered
O003658,2026-05-09,C0354,P0090,E011,2,0.15,Credit Card,Delivered
O006113,2026-05-09,C0438,P0108,E036,3,0.0,UPI,Delivered
O006927,2026-05-09,C0615,P0178,E015,2,0.2,Credit Card,Delivered
O000374,2026-05-10,C0127,P0156,E036,3,0.1,Credit Card,Delivered
O000810,2026-05-10,C0552,P0186,E035,8,0.05,Debit Card,Delivered
O001847,2026-05-10,C0277,P0068,E050,1,0.05,Net Banking,Delivered
O002156,2026-05-10,C0430,P0054,E046,1,0.15,UPI,Delivered
O002838,2026-05-10,C0906,P0160,E040,2,0.0,Net Banking,Delivered
O005365,2026-05-10,C0551,P0042,E023,2,0.05,Credit Card,Delivered
O005821,2026-05-10,C0952,P0054,E027,1,0.05,Cash on Delivery,Returned
O006238,2026-05-10,C0683,P0090,E042,6,0.02,Credit Card,Delivered
O007944,2026-05-10,C0818,P0120,E034,3,0.05,Debit Card,Delivered
O009176,2026-05-10,C0843,P0081,E029,6,0.0,UPI,Delivered
O001151,2026-05-11,C0861,P0185,E012,4,0.0,Credit Card,Delivered
O002872,2026-05-11,C0524,P0157,E010,5,0.02,Credit Card,Delivered
O003038,2026-05-11,C0094,P0195,E041,6,0.02,Debit Card,Delivered
O003422,2026-05-11,C0022,P0055,E049,1,0.05,Debit Card,Delivered
O007486,2026-05-11,C0079,P0085,E044,3,0.02,Cash on Delivery,Delivered
O008820,2026-05-11,C0586,P0025,E037,3,0.2,Credit Card,Returned
O009217,2026-05-11,C0088,P0086,E007,5,0.1,Credit Card,Delivered
O000369,2026-05-12,C0825,P0082,E049,3,0.05,UPI,Cancelled
O000743,2026-05-12,C0660,P0198,E006,1,0.05,Cash on Delivery,Delivered
O001302,2026-05-12,C0518,P0082,E012,2,0.0,Credit Card,Delivered
O001701,2026-05-12,C0914,P0161,E042,2,0.1,Net Banking,Delivered
O003584,2026-05-12,C0824,P0136,E005,5,0.05,Net Banking,Delivered
O004876,2026-05-12,C0871,P0012,E002,2,0.05,Credit Card,Delivered
O005296,2026-05-12,C0047,P0071,E036,1,0.0,Credit Card,Cancelled
O006283,2026-05-12,C0223,P0154,E015,1,0.0,Net Banking,Delivered
O006612,2026-05-12,C0206,P0018,E017,3,0.0,Credit Card,Delivered
O008080,2026-05-12,C0701,P0082,E028,1,0.15,Cash on Delivery,Cancelled
O009315,2026-05-12,C0287,P0006,E021,1,0.05,UPI,Delivered
O001971,2026-05-13,C0898,P0084,E023,3,0.0,Credit Card,Delivered
O003867,2026-05-13,C0779,P0156,E033,1,0.1,Credit Card,Delivered
O004769,2026-05-13,C0028,P0109,E049,4,0.02,Net Banking,Delivered
O007249,2026-05-13,C0820,P0191,E039,4,0.0,UPI,Returned
O007803,2026-05-13,C0652,P0055,E027,1,0.0,UPI,Delivered
O009827,2026-05-13,C0901,P0183,E032,2,0.0,UPI,Delivered
O001168,2026-05-14,C0352,P0062,E044,2,0.2,Net Banking,Delivered
O001598,2026-05-14,C0334,P0113,E019,8,0.05,Net Banking,Delivered
O001775,2026-05-14,C0665,P0008,E028,1,0.0,Credit Card,Delivered
O003180,2026-05-14,C0370,P0055,E044,4,0.05,UPI,Delivered
O003264,2026-05-14,C0491,P0171,E020,1,0.15,Debit Card,Returned
O003875,2026-05-14,C0111,P0012,E033,3,0.0,Debit Card,Delivered
O005435,2026-05-14,C0969,P0081,E004,6,0.0,Credit Card,Delivered
O006424,2026-05-14,C0631,P0083,E008,2,0.0,UPI,Delivered
O007342,2026-05-14,C0238,P0143,E034,2,0.15,Credit Card,Delivered
O001611,2026-05-15,C0956,P0049,E004,3,0.02,Net Banking,Delivered
O002323,2026-05-15,C0043,P0046,E014,6,0.0,UPI,Delivered
O006364,2026-05-15,C0249,P0009,E022,3,0.05,Net Banking,Delivered
O007370,2026-05-15,C0108,P0121,E018,1,0.02,Credit Card,Delivered
O009178,2026-05-15,C0801,P0077,E035,8,0.05,Net Banking,Delivered
O009195,2026-05-15,C0737,P0133,E049,1,0.05,Net Banking,Delivered
O009199,2026-05-15,C0073,P0101,E040,1,0.02,UPI,Returned
O000442,2026-05-16,C0028,P0068,E014,5,0.1,UPI,Delivered
O000598,2026-05-16,C0362,P0090,E039,4,0.02,Cash on Delivery,Delivered
O001004,2026-05-16,C0450,P0198,E048,10,0.05,Credit Card,Delivered
O001309,2026-05-16,C0926,P0105,E018,1,0.02,Cash on Delivery,Delivered
O002844,2026-05-16,C0489,P0022,E008,6,0.0,Debit Card,Cancelled
O004629,2026-05-16,C0754,P0185,E008,4,0.1,Cash on Delivery,Delivered
O004934,2026-05-16,C0094,P0150,E025,3,0.2,Debit Card,Delivered
O005222,2026-05-16,C0995,P0076,E027,3,0.0,UPI,Delivered
O005301,2026-05-16,C0022,P0074,E007,3,0.0,Credit Card,Delivered
O005397,2026-05-16,C0459,P0017,E022,1,0.1,UPI,Delivered
O005835,2026-05-16,C0552,P0097,E012,5,0.1,Cash on Delivery,Delivered
O006256,2026-05-16,C0914,P0025,E004,1,0.0,UPI,Delivered
O007402,2026-05-16,C0932,P0030,E049,1,0.1,UPI,Delivered
O009330,2026-05-16,C0468,P0188,E028,1,0.05,Credit Card,Shipped
O009417,2026-05-16,C0732,P0188,E018,1,0.1,Net Banking,Delivered
O000325,2026-05-17,C0073,P0043,E007,1,0.02,Credit Card,Delivered
O000812,2026-05-17,C0997,P0124,E002,2,0.0,Cash on Delivery,Delivered
O001025,2026-05-17,C0578,P0165,E014,2,0.02,Credit Card,Delivered
O001077,2026-05-17,C0308,P0015,E008,3,0.05,UPI,Delivered
O003412,2026-05-17,C0622,P0054,E009,8,0.1,UPI,Delivered
O003995,2026-05-17,C0599,P0040,E045,2,0.0,Debit Card,Returned
O006406,2026-05-17,C0926,P0181,E016,2,0.0,Credit Card,Delivered
O007339,2026-05-17,C0813,P0110,E015,2,0.05,Credit Card,Delivered
O008507,2026-05-17,C0020,P0143,E028,1,0.02,UPI,Cancelled
O009412,2026-05-17,C0589,P0078,E050,2,0.0,Net Banking,Delivered
O000625,2026-05-18,C0006,P0162,E024,2,0.05,Debit Card,Delivered
O001221,2026-05-18,C0875,P0166,E043,6,0.15,UPI,Delivered
O002195,2026-05-18,C0307,P0161,E050,3,0.0,Debit Card,Delivered
O003953,2026-05-18,C0310,P0059,E032,2,0.0,Debit Card,Delivered
O004129,2026-05-18,C0583,P0066,E027,1,0.0,UPI,Delivered
O004748,2026-05-18,C0726,P0143,E015,6,0.05,Cash on Delivery,Delivered
O006421,2026-05-18,C0962,P0007,E003,1,0.02,UPI,Delivered
O008100,2026-05-18,C0172,P0133,E016,1,0.1,UPI,Delivered
O008592,2026-05-18,C0456,P0047,E019,1,0.05,UPI,Delivered
O008692,2026-05-18,C0811,P0012,E005,1,0.05,Credit Card,Delivered
O002658,2026-05-19,C0474,P0130,E021,2,0.02,UPI,Delivered
O003485,2026-05-19,C0915,P0178,E025,10,0.05,Debit Card,Shipped
O003809,2026-05-19,C0248,P0176,E038,2,0.0,UPI,Delivered
O005189,2026-05-19,C0118,P0005,E049,1,0.0,Cash on Delivery,Delivered
O006846,2026-05-19,C0952,P0190,E026,1,0.0,Credit Card,Returned
O007539,2026-05-19,C0102,P0067,E012,2,0.05,Net Banking,Delivered
O001205,2026-05-20,C0061,P0099,E016,4,0.0,UPI,Delivered
O001386,2026-05-20,C0519,P0186,E034,5,0.0,Credit Card,Delivered
O002133,2026-05-20,C0176,P0047,E016,1,0.0,UPI,Delivered
O003757,2026-05-20,C0533,P0143,E013,4,0.0,Credit Card,Delivered
O004593,2026-05-20,C0355,P0179,E012,6,0.05,Debit Card,Delivered
O004987,2026-05-20,C0239,P0158,E048,1,0.1,UPI,Delivered
O006919,2026-05-20,C0319,P0168,E033,1,0.02,UPI,Delivered
O008907,2026-05-20,C0082,P0082,E035,1,0.0,Cash on Delivery,Shipped
O000358,2026-05-21,C0383,P0143,E022,1,0.0,Debit Card,Delivered
O000427,2026-05-21,C0167,P0020,E024,2,0.0,UPI,Delivered
O000717,2026-05-21,C0606,P0194,E029,3,0.05,Cash on Delivery,Delivered
O003707,2026-05-21,C0281,P0033,E030,2,0.05,Debit Card,Delivered
O003981,2026-05-21,C0889,P0089,E036,1,0.05,Credit Card,Delivered
O004688,2026-05-21,C0963,P0156,E043,2,0.0,Net Banking,Shipped
O004766,2026-05-21,C0779,P0104,E048,2,0.02,Credit Card,Delivered
O005567,2026-05-21,C0643,P0049,E003,3,0.0,UPI,Delivered
O005625,2026-05-21,C0533,P0080,E027,2,0.1,Net Banking,Delivered
O005628,2026-05-21,C0399,P0127,E019,1,0.1,Credit Card,Delivered
O007638,2026-05-21,C0729,P0116,E025,2,0.1,Net Banking,Delivered
O007716,2026-05-21,C0547,P0122,E035,2,0.0,Net Banking,Delivered
O008432,2026-05-21,C0092,P0176,E030,10,0.0,Net Banking,Delivered
O009783,2026-05-21,C0179,P0127,E030,3,0.02,Credit Card,Delivered
O003040,2026-05-22,C0198,P0019,E047,1,0.0,Debit Card,Delivered
O003451,2026-05-22,C0108,P0102,E018,3,0.0,Debit Card,Delivered
O004563,2026-05-22,C0527,P0027,E012,2,0.0,Credit Card,Delivered
O004774,2026-05-22,C0620,P0013,E028,2,0.0,Cash on Delivery,Delivered
O004858,2026-05-22,C0179,P0105,E002,4,0.02,Debit Card,Delivered
O005752,2026-05-22,C0450,P0041,E050,1,0.05,Debit Card,Returned
O006481,2026-05-22,C0681,P0028,E026,1,0.15,UPI,Delivered
O008040,2026-05-22,C0450,P0195,E034,3,0.0,Debit Card,Delivered
O008043,2026-05-22,C0064,P0054,E001,1,0.02,Cash on Delivery,Delivered
O008354,2026-05-22,C0558,P0128,E015,3,0.15,Credit Card,Delivered
O009382,2026-05-22,C0883,P0164,E010,2,0.0,UPI,Delivered
O009402,2026-05-22,C0486,P0121,E023,1,0.0,Debit Card,Returned
O001161,2026-05-23,C0804,P0024,E045,8,0.05,Cash on Delivery,Cancelled
O001379,2026-05-23,C0999,P0010,E050,2,0.0,UPI,Delivered
O001407,2026-05-23,C0232,P0179,E030,2,0.05,Credit Card,Delivered
O001575,2026-05-23,C0946,P0114,E019,8,0.02,Net Banking,Delivered
O002094,2026-05-23,C0757,P0109,E040,3,0.0,Credit Card,Delivered
O002347,2026-05-23,C0147,P0009,E031,5,0.15,Credit Card,Delivered
O002380,2026-05-23,C0969,P0123,E026,1,0.05,Net Banking,Delivered
O005135,2026-05-23,C0031,P0054,E010,3,0.02,Credit Card,Delivered
O006845,2026-05-23,C0184,P0170,E011,3,0.1,Credit Card,Delivered
O006860,2026-05-23,C0928,P0106,E043,1,0.02,Debit Card,Delivered
O008028,2026-05-23,C0742,P0045,E033,4,0.0,Net Banking,Delivered
O009887,2026-05-23,C0180,P0088,E025,1,0.05,UPI,Delivered
O001159,2026-05-24,C0339,P0107,E005,1,0.15,Net Banking,Delivered
O002737,2026-05-24,C0583,P0034,E020,3,0.0,UPI,Delivered
O002907,2026-05-24,C0232,P0018,E023,2,0.0,Debit Card,Delivered
O003293,2026-05-24,C0444,P0100,E046,2,0.0,Credit Card,Delivered
O004266,2026-05-24,C0561,P0030,E050,1,0.1,UPI,Delivered
O004829,2026-05-24,C0652,P0146,E032,6,0.05,Net Banking,Cancelled
O005919,2026-05-24,C0018,P0057,E030,3,0.15,Debit Card,Delivered
O007237,2026-05-24,C0459,P0093,E036,1,0.0,Net Banking,Shipped
O009102,2026-05-24,C0412,P0047,E012,4,0.02,UPI,Delivered
O009387,2026-05-24,C0871,P0025,E039,3,0.1,Net Banking,Delivered
O000884,2026-05-25,C0648,P0170,E021,3,0.05,Credit Card,Delivered
O003160,2026-05-25,C0225,P0075,E033,2,0.1,Net Banking,Delivered
O004561,2026-05-25,C0162,P0176,E026,1,0.05,Debit Card,Shipped
O004672,2026-05-25,C0021,P0152,E039,2,0.02,Debit Card,Delivered
O005334,2026-05-25,C0096,P0082,E037,2,0.15,Debit Card,Delivered
O006412,2026-05-25,C0257,P0118,E044,1,0.0,Debit Card,Delivered
O006916,2026-05-25,C0761,P0097,E007,1,0.15,UPI,Delivered
O007068,2026-05-25,C0147,P0099,E037,6,0.05,Credit Card,Delivered
O007646,2026-05-25,C0816,P0160,E045,1,0.15,Net Banking,Delivered
O009406,2026-05-25,C0696,P0184,E035,1,0.0,Credit Card,Cancelled
O009957,2026-05-25,C0292,P0028,E019,2,0.05,Debit Card,Cancelled
O004138,2026-05-26,C0832,P0011,E011,1,0.05,UPI,Delivered
O004529,2026-05-26,C0599,P0117,E039,1,0.02,Net Banking,Cancelled
O004545,2026-05-26,C0654,P0051,E015,2,0.05,UPI,Delivered
O006357,2026-05-26,C0251,P0085,E019,1,0.05,Net Banking,Delivered
O006715,2026-05-26,C0145,P0061,E042,1,0.05,Cash on Delivery,Delivered
O006761,2026-05-26,C0869,P0163,E014,2,0.1,Debit Card,Delivered
O008251,2026-05-26,C0729,P0008,E021,6,0.0,UPI,Delivered
O008976,2026-05-26,C0338,P0041,E044,1,0.0,UPI,Delivered
O009818,2026-05-26,C0020,P0151,E031,6,0.0,UPI,Shipped
O001131,2026-05-27,C0313,P0091,E023,2,0.0,Credit Card,Delivered
O002825,2026-05-27,C0543,P0129,E006,2,0.02,UPI,Cancelled
O002948,2026-05-27,C0462,P0119,E048,6,0.0,Credit Card,Delivered
O002971,2026-05-27,C0706,P0162,E032,1,0.02,Cash on Delivery,Delivered
O007309,2026-05-27,C0124,P0167,E029,1,0.0,Net Banking,Delivered
O007351,2026-05-27,C0751,P0078,E020,2,0.02,UPI,Delivered
O007827,2026-05-27,C0063,P0135,E016,3,0.02,Credit Card,Delivered
O008800,2026-05-27,C0727,P0071,E001,1,0.02,Net Banking,Delivered
O009869,2026-05-27,C0198,P0111,E004,1,0.1,Net Banking,Delivered
O000620,2026-05-28,C0675,P0040,E016,5,0.02,Net Banking,Delivered
O001431,2026-05-28,C0869,P0155,E009,1,0.05,Net Banking,Delivered
O002231,2026-05-28,C0321,P0058,E013,1,0.1,UPI,Delivered
O002281,2026-05-28,C0267,P0133,E023,2,0.2,UPI,Delivered
O002521,2026-05-28,C0339,P0131,E004,5,0.0,Cash on Delivery,Delivered
O002630,2026-05-28,C0074,P0102,E006,3,0.02,Net Banking,Delivered
O003945,2026-05-28,C0773,P0095,E026,2,0.05,Credit Card,Delivered
O004390,2026-05-28,C0628,P0019,E024,4,0.0,Credit Card,Delivered
O004500,2026-05-28,C0707,P0060,E019,1,0.05,Net Banking,Delivered
O004945,2026-05-28,C0490,P0112,E016,1,0.05,Credit Card,Delivered
O005284,2026-05-28,C0782,P0090,E018,1,0.02,Net Banking,Delivered
O006459,2026-05-28,C0790,P0198,E022,1,0.0,Credit Card,Delivered
O007618,2026-05-28,C0877,P0039,E017,6,0.1,Cash on Delivery,Returned
O008972,2026-05-28,C0864,P0028,E024,5,0.05,Debit Card,Delivered
O009221,2026-05-28,C0758,P0154,E002,1,0.0,Credit Card,Delivered
O002870,2026-05-29,C0956,P0137,E002,2,0.0,Debit Card,Delivered
O004194,2026-05-29,C0959,P0093,E009,1,0.05,UPI,Shipped
O005110,2026-05-29,C0960,P0087,E031,1,0.1,Net Banking,Delivered
O005368,2026-05-29,C0685,P0014,E016,3,0.05,UPI,Delivered
O007332,2026-05-29,C0092,P0042,E050,3,0.15,UPI,Returned
O009959,2026-05-29,C0575,P0050,E002,1,0.0,Net Banking,Returned
O003161,2026-05-30,C0801,P0040,E015,2,0.1,Debit Card,Delivered
O003237,2026-05-30,C0578,P0162,E047,4,0.1,Credit Card,Delivered
O004834,2026-05-30,C0837,P0183,E034,10,0.0,Debit Card,Delivered
O006180,2026-05-30,C0801,P0196,E006,5,0.0,Credit Card,Delivered
O006292,2026-05-30,C0384,P0132,E012,10,0.05,Cash on Delivery,Delivered
O006896,2026-05-30,C0843,P0100,E007,3,0.0,Net Banking,Delivered
O008091,2026-05-30,C0710,P0150,E024,5,0.0,Cash on Delivery,Delivered
O008125,2026-05-30,C0905,P0065,E049,2,0.05,Debit Card,Delivered
O009079,2026-05-30,C0048,P0108,E011,1,0.15,UPI,Delivered
O009084,2026-05-30,C0262,P0079,E012,5,0.05,Credit Card,Delivered
O009516,2026-05-30,C0147,P0180,E046,1,0.1,UPI,Delivered
O000607,2026-05-31,C0344,P0123,E006,1,0.05,Cash on Delivery,Delivered
O000895,2026-05-31,C0195,P0121,E043,2,0.0,Net Banking,Delivered
O001629,2026-05-31,C0239,P0042,E028,1,0.0,UPI,Delivered
O003628,2026-05-31,C0730,P0060,E013,2,0.0,UPI,Delivered
O007037,2026-05-31,C0229,P0133,E049,1,0.02,Net Banking,Delivered
O007169,2026-05-31,C0391,P0169,E034,2,0.02,UPI,Delivered
O007665,2026-05-31,C0610,P0190,E001,10,0.05,Net Banking,Delivered
O008330,2026-05-31,C0784,P0163,E031,1,0.0,UPI,Delivered
O009440,2026-05-31,C0593,P0095,E003,1,0.1,Credit Card,Delivered
O000019,2026-06-01,C0426,P0144,E046,1,0.2,Debit Card,Delivered
O000295,2026-06-01,C0701,P0050,E049,1,0.0,Net Banking,Delivered
O000413,2026-06-01,C0661,P0024,E012,3,0.02,Net Banking,Shipped
O000903,2026-06-01,C0094,P0054,E041,1,0.05,Debit Card,Cancelled
O003101,2026-06-01,C0278,P0130,E048,2,0.15,UPI,Delivered
O003347,2026-06-01,C0665,P0035,E002,4,0.2,Debit Card,Delivered
O003646,2026-06-01,C0705,P0037,E030,3,0.0,Cash on Delivery,Returned
O004410,2026-06-01,C0480,P0111,E034,4,0.02,UPI,Delivered
O005542,2026-06-01,C0716,P0061,E046,1,0.0,Cash on Delivery,Delivered
O006881,2026-06-01,C0424,P0017,E005,4,0.05,UPI,Delivered
O007829,2026-06-01,C0495,P0102,E004,2,0.05,Debit Card,Delivered
O009920,2026-06-01,C0075,P0181,E042,2,0.0,Credit Card,Delivered
O000519,2026-06-02,C0453,P0192,E020,1,0.05,Credit Card,Delivered
O001944,2026-06-02,C0199,P0076,E032,5,0.1,Credit Card,Delivered
O002070,2026-06-02,C0640,P0039,E018,4,0.0,Debit Card,Delivered
O002565,2026-06-02,C0877,P0065,E030,3,0.05,Net Banking,Shipped
O003433,2026-06-02,C0861,P0133,E030,3,0.0,Debit Card,Delivered
O006064,2026-06-02,C0789,P0175,E043,1,0.02,UPI,Delivered
O006633,2026-06-02,C0438,P0024,E004,3,0.15,Credit Card,Delivered
O007943,2026-06-02,C0617,P0186,E033,2,0.0,UPI,Delivered
O008506,2026-06-02,C0239,P0001,E040,3,0.05,Cash on Delivery,Delivered
O009437,2026-06-02,C0973,P0063,E047,3,0.0,Cash on Delivery,Delivered
O000794,2026-06-03,C0553,P0125,E012,3,0.05,Credit Card,Delivered
O001597,2026-06-03,C0145,P0026,E049,1,0.15,Net Banking,Delivered
O002469,2026-06-03,C0426,P0127,E010,3,0.0,Credit Card,Delivered
O004532,2026-06-03,C0220,P0105,E023,6,0.02,Debit Card,Delivered
O004549,2026-06-03,C0693,P0118,E039,3,0.1,UPI,Delivered
O004897,2026-06-03,C0016,P0064,E039,1,0.0,Cash on Delivery,Delivered
O005178,2026-06-03,C0901,P0190,E045,4,0.0,Net Banking,Delivered
O005977,2026-06-03,C0914,P0162,E009,4,0.0,UPI,Delivered
O006685,2026-06-03,C0935,P0022,E050,2,0.0,UPI,Delivered
O008031,2026-06-03,C0598,P0145,E035,1,0.05,Credit Card,Delivered
O008343,2026-06-03,C0473,P0106,E031,1,0.02,UPI,Cancelled
O009882,2026-06-03,C0889,P0200,E034,5,0.0,Debit Card,Delivered
O001455,2026-06-04,C0594,P0001,E026,3,0.02,Cash on Delivery,Delivered
O002183,2026-06-04,C0678,P0108,E041,10,0.05,Cash on Delivery,Delivered
O002875,2026-06-04,C0672,P0025,E038,2,0.15,UPI,Cancelled
O003565,2026-06-04,C0828,P0147,E031,2,0.05,Debit Card,Delivered
O004430,2026-06-04,C0308,P0170,E032,1,0.0,Debit Card,Delivered
O004905,2026-06-04,C0435,P0112,E038,2,0.05,Credit Card,Delivered
O004948,2026-06-04,C0350,P0041,E048,1,0.1,Net Banking,Delivered
O008375,2026-06-04,C0502,P0147,E049,1,0.15,Credit Card,Delivered
O009103,2026-06-04,C0869,P0169,E005,2,0.1,UPI,Delivered
O001537,2026-06-05,C0069,P0161,E006,3,0.0,UPI,Delivered
O004377,2026-06-05,C0884,P0145,E050,2,0.0,Net Banking,Delivered
O004474,2026-06-05,C0135,P0008,E038,1,0.05,Credit Card,Delivered
O004699,2026-06-05,C0529,P0077,E034,4,0.15,Credit Card,Delivered
O004828,2026-06-05,C0992,P0180,E014,2,0.0,Credit Card,Delivered
O006233,2026-06-05,C0973,P0032,E009,2,0.1,Net Banking,Delivered
O006511,2026-06-05,C0101,P0019,E001,1,0.0,Net Banking,Delivered
O007553,2026-06-05,C0180,P0086,E001,1,0.0,UPI,Delivered
O007760,2026-06-05,C0594,P0043,E048,5,0.0,UPI,Delivered
O009898,2026-06-05,C0762,P0137,E021,8,0.02,Credit Card,Returned
O004220,2026-06-06,C0108,P0020,E035,1,0.05,Net Banking,Delivered
O006173,2026-06-06,C0247,P0086,E014,3,0.0,Credit Card,Shipped
O006932,2026-06-06,C0567,P0099,E045,2,0.1,Credit Card,Returned
O008013,2026-06-06,C0480,P0189,E014,2,0.05,Debit Card,Delivered
O009782,2026-06-06,C0113,P0045,E036,1,0.0,Debit Card,Delivered
O000469,2026-06-07,C0234,P0024,E036,2,0.0,Credit Card,Returned
O001674,2026-06-07,C0973,P0118,E016,3,0.05,Net Banking,Returned
O002053,2026-06-07,C0422,P0095,E011,1,0.0,Debit Card,Delivered
O002725,2026-06-07,C0880,P0164,E012,4,0.1,Net Banking,Delivered
O003824,2026-06-07,C0593,P0063,E013,2,0.05,Credit Card,Delivered
O003839,2026-06-07,C0859,P0004,E018,8,0.05,Debit Card,Delivered
O004147,2026-06-07,C0943,P0020,E007,1,0.0,Credit Card,Delivered
O005202,2026-06-07,C0706,P0147,E040,2,0.15,UPI,Delivered
O005274,2026-06-07,C0622,P0118,E004,4,0.1,UPI,Delivered
O006579,2026-06-07,C0958,P0171,E001,8,0.0,Debit Card,Delivered
O007202,2026-06-07,C0195,P0146,E021,2,0.1,UPI,Delivered
O008061,2026-06-07,C0127,P0102,E009,2,0.02,Debit Card,Delivered
O008372,2026-06-07,C0820,P0127,E019,1,0.0,Credit Card,Delivered
O009363,2026-06-07,C0468,P0077,E025,4,0.02,Credit Card,Delivered
O001016,2026-06-08,C0446,P0021,E043,1,0.1,Credit Card,Delivered
O001314,2026-06-08,C0634,P0021,E039,6,0.0,Debit Card,Shipped
O005134,2026-06-08,C0055,P0121,E045,2,0.0,UPI,Delivered
O005444,2026-06-08,C0671,P0056,E046,3,0.0,Credit Card,Delivered
O006135,2026-06-08,C0570,P0018,E033,1,0.05,Net Banking,Delivered
O006267,2026-06-08,C0730,P0057,E002,4,0.0,UPI,Shipped
O007512,2026-06-08,C0741,P0145,E029,4,0.05,Credit Card,Shipped
O007522,2026-06-08,C0622,P0181,E028,4,0.1,Cash on Delivery,Delivered
O007897,2026-06-08,C0687,P0111,E031,1,0.02,Net Banking,Delivered
O008534,2026-06-08,C0281,P0018,E003,4,0.1,Credit Card,Delivered
O001029,2026-06-09,C0133,P0067,E015,2,0.0,Debit Card,Delivered
O001428,2026-06-09,C0589,P0041,E007,2,0.1,Debit Card,Delivered
O002417,2026-06-09,C0214,P0053,E019,3,0.05,UPI,Shipped
O004121,2026-06-09,C0412,P0012,E023,2,0.05,UPI,Delivered
O004284,2026-06-09,C0586,P0152,E043,10,0.1,UPI,Cancelled
O004543,2026-06-09,C0561,P0101,E034,2,0.02,Credit Card,Delivered
O004550,2026-06-09,C0671,P0095,E016,4,0.15,UPI,Delivered
O004790,2026-06-09,C0699,P0078,E002,1,0.1,Debit Card,Delivered
O006193,2026-06-09,C0120,P0140,E033,3,0.0,Credit Card,Delivered
O006584,2026-06-09,C0907,P0193,E041,6,0.05,UPI,Delivered
O009235,2026-06-09,C0646,P0140,E011,1,0.0,UPI,Returned
O001375,2026-06-10,C0243,P0007,E034,1,0.05,Net Banking,Delivered
O001399,2026-06-10,C0818,P0126,E004,3,0.0,Net Banking,Delivered
O003066,2026-06-10,C0073,P0175,E045,1,0.0,UPI,Shipped
O003918,2026-06-10,C0364,P0123,E043,3,0.05,Credit Card,Delivered
O004106,2026-06-10,C0807,P0099,E033,3,0.1,Debit Card,Returned
O004274,2026-06-10,C0088,P0060,E034,2,0.0,Credit Card,Shipped
O006722,2026-06-10,C0434,P0018,E010,2,0.0,UPI,Returned
O007261,2026-06-10,C0282,P0188,E028,1,0.15,Debit Card,Delivered
O007489,2026-06-10,C0671,P0165,E035,3,0.1,Net Banking,Delivered
O009057,2026-06-10,C0486,P0132,E014,2,0.15,Debit Card,Delivered
O009137,2026-06-10,C0116,P0196,E012,6,0.0,Credit Card,Delivered
O009973,2026-06-10,C0138,P0005,E009,1,0.0,Credit Card,Delivered
O009979,2026-06-10,C0806,P0067,E011,3,0.02,Net Banking,Delivered
O001128,2026-06-11,C0895,P0105,E028,1,0.0,UPI,Delivered
O003382,2026-06-11,C0693,P0145,E016,3,0.2,Cash on Delivery,Delivered
O003491,2026-06-11,C0799,P0048,E012,1,0.15,Debit Card,Delivered
O004526,2026-06-11,C0317,P0022,E043,1,0.02,Net Banking,Delivered
O004883,2026-06-11,C0089,P0180,E026,6,0.1,UPI,Delivered
O005318,2026-06-11,C0514,P0112,E038,3,0.0,Credit Card,Delivered
O007284,2026-06-11,C0973,P0181,E014,3,0.05,Credit Card,Delivered
O009189,2026-06-11,C0871,P0108,E040,4,0.0,Credit Card,Delivered
O009423,2026-06-11,C0318,P0128,E012,2,0.05,Net Banking,Delivered
O001463,2026-06-12,C0263,P0104,E018,1,0.15,UPI,Delivered
O002100,2026-06-12,C0254,P0141,E028,1,0.1,Debit Card,Cancelled
O002436,2026-06-12,C0878,P0035,E037,2,0.2,UPI,Delivered
O003282,2026-06-12,C0630,P0003,E039,8,0.02,Credit Card,Delivered
O003554,2026-06-12,C0928,P0127,E050,1,0.2,Cash on Delivery,Delivered
O004276,2026-06-12,C0325,P0133,E014,2,0.05,Net Banking,Delivered
O004346,2026-06-12,C0928,P0059,E004,2,0.05,Credit Card,Delivered
O006110,2026-06-12,C0601,P0043,E017,6,0.0,Credit Card,Delivered
O007265,2026-06-12,C0051,P0161,E013,3,0.2,Debit Card,Cancelled
O008516,2026-06-12,C0608,P0116,E013,1,0.2,Net Banking,Delivered
O009179,2026-06-12,C0304,P0008,E013,2,0.05,Cash on Delivery,Delivered
O000340,2026-06-13,C0297,P0019,E001,3,0.0,UPI,Delivered
O000557,2026-06-13,C0650,P0157,E024,1,0.0,Credit Card,Delivered
O000887,2026-06-13,C0901,P0185,E010,3,0.05,UPI,Delivered
O003539,2026-06-13,C0655,P0146,E020,2,0.15,Cash on Delivery,Delivered
O004060,2026-06-13,C0859,P0079,E050,3,0.02,UPI,Shipped
O004741,2026-06-13,C0724,P0146,E024,3,0.05,Cash on Delivery,Delivered
O004743,2026-06-13,C0949,P0021,E044,2,0.1,Debit Card,Delivered
O005376,2026-06-13,C0134,P0020,E039,1,0.0,UPI,Delivered
O005445,2026-06-13,C0116,P0038,E046,2,0.0,Credit Card,Delivered
O005604,2026-06-13,C0501,P0164,E040,2,0.05,UPI,Delivered
O005930,2026-06-13,C0954,P0044,E041,1,0.05,UPI,Delivered
O007184,2026-06-13,C0755,P0078,E022,4,0.2,Net Banking,Delivered
O008682,2026-06-13,C0223,P0095,E033,2,0.0,UPI,Delivered
O009518,2026-06-13,C0597,P0047,E036,8,0.0,Debit Card,Returned
O009650,2026-06-13,C0675,P0044,E043,4,0.02,Cash on Delivery,Delivered
O000278,2026-06-14,C0053,P0021,E029,6,0.0,Debit Card,Delivered
O000817,2026-06-14,C0364,P0197,E027,1,0.1,Cash on Delivery,Delivered
O001916,2026-06-14,C0741,P0189,E036,1,0.0,UPI,Delivered
O003444,2026-06-14,C0899,P0174,E003,1,0.05,Credit Card,Returned
O003576,2026-06-14,C0197,P0074,E025,2,0.02,UPI,Delivered
O004758,2026-06-14,C0023,P0012,E050,2,0.0,UPI,Delivered
O004884,2026-06-14,C0957,P0123,E021,1,0.05,Net Banking,Delivered
O006795,2026-06-14,C0756,P0165,E028,1,0.05,UPI,Delivered
O006862,2026-06-14,C0741,P0108,E031,3,0.0,UPI,Delivered
O006937,2026-06-14,C0029,P0133,E001,4,0.0,UPI,Delivered
O007546,2026-06-14,C0081,P0038,E044,1,0.15,Credit Card,Delivered
O007558,2026-06-14,C0725,P0078,E009,1,0.0,Credit Card,Delivered
O008556,2026-06-14,C0587,P0024,E044,6,0.02,Debit Card,Cancelled
O009286,2026-06-14,C0641,P0092,E028,4,0.1,Net Banking,Cancelled
O003751,2026-06-15,C0066,P0104,E025,5,0.0,Debit Card,Delivered
O004305,2026-06-15,C0103,P0135,E006,2,0.15,Credit Card,Delivered
O005450,2026-06-15,C0259,P0112,E013,2,0.0,UPI,Delivered
O005759,2026-06-15,C0665,P0169,E024,2,0.1,Debit Card,Delivered
O005903,2026-06-15,C0982,P0155,E037,2,0.1,Debit Card,Delivered
O005960,2026-06-15,C0306,P0029,E037,3,0.05,UPI,Delivered
O006487,2026-06-15,C0725,P0045,E045,2,0.1,Cash on Delivery,Delivered
O009631,2026-06-15,C0607,P0075,E014,2,0.05,UPI,Delivered
O000528,2026-06-16,C0223,P0018,E001,1,0.0,UPI,Delivered
O000926,2026-06-16,C0247,P0006,E018,4,0.05,Credit Card,Delivered
O001899,2026-06-16,C0268,P0104,E005,5,0.0,UPI,Delivered
O002248,2026-06-16,C0232,P0096,E002,1,0.0,Debit Card,Delivered
O004300,2026-06-16,C0284,P0191,E038,1,0.0,Cash on Delivery,Delivered
O004405,2026-06-16,C0214,P0193,E041,1,0.02,Credit Card,Delivered
O005121,2026-06-16,C0800,P0153,E043,1,0.1,UPI,Delivered
O005214,2026-06-16,C0052,P0006,E028,1,0.0,Debit Card,Delivered
O005357,2026-06-16,C0313,P0013,E017,4,0.0,UPI,Delivered
O005841,2026-06-16,C0171,P0048,E016,4,0.0,UPI,Delivered
O007151,2026-06-16,C0837,P0022,E018,3,0.05,UPI,Delivered
O007635,2026-06-16,C0909,P0066,E022,4,0.02,Debit Card,Delivered
O008425,2026-06-16,C0233,P0023,E024,2,0.02,Debit Card,Delivered
O008988,2026-06-16,C0369,P0146,E049,2,0.1,Credit Card,Delivered
O009340,2026-06-16,C0545,P0124,E006,3,0.05,Net Banking,Delivered
O001635,2026-06-17,C0125,P0168,E036,1,0.0,Credit Card,Delivered
O002781,2026-06-17,C0236,P0083,E006,8,0.1,Cash on Delivery,Delivered
O003006,2026-06-17,C0064,P0005,E036,4,0.15,Debit Card,Delivered
O003230,2026-06-17,C0438,P0145,E043,3,0.05,Debit Card,Delivered
O003848,2026-06-17,C0118,P0084,E038,2,0.0,Credit Card,Delivered
O004515,2026-06-17,C0586,P0108,E048,1,0.0,Credit Card,Delivered
O000279,2026-06-18,C0845,P0093,E018,4,0.05,Debit Card,Delivered
O001238,2026-06-18,C0773,P0144,E006,4,0.1,UPI,Delivered
O002000,2026-06-18,C0084,P0036,E035,3,0.05,UPI,Delivered
O002513,2026-06-18,C0801,P0068,E032,3,0.05,Credit Card,Delivered
O004051,2026-06-18,C0646,P0033,E027,5,0.0,Cash on Delivery,Delivered
O004115,2026-06-18,C0524,P0005,E023,4,0.0,Debit Card,Returned
O007384,2026-06-18,C0606,P0108,E012,2,0.05,UPI,Delivered
O008632,2026-06-18,C0891,P0114,E013,1,0.05,UPI,Delivered
O000431,2026-06-19,C0636,P0099,E019,4,0.0,Credit Card,Delivered
O000994,2026-06-19,C0062,P0020,E019,8,0.1,Debit Card,Delivered
O002616,2026-06-19,C0313,P0189,E046,3,0.15,Net Banking,Delivered
O002773,2026-06-19,C0313,P0057,E037,6,0.05,Credit Card,Delivered
O003687,2026-06-19,C0754,P0102,E026,3,0.0,UPI,Delivered
O004110,2026-06-19,C0161,P0061,E014,8,0.0,UPI,Delivered
O005425,2026-06-19,C0528,P0066,E030,5,0.05,Credit Card,Delivered
O006097,2026-06-19,C0847,P0080,E020,10,0.02,Cash on Delivery,Delivered
O007967,2026-06-19,C0629,P0136,E036,2,0.1,UPI,Delivered
O008579,2026-06-19,C0339,P0183,E039,4,0.2,Credit Card,Delivered
O008868,2026-06-19,C0931,P0150,E032,5,0.02,UPI,Delivered
O009515,2026-06-19,C0846,P0170,E030,2,0.0,UPI,Delivered
O002460,2026-06-20,C0830,P0042,E024,3,0.0,UPI,Shipped
O002546,2026-06-20,C0478,P0063,E004,4,0.05,Credit Card,Delivered
O002692,2026-06-20,C0611,P0151,E044,1,0.0,Cash on Delivery,Delivered
O003033,2026-06-20,C0349,P0011,E032,1,0.0,UPI,Delivered
O003091,2026-06-20,C0522,P0079,E048,1,0.0,Net Banking,Delivered
O003210,2026-06-20,C0853,P0114,E029,3,0.0,UPI,Delivered
O003557,2026-06-20,C0233,P0016,E015,2,0.05,UPI,Cancelled
O005531,2026-06-20,C0783,P0104,E030,1,0.0,Debit Card,Returned
O007099,2026-06-20,C0858,P0099,E009,2,0.0,UPI,Returned
O007278,2026-06-20,C0578,P0164,E046,1,0.0,Credit Card,Delivered
O008065,2026-06-20,C0104,P0004,E010,3,0.05,Net Banking,Delivered
O009669,2026-06-20,C0994,P0169,E011,1,0.0,Credit Card,Delivered
O000574,2026-06-21,C0679,P0195,E022,2,0.05,UPI,Returned
O002072,2026-06-21,C0559,P0067,E030,2,0.05,Net Banking,Delivered
O003056,2026-06-21,C0331,P0093,E037,5,0.1,Credit Card,Delivered
O005956,2026-06-21,C0199,P0093,E004,1,0.0,UPI,Delivered
O006016,2026-06-21,C0297,P0030,E039,8,0.0,Credit Card,Delivered
O007401,2026-06-21,C0147,P0008,E048,2,0.05,Net Banking,Delivered
O007802,2026-06-21,C0471,P0054,E008,1,0.15,Net Banking,Delivered
O008468,2026-06-21,C0171,P0114,E003,4,0.05,Credit Card,Delivered
O009380,2026-06-21,C0044,P0139,E034,4,0.1,Debit Card,Delivered
O009942,2026-06-21,C0884,P0164,E048,2,0.0,UPI,Delivered
O000964,2026-06-22,C0070,P0169,E039,1,0.05,Net Banking,Delivered
O002165,2026-06-22,C0843,P0085,E008,2,0.1,Cash on Delivery,Delivered
O002522,2026-06-22,C0073,P0046,E016,3,0.0,UPI,Delivered
O004098,2026-06-22,C0960,P0023,E003,3,0.1,Cash on Delivery,Delivered
O004256,2026-06-22,C0677,P0076,E024,3,0.05,Net Banking,Delivered
O004784,2026-06-22,C0617,P0134,E008,5,0.0,UPI,Delivered
O005866,2026-06-22,C0442,P0120,E045,2,0.1,Debit Card,Delivered
O006172,2026-06-22,C0322,P0176,E037,2,0.15,Debit Card,Delivered
O006552,2026-06-22,C0243,P0047,E035,1,0.02,Net Banking,Delivered
O006955,2026-06-22,C0872,P0051,E043,3,0.2,Cash on Delivery,Delivered
O007349,2026-06-22,C0909,P0096,E024,5,0.0,Credit Card,Delivered
O007666,2026-06-22,C0899,P0190,E009,2,0.05,Credit Card,Delivered
O008497,2026-06-22,C0610,P0010,E013,5,0.0,Debit Card,Delivered
O008643,2026-06-22,C0709,P0159,E035,1,0.0,Debit Card,Delivered
O000763,2026-06-23,C0936,P0147,E032,4,0.02,Net Banking,Delivered
O001616,2026-06-23,C0454,P0134,E033,4,0.02,Cash on Delivery,Delivered
O003055,2026-06-23,C0871,P0088,E020,2,0.0,UPI,Delivered
O003114,2026-06-23,C0706,P0113,E030,2,0.02,Net Banking,Delivered
O003701,2026-06-23,C0199,P0100,E008,6,0.05,UPI,Delivered
O008272,2026-06-23,C0451,P0092,E031,2,0.1,Credit Card,Delivered
O009479,2026-06-23,C0400,P0152,E046,10,0.15,Net Banking,Delivered
O009538,2026-06-23,C0609,P0173,E015,1,0.0,Net Banking,Delivered
O000068,2026-06-24,C0372,P0071,E050,1,0.1,UPI,Delivered
O000099,2026-06-24,C0115,P0179,E031,2,0.1,Cash on Delivery,Delivered
O001460,2026-06-24,C0687,P0036,E020,1,0.05,Net Banking,Delivered
O001789,2026-06-24,C0514,P0106,E021,2,0.0,Credit Card,Shipped
O001827,2026-06-24,C0809,P0046,E019,4,0.1,Debit Card,Cancelled
O002761,2026-06-24,C0099,P0168,E036,2,0.0,Debit Card,Shipped
O004965,2026-06-24,C0546,P0180,E026,2,0.0,UPI,Delivered
O005328,2026-06-24,C0308,P0042,E007,8,0.0,Credit Card,Delivered
O005769,2026-06-24,C0910,P0135,E033,3,0.05,UPI,Delivered
O006544,2026-06-24,C0578,P0125,E041,6,0.05,Net Banking,Delivered
O006877,2026-06-24,C0399,P0113,E046,2,0.05,Cash on Delivery,Cancelled
O007465,2026-06-24,C0409,P0049,E018,2,0.05,Net Banking,Delivered
O007835,2026-06-24,C0362,P0007,E025,6,0.0,Debit Card,Delivered
O008436,2026-06-24,C0877,P0107,E005,2,0.0,Net Banking,Delivered
O009885,2026-06-24,C0479,P0127,E011,4,0.1,UPI,Delivered
O000007,2026-06-25,C0222,P0162,E037,1,0.15,UPI,Shipped
O000079,2026-06-25,C0094,P0197,E015,1,0.02,Net Banking,Delivered
O000122,2026-06-25,C0717,P0149,E041,1,0.05,Debit Card,Delivered
O002189,2026-06-25,C0243,P0049,E022,8,0.05,Credit Card,Delivered
O003372,2026-06-25,C0586,P0195,E049,1,0.0,UPI,Delivered
O004663,2026-06-25,C0441,P0130,E031,1,0.1,UPI,Cancelled
O004720,2026-06-25,C0729,P0068,E017,2,0.05,Debit Card,Delivered
O006168,2026-06-25,C0836,P0111,E047,8,0.0,Debit Card,Returned
O006780,2026-06-25,C0412,P0055,E021,1,0.05,Credit Card,Delivered
O008095,2026-06-25,C0693,P0124,E024,2,0.1,Credit Card,Delivered
O008291,2026-06-25,C0659,P0163,E010,1,0.15,Credit Card,Delivered
O009563,2026-06-25,C0295,P0196,E025,3,0.05,UPI,Delivered
O009767,2026-06-25,C0809,P0088,E033,1,0.0,Net Banking,Delivered
O001114,2026-06-26,C0728,P0072,E019,3,0.0,Debit Card,Delivered
O002390,2026-06-26,C0125,P0120,E032,6,0.0,UPI,Returned
O002392,2026-06-26,C0111,P0188,E024,8,0.02,Debit Card,Delivered
O004358,2026-06-26,C0180,P0179,E043,6,0.02,UPI,Delivered
O005928,2026-06-26,C0755,P0165,E001,1,0.02,Credit Card,Delivered
O006156,2026-06-26,C0872,P0016,E025,1,0.0,Debit Card,Delivered
O006651,2026-06-26,C0778,P0170,E013,4,0.0,Cash on Delivery,Delivered
O006704,2026-06-26,C0258,P0162,E019,5,0.05,UPI,Delivered
O007128,2026-06-26,C0456,P0137,E038,1,0.0,Credit Card,Shipped
O007366,2026-06-26,C0514,P0191,E030,2,0.1,Debit Card,Delivered
O008381,2026-06-26,C0347,P0192,E017,2,0.05,Net Banking,Delivered
O008398,2026-06-26,C0260,P0020,E045,4,0.05,Cash on Delivery,Cancelled
O009354,2026-06-26,C0244,P0070,E037,2,0.05,Cash on Delivery,Delivered
O000286,2026-06-27,C0042,P0080,E037,2,0.05,Credit Card,Delivered
O000765,2026-06-27,C0496,P0173,E047,3,0.0,Cash on Delivery,Delivered
O000796,2026-06-27,C0490,P0024,E045,1,0.15,Net Banking,Cancelled
O003471,2026-06-27,C0323,P0069,E014,1,0.15,Net Banking,Delivered
O003656,2026-06-27,C0028,P0124,E024,2,0.2,Cash on Delivery,Returned
O005479,2026-06-27,C0087,P0029,E019,1,0.0,Debit Card,Cancelled
O006789,2026-06-27,C0504,P0107,E009,4,0.0,Debit Card,Cancelled
O009371,2026-06-27,C0620,P0050,E007,1,0.0,Credit Card,Delivered
O000699,2026-06-28,C0319,P0176,E038,3,0.1,Debit Card,Delivered
O001393,2026-06-28,C0443,P0185,E010,1,0.05,Net Banking,Delivered
O003314,2026-06-28,C0591,P0102,E013,3,0.05,Debit Card,Delivered
O004642,2026-06-28,C0174,P0007,E026,3,0.0,Cash on Delivery,Delivered
O004832,2026-06-28,C0438,P0163,E049,1,0.1,Credit Card,Delivered
O005158,2026-06-28,C0332,P0155,E040,1,0.02,Net Banking,Delivered
O006017,2026-06-28,C0303,P0005,E008,3,0.0,Debit Card,Shipped
O006245,2026-06-28,C0014,P0077,E005,5,0.05,Debit Card,Delivered
O006735,2026-06-28,C0503,P0192,E040,3,0.0,Credit Card,Delivered
O008397,2026-06-28,C0269,P0183,E026,2,0.0,UPI,Delivered
O000179,2026-06-29,C0679,P0023,E028,1,0.1,UPI,Delivered
O000781,2026-06-29,C0134,P0094,E003,3,0.0,Net Banking,Delivered
O000900,2026-06-29,C0450,P0141,E008,8,0.0,Cash on Delivery,Delivered
O002264,2026-06-29,C0780,P0033,E006,2,0.05,UPI,Delivered
O003872,2026-06-29,C0773,P0001,E031,4,0.02,Credit Card,Delivered
O004322,2026-06-29,C0063,P0024,E010,2,0.05,UPI,Delivered
O007634,2026-06-29,C0527,P0167,E040,1,0.05,Net Banking,Delivered
O007980,2026-06-29,C0847,P0166,E048,8,0.0,Net Banking,Delivered
O008647,2026-06-29,C0675,P0024,E022,2,0.0,Cash on Delivery,Delivered
O009132,2026-06-29,C0756,P0052,E028,2,0.0,Debit Card,Delivered
O000082,2026-06-30,C0285,P0137,E025,1,0.1,Debit Card,Delivered
O000512,2026-06-30,C0562,P0146,E028,5,0.0,Net Banking,Delivered
O000993,2026-06-30,C0926,P0010,E021,5,0.02,Debit Card,Delivered
O001476,2026-06-30,C0167,P0131,E014,1,0.15,Net Banking,Delivered
O002204,2026-06-30,C0252,P0158,E034,1,0.05,Net Banking,Delivered
O005148,2026-06-30,C0260,P0077,E030,6,0.05,Debit Card,Delivered
O005513,2026-06-30,C0076,P0067,E046,3,0.0,UPI,Delivered
O007262,2026-06-30,C0332,P0046,E016,6,0.0,Net Banking,Delivered
O007644,2026-06-30,C0482,P0091,E004,2,0.0,Cash on Delivery,Delivered
O007930,2026-06-30,C0713,P0112,E024,3,0.05,Cash on Delivery,Shipped
O008824,2026-06-30,C0247,P0179,E036,2,0.1,Credit Card,Delivered
O009823,2026-06-30,C0509,P0059,E006,3,0.1,Credit Card,Delivered
O001821,2026-07-01,C0907,P0145,E042,3,0.05,Cash on Delivery,Delivered
O002061,2026-07-01,C0425,P0164,E016,8,0.0,Debit Card,Delivered
O002332,2026-07-01,C0459,P0035,E044,4,0.0,Net Banking,Delivered
O002947,2026-07-01,C0281,P0129,E002,3,0.0,Net Banking,Delivered
O002954,2026-07-01,C0248,P0142,E015,3,0.0,UPI,Delivered
O003901,2026-07-01,C0764,P0145,E013,3,0.0,UPI,Delivered
O003962,2026-07-01,C0314,P0036,E016,1,0.15,Cash on Delivery,Delivered
O004651,2026-07-01,C0914,P0108,E025,3,0.05,Cash on Delivery,Delivered
O005205,2026-07-01,C0188,P0117,E035,4,0.1,UPI,Cancelled
O005346,2026-07-01,C0281,P0033,E048,2,0.1,UPI,Delivered
O006025,2026-07-01,C0420,P0146,E009,3,0.0,UPI,Cancelled
O000250,2026-07-02,C0653,P0109,E002,1,0.15,Credit Card,Delivered
O000876,2026-07-02,C0361,P0032,E009,1,0.05,Debit Card,Delivered
O001342,2026-07-02,C0533,P0093,E011,3,0.0,Credit Card,Shipped
O001458,2026-07-02,C0523,P0032,E041,3,0.05,Net Banking,Delivered
O001940,2026-07-02,C0223,P0086,E020,2,0.05,UPI,Delivered
O002262,2026-07-02,C0686,P0056,E036,5,0.02,Credit Card,Delivered
O002975,2026-07-02,C0578,P0139,E011,1,0.1,UPI,Delivered
O004201,2026-07-02,C0760,P0088,E027,1,0.0,Credit Card,Delivered
O005591,2026-07-02,C0441,P0022,E011,2,0.05,Credit Card,Delivered
O005844,2026-07-02,C0211,P0113,E004,1,0.05,Cash on Delivery,Delivered
O006713,2026-07-02,C0935,P0013,E043,1,0.05,Credit Card,Delivered
O007048,2026-07-02,C0558,P0072,E005,5,0.0,Net Banking,Delivered
O007564,2026-07-02,C0894,P0123,E011,2,0.1,Credit Card,Delivered
O009574,2026-07-02,C0689,P0111,E037,1,0.0,Cash on Delivery,Delivered
O009888,2026-07-02,C0975,P0059,E016,2,0.15,Credit Card,Delivered
O000229,2026-07-03,C0419,P0018,E045,4,0.0,Credit Card,Delivered
O000555,2026-07-03,C0199,P0122,E005,2,0.2,UPI,Delivered
O000637,2026-07-03,C0205,P0065,E025,10,0.0,Net Banking,Delivered
O002215,2026-07-03,C0204,P0001,E037,1,0.1,Cash on Delivery,Delivered
O002833,2026-07-03,C0489,P0159,E026,3,0.05,Credit Card,Delivered
O004673,2026-07-03,C0869,P0009,E030,2,0.05,Debit Card,Delivered
O006131,2026-07-03,C0737,P0016,E045,2,0.02,Cash on Delivery,Delivered
O006208,2026-07-03,C0334,P0065,E025,1,0.15,UPI,Delivered
O006500,2026-07-03,C0173,P0023,E046,2,0.0,UPI,Delivered
O008201,2026-07-03,C0438,P0059,E028,3,0.0,UPI,Delivered
O009141,2026-07-03,C0349,P0048,E010,3,0.15,Credit Card,Delivered
O000323,2026-07-04,C0135,P0139,E035,3,0.02,Debit Card,Delivered
O002059,2026-07-04,C0810,P0199,E038,2,0.05,Debit Card,Delivered
O002936,2026-07-04,C0385,P0065,E045,2,0.0,Credit Card,Delivered
O004058,2026-07-04,C0243,P0084,E026,3,0.0,UPI,Delivered
O004920,2026-07-04,C0629,P0007,E028,5,0.05,Credit Card,Delivered
O004941,2026-07-04,C0214,P0120,E010,1,0.2,Debit Card,Delivered
O005387,2026-07-04,C0468,P0096,E005,2,0.0,Credit Card,Delivered
O007065,2026-07-04,C0236,P0027,E031,1,0.05,UPI,Delivered
O008496,2026-07-04,C0880,P0035,E002,1,0.2,Debit Card,Delivered
O008991,2026-07-04,C0883,P0015,E023,1,0.02,Debit Card,Delivered
O000657,2026-07-05,C0536,P0031,E033,2,0.0,UPI,Delivered
O003599,2026-07-05,C0899,P0167,E046,6,0.05,UPI,Delivered
O003919,2026-07-05,C0808,P0138,E035,1,0.0,Credit Card,Returned
O005907,2026-07-05,C0177,P0038,E018,1,0.0,Credit Card,Shipped
O006608,2026-07-05,C0398,P0159,E039,1,0.02,Net Banking,Delivered
O006949,2026-07-05,C0867,P0185,E017,4,0.05,UPI,Delivered
O008152,2026-07-05,C0551,P0127,E001,3,0.0,Debit Card,Cancelled
O008420,2026-07-05,C0308,P0006,E024,1,0.15,UPI,Delivered
O009107,2026-07-05,C0130,P0155,E042,2,0.0,Debit Card,Delivered
O009476,2026-07-05,C0798,P0156,E022,2,0.0,Debit Card,Delivered
O000490,2026-07-06,C0816,P0075,E037,1,0.2,Net Banking,Delivered
O001046,2026-07-06,C0400,P0025,E036,1,0.0,Net Banking,Delivered
O002656,2026-07-06,C0775,P0016,E011,1,0.0,UPI,Delivered
O002799,2026-07-06,C0881,P0025,E006,1,0.02,Net Banking,Delivered
O003660,2026-07-06,C0693,P0087,E014,5,0.02,UPI,Delivered
O003938,2026-07-06,C0353,P0006,E015,1,0.05,UPI,Shipped
O004181,2026-07-06,C0664,P0026,E041,2,0.02,UPI,Delivered
O004268,2026-07-06,C0070,P0092,E020,2,0.1,Credit Card,Delivered
O004724,2026-07-06,C0125,P0156,E021,8,0.02,UPI,Delivered
O005074,2026-07-06,C0198,P0154,E045,2,0.2,Cash on Delivery,Delivered
O005367,2026-07-06,C0489,P0160,E004,4,0.0,Credit Card,Delivered
O006298,2026-07-06,C0462,P0174,E034,4,0.05,Credit Card,Returned
O007220,2026-07-06,C0683,P0197,E029,3,0.0,UPI,Delivered
O009149,2026-07-06,C0557,P0047,E018,1,0.05,UPI,Delivered
O009222,2026-07-06,C0721,P0179,E043,3,0.02,UPI,Delivered
O000663,2026-07-07,C0102,P0146,E025,5,0.1,Debit Card,Delivered
O001270,2026-07-07,C0867,P0107,E028,2,0.15,UPI,Delivered
O001968,2026-07-07,C0458,P0028,E027,3,0.1,Debit Card,Returned
O004445,2026-07-07,C0307,P0171,E033,1,0.1,UPI,Delivered
O004612,2026-07-07,C0603,P0080,E049,6,0.02,Credit Card,Delivered
O005208,2026-07-07,C0097,P0119,E020,10,0.05,Debit Card,Delivered
O005388,2026-07-07,C0922,P0177,E024,1,0.0,UPI,Delivered
O006330,2026-07-07,C0497,P0094,E047,1,0.05,Net Banking,Delivered
O007833,2026-07-07,C0399,P0146,E036,1,0.05,Net Banking,Delivered
O008938,2026-07-07,C0657,P0127,E041,1,0.0,Net Banking,Delivered
O009262,2026-07-07,C0273,P0163,E034,1,0.0,Cash on Delivery,Delivered
O002085,2026-07-08,C0124,P0189,E031,3,0.05,UPI,Shipped
O002160,2026-07-08,C0909,P0199,E015,2,0.05,Credit Card,Delivered
O002551,2026-07-08,C0629,P0125,E050,4,0.1,Debit Card,Returned
O002561,2026-07-08,C0923,P0093,E029,4,0.1,Net Banking,Delivered
O004559,2026-07-08,C0222,P0031,E049,1,0.05,Debit Card,Delivered
O004846,2026-07-08,C0843,P0134,E022,1,0.0,Cash on Delivery,Delivered
O007252,2026-07-08,C0135,P0146,E026,1,0.1,Net Banking,Delivered
O007271,2026-07-08,C0888,P0089,E022,5,0.2,UPI,Delivered
O008502,2026-07-08,C0071,P0089,E037,4,0.0,UPI,Delivered
O001078,2026-07-09,C0670,P0073,E012,2,0.1,UPI,Delivered
O001895,2026-07-09,C0529,P0068,E033,4,0.0,Credit Card,Shipped
O002197,2026-07-09,C0963,P0004,E028,2,0.1,Net Banking,Delivered
O002324,2026-07-09,C0682,P0142,E034,2,0.05,Debit Card,Delivered
O003388,2026-07-09,C0701,P0062,E015,2,0.0,UPI,Delivered
O004636,2026-07-09,C0285,P0133,E021,2,0.02,Credit Card,Delivered
O005111,2026-07-09,C0191,P0120,E014,5,0.15,Credit Card,Shipped
O006000,2026-07-09,C0021,P0187,E007,1,0.0,UPI,Delivered
O006271,2026-07-09,C0022,P0014,E031,5,0.05,Debit Card,Delivered
O007140,2026-07-09,C0847,P0126,E025,5,0.05,Debit Card,Delivered
O007230,2026-07-09,C0270,P0047,E047,1,0.02,Net Banking,Delivered
O007273,2026-07-09,C0828,P0108,E008,1,0.1,Cash on Delivery,Delivered
O008228,2026-07-09,C0418,P0127,E022,2,0.15,Debit Card,Delivered
O008984,2026-07-09,C0276,P0141,E042,5,0.02,Cash on Delivery,Shipped
O009519,2026-07-09,C0661,P0113,E048,1,0.05,Credit Card,Delivered
O001772,2026-07-10,C0282,P0028,E017,1,0.0,Net Banking,Delivered
O001848,2026-07-10,C0603,P0075,E005,2,0.0,Credit Card,Delivered
O003440,2026-07-10,C0101,P0003,E026,2,0.05,Net Banking,Delivered
O003607,2026-07-10,C0996,P0089,E027,2,0.0,Net Banking,Delivered
O006276,2026-07-10,C0564,P0114,E045,1,0.15,UPI,Delivered
O006742,2026-07-10,C0054,P0178,E017,1,0.05,Net Banking,Delivered
O006997,2026-07-10,C0104,P0058,E031,2,0.0,Debit Card,Delivered
O007079,2026-07-10,C0980,P0006,E028,1,0.15,Debit Card,Delivered
O007298,2026-07-10,C0744,P0182,E015,2,0.1,Net Banking,Cancelled
O009281,2026-07-10,C0099,P0196,E047,3,0.0,Net Banking,Delivered
O009588,2026-07-10,C0111,P0143,E005,1,0.0,Cash on Delivery,Delivered
O009941,2026-07-10,C0222,P0040,E009,4,0.0,UPI,Delivered
O000289,2026-07-11,C0525,P0093,E009,3,0.05,UPI,Delivered
O003597,2026-07-11,C0288,P0134,E037,2,0.0,Credit Card,Delivered
O003838,2026-07-11,C0833,P0107,E029,6,0.0,UPI,Delivered
O004396,2026-07-11,C0353,P0014,E041,1,0.0,Credit Card,Delivered
O004458,2026-07-11,C0693,P0036,E006,2,0.0,Cash on Delivery,Delivered
O006053,2026-07-11,C0869,P0129,E030,3,0.05,UPI,Delivered
O006965,2026-07-11,C0077,P0079,E005,4,0.1,Net Banking,Delivered
O007043,2026-07-11,C0353,P0126,E024,2,0.02,Net Banking,Shipped
O007706,2026-07-11,C0655,P0158,E025,1,0.2,Net Banking,Delivered
O000342,2026-07-12,C0462,P0088,E034,4,0.02,Cash on Delivery,Cancelled
O000514,2026-07-12,C0199,P0095,E045,2,0.0,Debit Card,Delivered
O000697,2026-07-12,C0292,P0063,E039,2,0.02,Net Banking,Shipped
O001706,2026-07-12,C0806,P0105,E050,5,0.05,Cash on Delivery,Delivered
O002344,2026-07-12,C0111,P0113,E027,2,0.05,Net Banking,Delivered
O002401,2026-07-12,C0425,P0139,E035,4,0.0,Net Banking,Delivered
O002402,2026-07-12,C0645,P0095,E043,1,0.2,Debit Card,Delivered
O002479,2026-07-12,C0619,P0008,E041,6,0.1,UPI,Delivered
O002723,2026-07-12,C0619,P0087,E016,10,0.1,UPI,Delivered
O002727,2026-07-12,C0444,P0162,E048,1,0.02,Credit Card,Delivered
O004835,2026-07-12,C0683,P0093,E021,3,0.15,Net Banking,Delivered
O005606,2026-07-12,C0790,P0104,E010,2,0.0,Credit Card,Delivered
O006223,2026-07-12,C0448,P0055,E022,1,0.05,Credit Card,Delivered
O006751,2026-07-12,C0596,P0059,E046,8,0.0,Debit Card,Delivered
O007813,2026-07-12,C0928,P0121,E027,4,0.1,Debit Card,Delivered
O008316,2026-07-12,C0873,P0102,E045,4,0.0,Credit Card,Delivered
O008793,2026-07-12,C0976,P0129,E050,5,0.05,Cash on Delivery,Delivered
O002657,2026-07-13,C0072,P0169,E030,2,0.0,Net Banking,Delivered
O004132,2026-07-13,C0812,P0097,E005,6,0.1,Cash on Delivery,Returned
O004440,2026-07-13,C0901,P0108,E022,3,0.1,UPI,Delivered
O004704,2026-07-13,C0558,P0155,E049,6,0.0,UPI,Delivered
O009714,2026-07-13,C0912,P0161,E009,2,0.05,Debit Card,Delivered
O000315,2026-07-14,C0639,P0043,E022,5,0.02,Credit Card,Delivered
O000642,2026-07-14,C0754,P0013,E040,6,0.1,Debit Card,Delivered
O002391,2026-07-14,C0781,P0163,E015,2,0.0,UPI,Delivered
O002515,2026-07-14,C0674,P0014,E027,5,0.0,UPI,Delivered
O003431,2026-07-14,C0792,P0072,E037,2,0.15,UPI,Shipped
O003452,2026-07-14,C0931,P0195,E036,8,0.0,Cash on Delivery,Delivered
O004881,2026-07-14,C0648,P0023,E041,3,0.0,UPI,Delivered
O005032,2026-07-14,C0704,P0078,E013,1,0.02,Net Banking,Delivered
O006734,2026-07-14,C0973,P0016,E002,1,0.0,UPI,Delivered
O007507,2026-07-14,C0637,P0142,E027,8,0.02,Net Banking,Delivered
O007518,2026-07-14,C0274,P0166,E039,2,0.1,Net Banking,Delivered
O007561,2026-07-14,C0602,P0187,E041,4,0.05,Credit Card,Shipped
O008463,2026-07-14,C0429,P0106,E035,5,0.02,Debit Card,Returned
O000059,2026-07-15,C0438,P0152,E022,1,0.05,Debit Card,Returned
O001943,2026-07-15,C0400,P0006,E021,4,0.05,Net Banking,Delivered
O002708,2026-07-15,C0436,P0192,E019,3,0.1,Debit Card,Delivered
O004595,2026-07-15,C0856,P0027,E008,3,0.0,UPI,Delivered
O005098,2026-07-15,C0205,P0038,E008,5,0.1,UPI,Delivered
O006859,2026-07-15,C0759,P0162,E010,1,0.05,Credit Card,Delivered
O008804,2026-07-15,C0858,P0200,E011,1,0.05,Credit Card,Delivered
O000225,2026-07-16,C0073,P0077,E025,2,0.0,UPI,Delivered
O001978,2026-07-16,C0484,P0094,E050,4,0.05,UPI,Delivered
O002201,2026-07-16,C0765,P0146,E032,3,0.02,Debit Card,Delivered
O002271,2026-07-16,C0201,P0183,E008,8,0.0,Net Banking,Returned
O002359,2026-07-16,C0123,P0005,E009,5,0.05,Net Banking,Delivered
O002892,2026-07-16,C0351,P0194,E019,2,0.2,Cash on Delivery,Shipped
O003309,2026-07-16,C0133,P0127,E020,4,0.02,UPI,Returned
O004683,2026-07-16,C0180,P0084,E046,2,0.1,Debit Card,Delivered
O005493,2026-07-16,C0350,P0131,E009,10,0.05,Credit Card,Cancelled
O006547,2026-07-16,C0061,P0140,E011,10,0.05,UPI,Delivered
O006668,2026-07-16,C0583,P0134,E041,3,0.1,UPI,Delivered
O007014,2026-07-16,C0407,P0016,E030,2,0.0,UPI,Delivered
O007795,2026-07-16,C0309,P0013,E041,8,0.0,Net Banking,Delivered
O007993,2026-07-16,C0729,P0197,E049,2,0.0,UPI,Delivered
O008860,2026-07-16,C0346,P0068,E009,4,0.05,Net Banking,Delivered
O000941,2026-07-17,C0925,P0178,E023,5,0.0,Credit Card,Returned
O002567,2026-07-17,C0092,P0111,E027,1,0.0,Debit Card,Delivered
O003504,2026-07-17,C0821,P0159,E040,1,0.0,Debit Card,Delivered
O003879,2026-07-17,C0466,P0080,E041,2,0.02,Net Banking,Delivered
O004122,2026-07-17,C0676,P0123,E047,2,0.02,Net Banking,Delivered
O004450,2026-07-17,C0171,P0169,E047,2,0.0,Cash on Delivery,Shipped
O005836,2026-07-17,C0268,P0047,E020,8,0.0,Net Banking,Delivered
O006503,2026-07-17,C0372,P0134,E002,3,0.2,Credit Card,Delivered
O006522,2026-07-17,C0189,P0135,E042,2,0.0,Credit Card,Delivered
O006672,2026-07-17,C0045,P0058,E019,4,0.02,Net Banking,Delivered
O006822,2026-07-17,C0911,P0035,E029,3,0.02,Net Banking,Delivered
O008246,2026-07-17,C0283,P0129,E033,3,0.1,Net Banking,Delivered
O009768,2026-07-17,C0926,P0101,E021,3,0.02,Debit Card,Delivered
O001085,2026-07-18,C0877,P0080,E009,2,0.05,Net Banking,Delivered
O001211,2026-07-18,C0426,P0031,E042,2,0.0,UPI,Delivered
O001530,2026-07-18,C0480,P0095,E009,3,0.02,Debit Card,Delivered
O003512,2026-07-18,C0931,P0193,E015,4,0.0,Debit Card,Delivered
O004773,2026-07-18,C0533,P0027,E028,3,0.05,UPI,Delivered
O005646,2026-07-18,C0437,P0041,E034,2,0.0,Credit Card,Delivered
O006591,2026-07-18,C0754,P0032,E034,5,0.0,UPI,Delivered
O007259,2026-07-18,C0425,P0033,E036,1,0.05,Net Banking,Delivered
O007382,2026-07-18,C0596,P0178,E030,8,0.15,UPI,Delivered
O008266,2026-07-18,C0168,P0050,E019,2,0.05,Net Banking,Delivered
O009680,2026-07-18,C0489,P0030,E034,4,0.05,Credit Card,Delivered
O000813,2026-07-19,C0851,P0167,E011,2,0.05,Credit Card,Delivered
O001489,2026-07-19,C0863,P0199,E019,3,0.05,Net Banking,Delivered
O002342,2026-07-19,C0875,P0122,E027,3,0.0,UPI,Delivered
O002407,2026-07-19,C0144,P0133,E027,1,0.0,Net Banking,Cancelled
O002792,2026-07-19,C0611,P0186,E009,2,0.02,Debit Card,Cancelled
O003549,2026-07-19,C0540,P0193,E049,1,0.0,Credit Card,Delivered
O005201,2026-07-19,C0182,P0053,E011,10,0.05,Credit Card,Delivered
O007243,2026-07-19,C0911,P0150,E027,2,0.02,Net Banking,Cancelled
O009487,2026-07-19,C0523,P0097,E035,3,0.0,Debit Card,Delivered
O009549,2026-07-19,C0784,P0177,E037,1,0.1,Credit Card,Delivered
O009750,2026-07-19,C0326,P0022,E044,1,0.05,Debit Card,Shipped
O009791,2026-07-19,C0456,P0137,E025,3,0.1,Credit Card,Delivered
O009943,2026-07-19,C0157,P0138,E029,4,0.0,UPI,Delivered
O000549,2026-07-20,C0725,P0038,E004,1,0.0,UPI,Delivered
O002118,2026-07-20,C0311,P0183,E027,2,0.0,Net Banking,Delivered
O003950,2026-07-20,C0867,P0159,E003,1,0.0,Debit Card,Delivered
O004929,2026-07-20,C0088,P0015,E027,1,0.1,Debit Card,Delivered
O005508,2026-07-20,C0551,P0168,E024,3,0.02,UPI,Returned
O007744,2026-07-20,C0997,P0088,E014,1,0.2,Credit Card,Delivered
O008269,2026-07-20,C0617,P0059,E049,4,0.02,Cash on Delivery,Delivered
O008675,2026-07-20,C0243,P0125,E047,3,0.2,Cash on Delivery,Delivered
O008900,2026-07-20,C0908,P0131,E017,2,0.05,UPI,Delivered
O009040,2026-07-20,C0346,P0080,E006,2,0.0,Credit Card,Delivered
O001604,2026-07-21,C0671,P0160,E040,3,0.2,UPI,Cancelled
O002760,2026-07-21,C0962,P0062,E023,1,0.05,UPI,Delivered
O003243,2026-07-21,C0611,P0067,E020,3,0.1,Debit Card,Delivered
O004460,2026-07-21,C0334,P0003,E007,2,0.05,Debit Card,Delivered
O008987,2026-07-21,C0416,P0053,E040,2,0.0,Credit Card,Shipped
O009186,2026-07-21,C0628,P0084,E019,10,0.0,Debit Card,Delivered
O009870,2026-07-21,C0423,P0120,E036,2,0.0,Debit Card,Delivered
O000700,2026-07-22,C0764,P0131,E044,2,0.2,Credit Card,Shipped
O001553,2026-07-22,C0922,P0039,E013,4,0.0,Debit Card,Delivered
O004488,2026-07-22,C0041,P0081,E009,2,0.0,Credit Card,Shipped
O005584,2026-07-22,C0140,P0056,E042,1,0.1,Credit Card,Delivered
O005754,2026-07-22,C0734,P0094,E039,2,0.05,Debit Card,Delivered
O007469,2026-07-22,C0663,P0067,E005,6,0.05,Debit Card,Delivered
O007787,2026-07-22,C0079,P0052,E046,2,0.0,Cash on Delivery,Delivered
O009566,2026-07-22,C0235,P0066,E032,4,0.0,Net Banking,Delivered
O000029,2026-07-23,C0232,P0114,E017,3,0.02,Debit Card,Delivered
O000333,2026-07-23,C0468,P0147,E011,1,0.15,UPI,Delivered
O000652,2026-07-23,C0784,P0096,E025,3,0.1,Debit Card,Delivered
O000888,2026-07-23,C0999,P0106,E024,4,0.05,Net Banking,Delivered
O001265,2026-07-23,C0679,P0165,E015,2,0.15,Credit Card,Returned
O001280,2026-07-23,C0583,P0098,E037,1,0.05,Net Banking,Delivered
O001984,2026-07-23,C0135,P0047,E032,5,0.05,Debit Card,Delivered
O003624,2026-07-23,C0468,P0040,E009,3,0.0,UPI,Delivered
O003705,2026-07-23,C0929,P0045,E023,6,0.0,UPI,Delivered
O004043,2026-07-23,C0218,P0156,E049,2,0.1,Credit Card,Delivered
O006627,2026-07-23,C0859,P0158,E020,3,0.15,UPI,Delivered
O008333,2026-07-23,C0426,P0003,E033,2,0.05,Net Banking,Delivered
O008717,2026-07-23,C0383,P0186,E043,4,0.0,Credit Card,Cancelled
O000162,2026-07-24,C0777,P0073,E044,3,0.02,UPI,Cancelled
O001246,2026-07-24,C0767,P0042,E034,1,0.05,Cash on Delivery,Delivered
O001364,2026-07-24,C0954,P0017,E009,3,0.0,UPI,Delivered
O002621,2026-07-24,C0880,P0123,E007,3,0.05,Net Banking,Delivered
O003642,2026-07-24,C0094,P0044,E008,5,0.05,Net Banking,Delivered
O005626,2026-07-24,C0923,P0020,E021,3,0.02,Credit Card,Delivered
O005924,2026-07-24,C0097,P0038,E018,5,0.02,Net Banking,Delivered
O005949,2026-07-24,C0206,P0070,E030,1,0.02,Cash on Delivery,Delivered
O006398,2026-07-24,C0291,P0139,E028,3,0.1,Net Banking,Delivered
O006864,2026-07-24,C0995,P0176,E034,4,0.15,UPI,Delivered
O009626,2026-07-24,C0674,P0073,E015,5,0.05,Net Banking,Delivered
O009867,2026-07-24,C0853,P0177,E033,1,0.0,UPI,Delivered
O000659,2026-07-25,C0471,P0091,E035,1,0.0,UPI,Delivered
O002456,2026-07-25,C0670,P0131,E021,2,0.1,Net Banking,Delivered
O003154,2026-07-25,C0737,P0091,E005,4,0.1,Credit Card,Shipped
O006344,2026-07-25,C0031,P0143,E015,3,0.15,UPI,Delivered
O006736,2026-07-25,C0224,P0114,E002,3,0.02,Credit Card,Delivered
O007587,2026-07-25,C0803,P0107,E043,4,0.02,UPI,Delivered
O007766,2026-07-25,C0913,P0077,E016,5,0.05,Credit Card,Delivered
O009278,2026-07-25,C0619,P0078,E005,4,0.05,Credit Card,Delivered
O000370,2026-07-26,C0950,P0105,E007,1,0.0,UPI,Returned
O003615,2026-07-26,C0020,P0023,E027,2,0.0,UPI,Delivered
O004711,2026-07-26,C0307,P0072,E041,2,0.05,Credit Card,Delivered
O004786,2026-07-26,C0743,P0047,E033,2,0.2,UPI,Delivered
O004901,2026-07-26,C0589,P0138,E031,1,0.0,Net Banking,Delivered
O005739,2026-07-26,C0749,P0053,E042,5,0.05,UPI,Delivered
O007431,2026-07-26,C0648,P0073,E032,4,0.0,Credit Card,Delivered
O008204,2026-07-26,C0400,P0084,E025,5,0.0,Debit Card,Shipped
O000002,2026-07-27,C0374,P0083,E032,3,0.05,Net Banking,Shipped
O000248,2026-07-27,C0880,P0141,E014,4,0.15,Net Banking,Cancelled
O000983,2026-07-27,C0773,P0145,E040,2,0.05,Debit Card,Returned
O002002,2026-07-27,C0847,P0060,E005,2,0.0,UPI,Delivered
O002673,2026-07-27,C0686,P0009,E007,6,0.1,UPI,Delivered
O006416,2026-07-27,C0562,P0036,E003,1,0.1,Credit Card,Delivered
O006537,2026-07-27,C0866,P0013,E024,2,0.0,UPI,Delivered
O007233,2026-07-27,C0948,P0009,E038,4,0.0,Credit Card,Returned
O009133,2026-07-27,C0884,P0200,E007,6,0.0,UPI,Delivered
O000388,2026-07-28,C0244,P0082,E014,2,0.1,Net Banking,Delivered
O001655,2026-07-28,C0393,P0138,E038,3,0.2,UPI,Cancelled
O002269,2026-07-28,C0764,P0038,E046,2,0.0,Credit Card,Delivered
O003173,2026-07-28,C0860,P0047,E048,2,0.0,UPI,Delivered
O004301,2026-07-28,C0174,P0048,E026,2,0.1,Credit Card,Delivered
O005921,2026-07-28,C0765,P0161,E026,2,0.0,Net Banking,Cancelled
O007636,2026-07-28,C0237,P0005,E006,2,0.02,Debit Card,Delivered
O007987,2026-07-28,C0258,P0131,E004,3,0.05,Credit Card,Cancelled
O008348,2026-07-28,C0098,P0019,E043,6,0.05,UPI,Returned
O008697,2026-07-28,C0652,P0125,E003,4,0.15,Net Banking,Delivered
O008781,2026-07-28,C0657,P0123,E048,1,0.02,Credit Card,Delivered
O009172,2026-07-28,C0778,P0054,E050,1,0.05,Net Banking,Delivered
O000869,2026-07-29,C0984,P0051,E015,2,0.15,Net Banking,Delivered
O002552,2026-07-29,C0061,P0026,E040,6,0.0,Net Banking,Delivered
O003476,2026-07-29,C0639,P0111,E035,2,0.0,Net Banking,Delivered
O003662,2026-07-29,C0615,P0009,E023,8,0.2,UPI,Shipped
O006652,2026-07-29,C0964,P0168,E038,2,0.0,Credit Card,Delivered
O006754,2026-07-29,C0745,P0128,E043,2,0.05,Net Banking,Delivered
O008129,2026-07-29,C0761,P0136,E030,4,0.15,Net Banking,Delivered
O001505,2026-07-30,C0941,P0147,E017,1,0.15,Net Banking,Delivered
O002711,2026-07-30,C0463,P0081,E010,1,0.0,Credit Card,Delivered
O003502,2026-07-30,C0062,P0006,E003,3,0.05,Net Banking,Delivered
O007054,2026-07-30,C0391,P0053,E020,3,0.02,Credit Card,Delivered
O007479,2026-07-30,C0646,P0072,E012,2,0.05,Credit Card,Delivered
O009752,2026-07-30,C0999,P0010,E049,1,0.0,Net Banking,Delivered
O009805,2026-07-30,C0677,P0176,E043,6,0.02,Credit Card,Delivered
O001352,2026-07-31,C0799,P0039,E031,2,0.15,UPI,Delivered
O001490,2026-07-31,C0670,P0047,E016,10,0.02,Debit Card,Delivered
O002606,2026-07-31,C0195,P0117,E045,1,0.05,Net Banking,Delivered
O003098,2026-07-31,C0915,P0094,E016,5,0.0,Net Banking,Delivered
O003159,2026-07-31,C0058,P0088,E030,2,0.0,Cash on Delivery,Delivered
O003284,2026-07-31,C0040,P0177,E038,2,0.05,UPI,Delivered
O004045,2026-07-31,C0591,P0189,E031,3,0.1,Credit Card,Delivered
O005337,2026-07-31,C0206,P0180,E033,2,0.0,Net Banking,Delivered
O007266,2026-07-31,C0696,P0138,E005,2,0.1,UPI,Delivered
O007573,2026-07-31,C0020,P0134,E021,1,0.05,Net Banking,Delivered
O008115,2026-07-31,C0701,P0170,E010,2,0.05,Credit Card,Cancelled
O008370,2026-07-31,C0867,P0001,E029,5,0.0,UPI,Delivered
O008928,2026-07-31,C0332,P0196,E021,1,0.1,UPI,Delivered
O009117,2026-07-31,C0042,P0198,E034,1,0.0,UPI,Delivered
